2024-11-19 19:14:38,529 [INFO] Activator:176 - 


2024-11-19 19:14:38,534 [INFO] Activator:177 - !SESSION log4j initialized
2024-11-19 19:14:43,403 [INFO] LogOutputStream:77 - [STDOUT_REDIRECT] 
2024-11-19 19:14:44,678 [INFO] ApplicationProperties:184 - Using Application install path: /opt/st/stm32cubeide_1.16.1/plugins/com.st.stm32cube.common.mx_6.12.1.202409122256
2024-11-19 19:14:44,706 [INFO] DbMcusXml:78 - Set database path to: /opt/st/stm32cubeide_1.16.1/plugins/com.st.stm32cube.common.mx_6.12.1.202409122256//db//mcu/
2024-11-19 19:14:44,707 [INFO] ApiDb:274 - Set plugin database path to: /opt/st/stm32cubeide_1.16.1/plugins/com.st.stm32cube.common.mx_6.12.1.202409122256//db//plugins/boardmanager/
2024-11-19 19:14:44,707 [WARN] ApiDb:259 - Overriding images path with different value:  => /opt/st/stm32cubeide_1.16.1/plugins/com.st.stm32cube.common.mx_6.12.1.202409122256//db//plugins/mcufinder/images/
2024-11-19 19:14:44,716 [INFO] ApiDb:250 - Set database path to: /home/kireiji/.stmcufinder/plugins/mcufinder//mcu/
2024-11-19 19:14:44,717 [INFO] DbMcusAds:125 - Set database path to: /home/kireiji/.stmcufinder/plugins/mcufinder//mcu/
2024-11-19 19:14:44,720 [INFO] CrossReferenceDbSqlite:203 - Set database path to: /home/kireiji/.stmcufinder/plugins/mcufinder//mcu/cs/
2024-11-19 19:14:44,918 [INFO] RulesReader:64 - Compatibility file has been processed (297 Rules)
2024-11-19 19:14:45,066 [INFO] DbMcusXml:78 - Set database path to: /opt/st/stm32cubeide_1.16.1/plugins/com.st.stm32cube.common.mx_6.12.1.202409122256//db//mcu/
2024-11-19 19:14:45,066 [INFO] ApiDb:274 - Set plugin database path to: /opt/st/stm32cubeide_1.16.1/plugins/com.st.stm32cube.common.mx_6.12.1.202409122256//db//plugins/boardmanager/
2024-11-19 19:14:45,067 [INFO] ApiDb:261 - Set plugin images path to: /opt/st/stm32cubeide_1.16.1/plugins/com.st.stm32cube.common.mx_6.12.1.202409122256//db//plugins/mcufinder/images/
2024-11-19 19:14:45,067 [WARN] DbFile:41 - Overriding database path with different value: /home/kireiji/.stmcufinder/plugins/mcufinder/ => /home/kireiji/.stmcufinder/plugins/mcufinder
2024-11-19 19:14:45,067 [INFO] ApiDb:250 - Set database path to: /home/kireiji/.stmcufinder/plugins/mcufinder//mcu/
2024-11-19 19:14:45,067 [WARN] DbFile:41 - Overriding database path with different value: /home/kireiji/.stmcufinder/plugins/mcufinder/ => /home/kireiji/.stmcufinder/plugins/mcufinder
2024-11-19 19:14:45,067 [INFO] DbMcusAds:125 - Set database path to: /home/kireiji/.stmcufinder/plugins/mcufinder//mcu/
2024-11-19 19:14:45,067 [WARN] DbFile:41 - Overriding database path with different value: /home/kireiji/.stmcufinder/plugins/mcufinder/ => /home/kireiji/.stmcufinder/plugins/mcufinder
2024-11-19 19:14:45,068 [WARN] DbFile:41 - Overriding database path with different value: /home/kireiji/.stmcufinder/plugins/mcufinder/ => /home/kireiji/.stmcufinder/plugins/mcufinder
2024-11-19 19:14:45,068 [INFO] CrossReferenceDbSqlite:203 - Set database path to: /home/kireiji/.stmcufinder/plugins/mcufinder//mcu/cs/
2024-11-19 19:14:45,177 [INFO] MainPanel:268 - HeapMemory: 287309824
2024-11-19 19:14:45,352 [INFO] DbMcusXml:78 - Set database path to: /opt/st/stm32cubeide_1.16.1/plugins/com.st.stm32cube.common.mx_6.12.1.202409122256//db//mcu/
2024-11-19 19:14:45,352 [INFO] ApiDb:274 - Set plugin database path to: /opt/st/stm32cubeide_1.16.1/plugins/com.st.stm32cube.common.mx_6.12.1.202409122256//db//plugins/boardmanager/
2024-11-19 19:14:45,353 [INFO] ApiDb:261 - Set plugin images path to: /opt/st/stm32cubeide_1.16.1/plugins/com.st.stm32cube.common.mx_6.12.1.202409122256//db//plugins/mcufinder/images/
2024-11-19 19:14:45,353 [WARN] DbFile:41 - Overriding database path with different value: /home/kireiji/.stmcufinder/plugins/mcufinder/ => /home/kireiji/.stmcufinder/plugins/mcufinder
2024-11-19 19:14:45,353 [INFO] ApiDb:250 - Set database path to: /home/kireiji/.stmcufinder/plugins/mcufinder//mcu/
2024-11-19 19:14:45,353 [WARN] DbFile:41 - Overriding database path with different value: /home/kireiji/.stmcufinder/plugins/mcufinder/ => /home/kireiji/.stmcufinder/plugins/mcufinder
2024-11-19 19:14:45,353 [INFO] DbMcusAds:125 - Set database path to: /home/kireiji/.stmcufinder/plugins/mcufinder//mcu/
2024-11-19 19:14:45,353 [WARN] DbFile:41 - Overriding database path with different value: /home/kireiji/.stmcufinder/plugins/mcufinder/ => /home/kireiji/.stmcufinder/plugins/mcufinder
2024-11-19 19:14:45,353 [WARN] DbFile:41 - Overriding database path with different value: /home/kireiji/.stmcufinder/plugins/mcufinder/ => /home/kireiji/.stmcufinder/plugins/mcufinder
2024-11-19 19:14:45,354 [INFO] CrossReferenceDbSqlite:203 - Set database path to: /home/kireiji/.stmcufinder/plugins/mcufinder//mcu/cs/
2024-11-19 19:14:45,370 [INFO] ApplicationProperties:184 - Using Application install path: /opt/st/stm32cubeide_1.16.1/plugins/com.st.stm32cube.common.mx_6.12.1.202409122256
2024-11-19 19:14:45,372 [INFO] PluginManage:196 - Search for loadable plugins [exclusion list=, ]
2024-11-19 19:14:45,373 [INFO] PluginManage:310 - Check plugin analytics
2024-11-19 19:14:45,582 [INFO] AnalyticsPlugin:253 - Accepted Software Licenses: 
2024-11-19 19:14:45,582 [INFO] AnalyticsPlugin:255 - Accepted CMSIS Pack Licenses: 
2024-11-19 19:14:45,582 [INFO] AnalyticsPlugin:257 - Accepted Firmware Licenses: FW.G4.1.6.0,FW.H7.1.11.0
2024-11-19 19:14:45,586 [INFO] PluginManage:359 - Loaded plugin analytics (category:tool,tabindex:-1)
2024-11-19 19:14:45,586 [INFO] PluginManage:310 - Check plugin cadmodel
2024-11-19 19:14:45,591 [INFO] CADModel:105 - Init CAD model plugin
2024-11-19 19:14:45,591 [INFO] PluginManage:359 - Loaded plugin cadmodel (category:power,tabindex:5)
2024-11-19 19:14:45,591 [INFO] PluginManage:310 - Check plugin clock
2024-11-19 19:14:45,605 [INFO] PluginManage:359 - Loaded plugin clock (category:base,tabindex:2)
2024-11-19 19:14:45,606 [INFO] PluginManage:310 - Check plugin ddr
2024-11-19 19:14:45,608 [INFO] PluginManage:359 - Loaded plugin ddr (category:tool,tabindex:6)
2024-11-19 19:14:45,608 [INFO] PluginManage:310 - Check plugin filemanager
2024-11-19 19:14:45,808 [INFO] PluginManage:359 - Loaded plugin filemanager (category:base,tabindex:10)
2024-11-19 19:14:45,809 [INFO] PluginManage:310 - Check plugin ipmanager
2024-11-19 19:14:45,817 [INFO] PluginManage:359 - Loaded plugin ipmanager (category:base,tabindex:5)
2024-11-19 19:14:45,818 [INFO] PluginManage:310 - Check plugin lpbam
2024-11-19 19:14:45,831 [INFO] PluginManage:359 - Loaded plugin lpbam (category:base,tabindex:0)
2024-11-19 19:14:45,832 [INFO] PluginManage:310 - Check plugin memorymap
2024-11-19 19:14:45,847 [INFO] PluginManage:359 - Loaded plugin memorymap (category:base,tabindex:4)
2024-11-19 19:14:45,847 [INFO] PluginManage:310 - Check plugin pinoutandconfiguration
2024-11-19 19:14:45,858 [INFO] PluginManage:359 - Loaded plugin pinoutandconfiguration (category:base,tabindex:1)
2024-11-19 19:14:45,859 [INFO] PluginManage:310 - Check plugin pinoutconfig
2024-11-19 19:14:45,994 [WARN] SupportedApi:132 - Cannot load RTOS API schema: s4s-elt-must-match.1: The content of 'definitions' must match (annotation?, (simpleType | complexType)?, (unique | key | keyref)*)). A problem was found starting at: attribute.
2024-11-19 19:14:46,198 [INFO] PluginManage:359 - Loaded plugin pinoutconfig (category:base,tabindex:0)
2024-11-19 19:14:46,198 [INFO] PluginManage:310 - Check plugin power
2024-11-19 19:14:46,210 [INFO] PluginManage:359 - Loaded plugin power (category:power,tabindex:4)
2024-11-19 19:14:46,211 [INFO] PluginManage:310 - Check plugin projectmanager
2024-11-19 19:14:46,238 [INFO] PluginManage:359 - Loaded plugin projectmanager (category:projectmanager,tabindex:4)
2024-11-19 19:14:46,239 [INFO] PluginManage:310 - Check plugin rif
2024-11-19 19:14:46,247 [INFO] PluginManage:359 - Loaded plugin rif (category:base,tabindex:3)
2024-11-19 19:14:46,247 [INFO] PluginManage:310 - Check plugin thirdparty
2024-11-19 19:14:46,418 [INFO] PluginManage:359 - Loaded plugin thirdparty (category:base,tabindex:-1)
2024-11-19 19:14:46,418 [WARN] IntegrityCheckThread:84 - waiting for thirdparty lock release [integrity check]
2024-11-19 19:14:46,418 [INFO] PluginManage:310 - Check plugin tools
2024-11-19 19:14:46,418 [INFO] IntegrityCheckThread:86 - entering critical section [integrity check]
2024-11-19 19:14:46,419 [INFO] ThirdPartyUpdaterWithRetryManager:70 - Updater plugin not ready yet. [1/15]
2024-11-19 19:14:46,422 [INFO] PluginManage:359 - Loaded plugin tools (category:base,tabindex:7)
2024-11-19 19:14:46,422 [INFO] PluginManage:310 - Check plugin tutovideos
2024-11-19 19:14:46,666 [INFO] PluginManage:359 - Loaded plugin tutovideos (category:base,tabindex:-1)
2024-11-19 19:14:46,666 [INFO] PluginManage:310 - Check plugin updater
2024-11-19 19:14:46,700 [INFO] PluginManage:359 - Loaded plugin updater (category:base,tabindex:12)
2024-11-19 19:14:46,700 [INFO] PluginManage:310 - Check plugin userauth
2024-11-19 19:14:46,708 [INFO] UserAuth:113 - Init User Auth plugin
2024-11-19 19:14:46,708 [INFO] PluginManage:359 - Loaded plugin userauth (category:base,tabindex:14)
2024-11-19 19:14:46,709 [INFO] PluginManage:283 - PluginManage : Loaded plugins [18]
2024-11-19 19:14:46,954 [INFO] PinOutPanel:1561 - setPackage(No Configuration,No Configuration)
2024-11-19 19:14:47,039 [INFO] CADModel:165 - CPN selected for project level
2024-11-19 19:14:47,039 [INFO] CADModel:114 - Register for checkConnection events
2024-11-19 19:14:47,056 [INFO] IPUIPlugin:80 - create IPUIPlugin
2024-11-19 19:14:47,056 [INFO] PluginManager:220 - loadIPPluginJar : add lorawan
2024-11-19 19:14:47,060 [INFO] IPUIPlugin:80 - create IPUIPlugin
2024-11-19 19:14:47,060 [INFO] PluginManager:220 - loadIPPluginJar : add pdm2pcm
2024-11-19 19:14:47,062 [INFO] IPUIPlugin:80 - create IPUIPlugin
2024-11-19 19:14:47,063 [INFO] PluginManager:220 - loadIPPluginJar : add fatfs
2024-11-19 19:14:47,066 [INFO] IPUIPlugin:80 - create IPUIPlugin
2024-11-19 19:14:47,066 [INFO] PluginManager:220 - loadIPPluginJar : add extmemmanager
2024-11-19 19:14:47,070 [INFO] IPUIPlugin:80 - create IPUIPlugin
2024-11-19 19:14:47,070 [INFO] PluginManager:220 - loadIPPluginJar : add gtzc
2024-11-19 19:14:47,076 [INFO] IPUIPlugin:80 - create IPUIPlugin
2024-11-19 19:14:47,077 [INFO] PluginManager:220 - loadIPPluginJar : add freertos
2024-11-19 19:14:47,083 [INFO] IPUIPlugin:80 - create IPUIPlugin
2024-11-19 19:14:47,084 [INFO] PluginManager:220 - loadIPPluginJar : add stm32_wpan
2024-11-19 19:14:47,086 [INFO] IPUIPlugin:80 - create IPUIPlugin
2024-11-19 19:14:47,086 [INFO] PluginManager:220 - loadIPPluginJar : add dma3
2024-11-19 19:14:47,088 [INFO] IPUIPlugin:80 - create IPUIPlugin
2024-11-19 19:14:47,089 [INFO] PluginManager:220 - loadIPPluginJar : add ddr_ctrl_phy
2024-11-19 19:14:47,095 [INFO] IPUIPlugin:80 - create IPUIPlugin
2024-11-19 19:14:47,099 [INFO] PluginManager:220 - loadIPPluginJar : add plateformsettings
2024-11-19 19:14:47,101 [INFO] IPUIPlugin:80 - create IPUIPlugin
2024-11-19 19:14:47,102 [INFO] PluginManager:220 - loadIPPluginJar : add tsc
2024-11-19 19:14:47,105 [INFO] IPUIPlugin:80 - create IPUIPlugin
2024-11-19 19:14:47,105 [INFO] PluginManager:220 - loadIPPluginJar : add aes
2024-11-19 19:14:47,112 [INFO] IPUIPlugin:80 - create IPUIPlugin
2024-11-19 19:14:47,112 [INFO] PluginManager:220 - loadIPPluginJar : add mdma
2024-11-19 19:14:47,116 [INFO] IPUIPlugin:80 - create IPUIPlugin
2024-11-19 19:14:47,116 [INFO] PluginManager:220 - loadIPPluginJar : add nvic
2024-11-19 19:14:47,118 [INFO] IPUIPlugin:80 - create IPUIPlugin
2024-11-19 19:14:47,118 [INFO] PluginManager:220 - loadIPPluginJar : add hash
2024-11-19 19:14:47,120 [INFO] IPUIPlugin:80 - create IPUIPlugin
2024-11-19 19:14:47,120 [INFO] PluginManager:220 - loadIPPluginJar : add ts
2024-11-19 19:14:47,122 [INFO] IPUIPlugin:80 - create IPUIPlugin
2024-11-19 19:14:47,122 [INFO] PluginManager:220 - loadIPPluginJar : add usart
2024-11-19 19:14:47,124 [INFO] IPUIPlugin:80 - create IPUIPlugin
2024-11-19 19:14:47,124 [INFO] PluginManager:220 - loadIPPluginJar : add radio
2024-11-19 19:14:47,133 [INFO] IPUIPlugin:80 - create IPUIPlugin
2024-11-19 19:14:47,133 [INFO] PluginManager:220 - loadIPPluginJar : add linkedlist
2024-11-19 19:14:47,137 [INFO] IPUIPlugin:80 - create IPUIPlugin
2024-11-19 19:14:47,137 [INFO] PluginManager:220 - loadIPPluginJar : add ipddr
2024-11-19 19:14:47,143 [INFO] IPUIPlugin:80 - create IPUIPlugin
2024-11-19 19:14:47,143 [INFO] PluginManager:220 - loadIPPluginJar : add gic
2024-11-19 19:14:47,147 [INFO] IPUIPlugin:80 - create IPUIPlugin
2024-11-19 19:14:47,148 [INFO] PluginManager:220 - loadIPPluginJar : add opamp
2024-11-19 19:14:47,150 [INFO] IPUIPlugin:80 - create IPUIPlugin
2024-11-19 19:14:47,151 [INFO] PluginManager:220 - loadIPPluginJar : add gfxmmu
2024-11-19 19:14:47,152 [INFO] IPUIPlugin:80 - create IPUIPlugin
2024-11-19 19:14:47,153 [INFO] PluginManager:220 - loadIPPluginJar : add ltdc
2024-11-19 19:14:47,156 [INFO] IPUIPlugin:80 - create IPUIPlugin
2024-11-19 19:14:47,156 [INFO] PluginManager:220 - loadIPPluginJar : add sai
2024-11-19 19:14:47,160 [INFO] IPUIPlugin:80 - create IPUIPlugin
2024-11-19 19:14:47,160 [INFO] PluginManager:220 - loadIPPluginJar : add fmc
2024-11-19 19:14:47,162 [INFO] IPUIPlugin:80 - create IPUIPlugin
2024-11-19 19:14:47,162 [INFO] PluginManager:220 - loadIPPluginJar : add tracer_emb
2024-11-19 19:14:47,167 [INFO] IPUIPlugin:80 - create IPUIPlugin
2024-11-19 19:14:47,168 [INFO] PluginManager:220 - loadIPPluginJar : add adc
2024-11-19 19:14:47,170 [INFO] IPUIPlugin:80 - create IPUIPlugin
2024-11-19 19:14:47,170 [INFO] PluginManager:220 - loadIPPluginJar : add dfsdm
2024-11-19 19:14:47,172 [INFO] IPUIPlugin:80 - create IPUIPlugin
2024-11-19 19:14:47,173 [INFO] PluginManager:220 - loadIPPluginJar : add i2s
2024-11-19 19:14:47,179 [INFO] IPUIPlugin:80 - create IPUIPlugin
2024-11-19 19:14:47,179 [INFO] PluginManager:220 - loadIPPluginJar : add dma
2024-11-19 19:14:47,181 [INFO] IPUIPlugin:80 - create IPUIPlugin
2024-11-19 19:14:47,181 [INFO] PluginManager:220 - loadIPPluginJar : add comp
2024-11-19 19:14:47,183 [INFO] IPUIPlugin:80 - create IPUIPlugin
2024-11-19 19:14:47,183 [INFO] PluginManager:220 - loadIPPluginJar : add can
2024-11-19 19:14:47,186 [INFO] IPUIPlugin:80 - create IPUIPlugin
2024-11-19 19:14:47,186 [INFO] PluginManager:220 - loadIPPluginJar : add usbx
2024-11-19 19:14:47,187 [INFO] IPUIPlugin:80 - create IPUIPlugin
2024-11-19 19:14:47,187 [INFO] PluginManager:220 - loadIPPluginJar : add genericplugin
2024-11-19 19:14:47,190 [INFO] IPUIPlugin:80 - create IPUIPlugin
2024-11-19 19:14:47,191 [INFO] PluginManager:220 - loadIPPluginJar : add resmgrutility
2024-11-19 19:14:47,195 [INFO] IPUIPlugin:80 - create IPUIPlugin
2024-11-19 19:14:47,195 [INFO] PluginManager:220 - loadIPPluginJar : add gpio
2024-11-19 19:14:47,198 [INFO] IPUIPlugin:80 - create IPUIPlugin
2024-11-19 19:14:47,198 [INFO] PluginManager:220 - loadIPPluginJar : add spi
2024-11-19 19:14:47,199 [INFO] IPUIPlugin:80 - create IPUIPlugin
2024-11-19 19:14:47,199 [INFO] PluginManager:220 - loadIPPluginJar : add quadspi
2024-11-19 19:14:47,202 [INFO] IPUIPlugin:80 - create IPUIPlugin
2024-11-19 19:14:47,202 [INFO] PluginManager:220 - loadIPPluginJar : add openamp
2024-11-19 19:14:47,204 [INFO] IPUIPlugin:80 - create IPUIPlugin
2024-11-19 19:14:47,204 [INFO] PluginManager:220 - loadIPPluginJar : add i2c
2024-11-19 19:14:47,207 [INFO] IPUIPlugin:80 - create IPUIPlugin
2024-11-19 19:14:47,207 [INFO] PluginManager:220 - loadIPPluginJar : add i3c
2024-11-19 19:14:47,209 [INFO] IPUIPlugin:80 - create IPUIPlugin
2024-11-19 19:14:47,209 [INFO] PluginManager:220 - loadIPPluginJar : add tim
2024-11-19 19:14:47,213 [INFO] IPUIPlugin:80 - create IPUIPlugin
2024-11-19 19:14:47,214 [INFO] PluginManager:220 - loadIPPluginJar : add touchsensing
2024-11-19 19:14:47,216 [INFO] IPUIPlugin:80 - create IPUIPlugin
2024-11-19 19:14:47,216 [INFO] PluginManager:220 - loadIPPluginJar : add ucpd
2024-11-19 19:14:47,220 [INFO] IPUIPlugin:80 - create IPUIPlugin
2024-11-19 19:14:47,220 [INFO] PluginManager:220 - loadIPPluginJar : add cryp
2024-11-19 19:14:47,330 [INFO] CADModel:165 - CPN selected for project level
2024-11-19 19:14:47,330 [INFO] CADModel:114 - Register for checkConnection events
2024-11-19 19:14:47,330 [FATAL] Updater:334 - Updater called before beeing initialized
2024-11-19 19:14:47,331 [ERROR] CADModel:125 - Updater not yet initialized, retry later 
2024-11-19 19:14:47,486 [INFO] CADModel:165 - CPN selected for project level
2024-11-19 19:14:47,486 [INFO] CADModel:114 - Register for checkConnection events
2024-11-19 19:14:47,486 [FATAL] Updater:334 - Updater called before beeing initialized
2024-11-19 19:14:47,486 [ERROR] CADModel:125 - Updater not yet initialized, retry later 
2024-11-19 19:14:47,490 [FATAL] Updater:334 - Updater called before beeing initialized
2024-11-19 19:14:47,625 [FATAL] Updater:334 - Updater called before beeing initialized
2024-11-19 19:14:47,634 [INFO] DbMcusAds:53 - JSON generation date=Fri Sep 20 20:04:38 ICT 2024 (1726837478367)
2024-11-19 19:14:47,634 [FATAL] Updater:334 - Updater called before beeing initialized
2024-11-19 19:14:47,691 [WARN] DetailPanel:346 - Failed to get advertising image, set to default
2024-11-19 19:14:47,826 [FATAL] Updater:334 - Updater called before beeing initialized
2024-11-19 19:14:47,829 [FATAL] Updater:334 - Updater called before beeing initialized
2024-11-19 19:14:47,829 [FATAL] Updater:334 - Updater called before beeing initialized
2024-11-19 19:14:47,829 [WARN] DetailPanel:346 - Failed to get advertising image, set to default
2024-11-19 19:14:47,830 [FATAL] Updater:334 - Updater called before beeing initialized
2024-11-19 19:14:47,877 [ERROR] Updater:1164 - MainUpdater not yet initialized. External WinMGr cannot be set.
2024-11-19 19:14:47,880 [INFO] Updater:1100 - Updater Version found : 6.12.1
2024-11-19 19:14:47,911 [INFO] ApplicationProperties:184 - Using Application install path: /opt/st/stm32cubeide_1.16.1/plugins/com.st.stm32cube.common.mx_6.12.1.202409122256
2024-11-19 19:14:48,383 [INFO] MainUpdater:2873 - connection check result : 10
2024-11-19 19:14:48,384 [INFO] MainUpdater:290 - Updater Check For Update Now.
2024-11-19 19:14:48,384 [INFO] MicroXplorer:498 - Change Database Version : DB.6.0.121
2024-11-19 19:14:48,391 [INFO] McuFinderGlobals:63 - Set McuFinder mode to 2 (CubeIDE integrated)
2024-11-19 19:14:48,393 [INFO] UserAuth:417 - Internet connection configuration mode: 1
2024-11-19 19:14:48,412 [INFO] JxBrowserEngine:152 - Initiate JxBrowser Engine with user profile folder
2024-11-19 19:14:48,610 [INFO] CheckServerUpdateThread:120 - End of CheckServer Thread
2024-11-19 19:14:49,362 [INFO] WebApp:167 - Instantiating new browser for Auth
2024-11-19 19:14:49,556 [WARN] PackLoader:240 - Cannot read IP mode file for STMicroelectronics.FP-SNS-MOTENVWB1.1.4.0
2024-11-19 19:14:49,567 [WARN] PackLoader:240 - Cannot read IP mode file for STMicroelectronics.FP-ATR-ASTRA1.2.0.1
2024-11-19 19:14:49,576 [WARN] PackLoader:240 - Cannot read IP mode file for STMicroelectronics.X-CUBE-SMBUS.2.1.0
2024-11-19 19:14:49,585 [WARN] PackLoader:240 - Cannot read IP mode file for STMicroelectronics.X-CUBE-WB05N.1.1.0
2024-11-19 19:14:49,624 [WARN] PackLoader:240 - Cannot read IP mode file for STMicroelectronics.X-CUBE-AZRTOS-F7.1.1.0
2024-11-19 19:14:49,638 [WARN] PackLoader:240 - Cannot read IP mode file for STMicroelectronics.FP-SNS-FLIGHT1.5.0.2
2024-11-19 19:14:49,654 [WARN] PackLoader:240 - Cannot read IP mode file for STMicroelectronics.X-CUBE-DISPLAY.3.0.0
2024-11-19 19:14:49,674 [WARN] PackLoader:240 - Cannot read IP mode file for STMicroelectronics.X-CUBE-BLE1.7.0.0
2024-11-19 19:14:49,682 [WARN] PackLoader:240 - Cannot read IP mode file for emotas.I-CUBE-CANOPEN.1.3.0
2024-11-19 19:14:49,709 [WARN] PackLoader:240 - Cannot read IP mode file for STMicroelectronics.X-CUBE-BLEMGR.3.1.0
2024-11-19 19:14:49,726 [WARN] PackLoader:240 - Cannot read IP mode file for STMicroelectronics.FP-SNS-SMARTAG2.1.2.0
2024-11-19 19:14:49,744 [INFO] LogOutputStream:77 - [STDOUT_REDIRECT] 1 : Invalid condition id : UX_CORESTACK_Condition cause : null
2024-11-19 19:14:49,745 [INFO] LogOutputStream:77 - [STDOUT_REDIRECT] 1 : Invalid condition id : UX_CORESTACK_Condition cause : null
2024-11-19 19:14:49,746 [INFO] LogOutputStream:77 - [STDOUT_REDIRECT] 1 : Invalid condition id : UX_CORESTACK_Condition cause : null
2024-11-19 19:14:49,746 [INFO] LogOutputStream:77 - [STDOUT_REDIRECT] 1 : Invalid condition id : UX_CORESTACK_Condition cause : null
2024-11-19 19:14:49,746 [INFO] LogOutputStream:77 - [STDOUT_REDIRECT] 1 : Invalid condition id : UX_CORESTACK_Condition cause : null
2024-11-19 19:14:49,752 [WARN] PackLoader:240 - Cannot read IP mode file for STMicroelectronics.X-CUBE-AZRTOS-WL.2.0.0
2024-11-19 19:14:49,761 [WARN] PackLoader:240 - Cannot read IP mode file for STMicroelectronics.FP-SNS-MOTENV1.5.0.0
2024-11-19 19:14:49,769 [WARN] PackLoader:240 - Cannot read IP mode file for wolfSSL.I-CUBE-wolfMQTT.1.19.0
2024-11-19 19:14:49,779 [WARN] PackLoader:240 - Cannot read IP mode file for WES.I-CUBE-Cesium.1.3.0
2024-11-19 19:14:49,788 [WARN] PackLoader:240 - Cannot read IP mode file for STMicroelectronics.X-CUBE-BLE2.3.3.0
2024-11-19 19:14:49,798 [WARN] PackLoader:240 - Cannot read IP mode file for STMicroelectronics.X-CUBE-TCPP.4.1.0
2024-11-19 19:14:49,826 [WARN] PackLoader:240 - Cannot read IP mode file for STMicroelectronics.X-CUBE-AZRTOS-G0.1.1.0
2024-11-19 19:14:49,838 [WARN] PackLoader:240 - Cannot read IP mode file for STMicroelectronics.X-CUBE-SAFEA1.1.2.2
2024-11-19 19:14:49,845 [WARN] PackLoader:240 - Cannot read IP mode file for STMicroelectronics.X-CUBE-NFC4.3.0.0
2024-11-19 19:14:49,856 [WARN] PackLoader:240 - Cannot read IP mode file for EmbeddedOffice.I-CUBE-FS-RTOS.1.0.1
2024-11-19 19:14:49,856 [ERROR] ConditionMgr:805 - Attr not supported : Dmpu
2024-11-19 19:14:49,857 [ERROR] ConditionMgr:805 - Attr not supported : Dmpu
2024-11-19 19:14:49,857 [ERROR] ConditionMgr:805 - Attr not supported : Dmpu
2024-11-19 19:14:49,857 [ERROR] ConditionMgr:805 - Attr not supported : Dmpu
2024-11-19 19:14:49,857 [ERROR] ConditionMgr:805 - Attr not supported : Dmpu
2024-11-19 19:14:49,857 [ERROR] ConditionMgr:805 - Attr not supported : Dmpu
2024-11-19 19:14:49,857 [ERROR] ConditionMgr:805 - Attr not supported : Dmpu
2024-11-19 19:14:49,857 [ERROR] ConditionMgr:805 - Attr not supported : Dmpu
2024-11-19 19:14:49,857 [ERROR] ConditionMgr:805 - Attr not supported : Dmpu
2024-11-19 19:14:49,857 [ERROR] ConditionMgr:805 - Attr not supported : Dmpu
2024-11-19 19:14:49,857 [ERROR] ConditionMgr:805 - Attr not supported : Dmpu
2024-11-19 19:14:49,857 [ERROR] ConditionMgr:805 - Attr not supported : Dmpu
2024-11-19 19:14:49,857 [ERROR] ConditionMgr:805 - Attr not supported : Dmpu
2024-11-19 19:14:49,858 [ERROR] ConditionMgr:805 - Attr not supported : Dmpu
2024-11-19 19:14:49,858 [ERROR] ConditionMgr:805 - Attr not supported : Dmpu
2024-11-19 19:14:49,858 [ERROR] ConditionMgr:805 - Attr not supported : Dmpu
2024-11-19 19:14:49,858 [ERROR] ConditionMgr:805 - Attr not supported : Dmpu
2024-11-19 19:14:49,858 [ERROR] ConditionMgr:805 - Attr not supported : Dmpu
2024-11-19 19:14:49,858 [ERROR] ConditionMgr:805 - Attr not supported : Dmpu
2024-11-19 19:14:49,859 [ERROR] ConditionMgr:805 - Attr not supported : Dmpu
2024-11-19 19:14:49,859 [ERROR] ConditionMgr:805 - Attr not supported : Dmpu
2024-11-19 19:14:49,859 [ERROR] ConditionMgr:805 - Attr not supported : Dmpu
2024-11-19 19:14:49,859 [ERROR] ConditionMgr:805 - Attr not supported : Dmpu
2024-11-19 19:14:49,859 [ERROR] ConditionMgr:805 - Attr not supported : Dmpu
2024-11-19 19:14:49,859 [ERROR] ConditionMgr:805 - Attr not supported : Dmpu
2024-11-19 19:14:49,859 [ERROR] ConditionMgr:805 - Attr not supported : Dmpu
2024-11-19 19:14:49,859 [ERROR] ConditionMgr:805 - Attr not supported : Dmpu
2024-11-19 19:14:49,859 [ERROR] ConditionMgr:805 - Attr not supported : Dmpu
2024-11-19 19:14:49,860 [ERROR] ConditionMgr:805 - Attr not supported : Dmpu
2024-11-19 19:14:49,860 [ERROR] ConditionMgr:805 - Attr not supported : Dmpu
2024-11-19 19:14:49,860 [ERROR] ConditionMgr:805 - Attr not supported : Dmpu
2024-11-19 19:14:49,860 [ERROR] ConditionMgr:805 - Attr not supported : Dmpu
2024-11-19 19:14:49,860 [ERROR] ConditionMgr:805 - Attr not supported : Dmpu
2024-11-19 19:14:49,860 [ERROR] ConditionMgr:805 - Attr not supported : Dmpu
2024-11-19 19:14:49,860 [ERROR] ConditionMgr:805 - Attr not supported : Dmpu
2024-11-19 19:14:49,860 [ERROR] ConditionMgr:805 - Attr not supported : Dmpu
2024-11-19 19:14:49,861 [ERROR] ConditionMgr:805 - Attr not supported : Dmpu
2024-11-19 19:14:49,861 [ERROR] ConditionMgr:805 - Attr not supported : Dmpu
2024-11-19 19:14:49,861 [ERROR] ConditionMgr:805 - Attr not supported : Dmpu
2024-11-19 19:14:49,861 [ERROR] ConditionMgr:805 - Attr not supported : Dmpu
2024-11-19 19:14:49,861 [ERROR] ConditionMgr:805 - Attr not supported : Dmpu
2024-11-19 19:14:49,861 [ERROR] ConditionMgr:805 - Attr not supported : Dmpu
2024-11-19 19:14:49,861 [ERROR] ConditionMgr:805 - Attr not supported : Dmpu
2024-11-19 19:14:49,861 [ERROR] ConditionMgr:805 - Attr not supported : Dmpu
2024-11-19 19:14:49,861 [ERROR] ConditionMgr:805 - Attr not supported : Dmpu
2024-11-19 19:14:49,862 [ERROR] ConditionMgr:805 - Attr not supported : Dmpu
2024-11-19 19:14:49,862 [ERROR] ConditionMgr:805 - Attr not supported : Dmpu
2024-11-19 19:14:49,862 [ERROR] ConditionMgr:805 - Attr not supported : Dmpu
2024-11-19 19:14:49,862 [ERROR] ConditionMgr:805 - Attr not supported : Dmpu
2024-11-19 19:14:49,862 [ERROR] ConditionMgr:805 - Attr not supported : Dmpu
2024-11-19 19:14:49,862 [ERROR] ConditionMgr:805 - Attr not supported : Dmpu
2024-11-19 19:14:49,862 [ERROR] ConditionMgr:805 - Attr not supported : Dmpu
2024-11-19 19:14:49,862 [ERROR] ConditionMgr:805 - Attr not supported : Dmpu
2024-11-19 19:14:49,862 [ERROR] ConditionMgr:805 - Attr not supported : Dmpu
2024-11-19 19:14:49,863 [ERROR] ConditionMgr:805 - Attr not supported : Dmpu
2024-11-19 19:14:49,863 [ERROR] ConditionMgr:805 - Attr not supported : Dmpu
2024-11-19 19:14:49,863 [ERROR] ConditionMgr:805 - Attr not supported : Dmpu
2024-11-19 19:14:49,863 [ERROR] ConditionMgr:805 - Attr not supported : Dmpu
2024-11-19 19:14:49,863 [ERROR] ConditionMgr:805 - Attr not supported : Dmpu
2024-11-19 19:14:49,863 [ERROR] ConditionMgr:805 - Attr not supported : Dmpu
2024-11-19 19:14:49,863 [ERROR] ConditionMgr:805 - Attr not supported : Dmpu
2024-11-19 19:14:49,863 [ERROR] ConditionMgr:805 - Attr not supported : Dmpu
2024-11-19 19:14:49,863 [ERROR] ConditionMgr:805 - Attr not supported : Dmpu
2024-11-19 19:14:49,864 [ERROR] ConditionMgr:805 - Attr not supported : Dmpu
2024-11-19 19:14:49,869 [WARN] PackLoader:240 - Cannot read IP mode file for RealThread.X-CUBE-RT-Thread_Nano.4.1.1
2024-11-19 19:14:49,874 [WARN] PackLoader:240 - Cannot read IP mode file for STMicroelectronics.FP-ATR-SIGFOX1.3.2.0
2024-11-19 19:14:49,878 [WARN] ConditionMgr:438 - getConditionDescription Invalid condition id : Cortex-A Device cause : null
2024-11-19 19:14:49,893 [WARN] ConditionMgr:1039 - genDependencies : Invalid condition id : Cortex-A Device cause : null
2024-11-19 19:14:49,893 [WARN] ConditionMgr:1039 - genDependencies : Invalid condition id : Cortex-A Device cause : null
2024-11-19 19:14:49,893 [WARN] ConditionMgr:1039 - genDependencies : Invalid condition id : Cortex-A Device cause : null
2024-11-19 19:14:49,900 [WARN] PackLoader:240 - Cannot read IP mode file for STMicroelectronics.X-CUBE-EEPRMA1.5.1.0
2024-11-19 19:14:49,907 [WARN] PackLoader:240 - Cannot read IP mode file for wolfSSL.I-CUBE-wolfSSL.5.7.4
2024-11-19 19:14:49,913 [WARN] PackLoader:240 - Cannot read IP mode file for ITTIA_DB.I-CUBE-ITTIADB.8.9.0
2024-11-19 19:14:49,960 [WARN] PackLoader:240 - Cannot read IP mode file for SEGGER.I-CUBE-embOS.1.3.1
2024-11-19 19:14:50,036 [WARN] PackLoader:240 - Cannot read IP mode file for STMicroelectronics.X-CUBE-ALGOBUILD.1.4.0
2024-11-19 19:14:50,057 [WARN] PackLoader:240 - Cannot read IP mode file for STMicroelectronics.X-CUBE-AZRTOS-F4.1.1.0
2024-11-19 19:14:50,066 [WARN] PackLoader:240 - Cannot read IP mode file for STMicroelectronics.X-CUBE-FREERTOS.1.2.0
2024-11-19 19:14:50,086 [WARN] PackLoader:240 - Cannot read IP mode file for STMicroelectronics.X-CUBE-AZRTOS-L5.2.0.0
2024-11-19 19:14:50,101 [WARN] PackLoader:240 - Cannot read IP mode file for STMicroelectronics.X-CUBE-NFC6.3.1.0
2024-11-19 19:14:50,109 [WARN] PackLoader:240 - Cannot read IP mode file for STMicroelectronics.X-CUBE-NFC7.1.0.1
2024-11-19 19:14:50,132 [WARN] ConditionMgr:438 - getConditionDescription Invalid condition id : LAN8742 Phy interface Condition cause : null
2024-11-19 19:14:50,133 [WARN] PackLoader:240 - Cannot read IP mode file for STMicroelectronics.X-CUBE-AZRTOS-L4.2.0.0
2024-11-19 19:14:50,135 [WARN] ConditionMgr:1039 - genDependencies : Invalid condition id : LAN8742 Phy interface Condition cause : null
2024-11-19 19:14:50,136 [WARN] ConditionMgr:1039 - genDependencies : Invalid condition id : LAN8742 Phy interface Condition cause : null
2024-11-19 19:14:50,137 [WARN] ConditionMgr:1039 - genDependencies : Invalid condition id : LAN8742 Phy interface Condition cause : null
2024-11-19 19:14:50,151 [WARN] PackLoader:240 - Cannot read IP mode file for STMicroelectronics.X-CUBE-SFXS2LP1.4.0.0
2024-11-19 19:14:50,176 [WARN] PackLoader:240 - Cannot read IP mode file for STMicroelectronics.X-CUBE-AZRTOS-H7.3.3.0
2024-11-19 19:14:50,207 [WARN] ConditionMgr:438 - getConditionDescription Invalid condition id : UX DEVICE CLASS RTOS Condition cause : null
2024-11-19 19:14:50,208 [WARN] ConditionMgr:438 - getConditionDescription Invalid condition id : UX DEVICE CLASS RTOS Condition cause : null
2024-11-19 19:14:50,210 [WARN] PackLoader:240 - Cannot read IP mode file for STMicroelectronics.X-CUBE-AZRTOS-WB.2.0.0
2024-11-19 19:14:50,210 [WARN] ConditionMgr:1039 - genDependencies : Invalid condition id : UX DEVICE CLASS RTOS Condition cause : null
2024-11-19 19:14:50,210 [WARN] ConditionMgr:1039 - genDependencies : Invalid condition id : UX DEVICE CLASS RTOS Condition cause : null
2024-11-19 19:14:50,211 [WARN] ConditionMgr:1039 - genDependencies : Invalid condition id : UX DEVICE CLASS RTOS Condition cause : null
2024-11-19 19:14:50,211 [WARN] ConditionMgr:1039 - genDependencies : Invalid condition id : UX DEVICE CLASS RTOS Condition cause : null
2024-11-19 19:14:50,211 [WARN] ConditionMgr:1039 - genDependencies : Invalid condition id : UX DEVICE CLASS RTOS Condition cause : null
2024-11-19 19:14:50,225 [WARN] PackLoader:240 - Cannot read IP mode file for STMicroelectronics.X-CUBE-SUBG2.5.0.0
2024-11-19 19:14:50,236 [WARN] PackLoader:240 - Cannot read IP mode file for Cesanta.I-CUBE-Mongoose.7.13.0
2024-11-19 19:14:50,254 [WARN] PackLoader:240 - Cannot read IP mode file for STMicroelectronics.X-CUBE-AZRTOS-G4.2.0.0
2024-11-19 19:14:50,261 [WARN] PackLoader:240 - Cannot read IP mode file for STMicroelectronics.X-CUBE-ALS.1.0.2
2024-11-19 19:14:50,266 [WARN] PackLoader:240 - Cannot read IP mode file for STMicroelectronics.X-CUBE-TOUCHGFX.4.24.1
2024-11-19 19:14:50,269 [WARN] PackLoader:240 - Cannot read IP mode file for wolfSSL.I-CUBE-wolfTPM.3.4.0
2024-11-19 19:14:50,275 [WARN] PackLoader:240 - Cannot read IP mode file for portGmbH.I-Cube-SoM-uGOAL.1.1.0
2024-11-19 19:14:50,301 [WARN] PackLoader:240 - Cannot read IP mode file for STMicroelectronics.X-CUBE-AZRTOS-H7RS.1.0.0
2024-11-19 19:14:50,308 [WARN] PackLoader:240 - Cannot read IP mode file for STMicroelectronics.FP-ATR-ASTRA1.2.0.0
2024-11-19 19:14:50,335 [WARN] PackLoader:240 - Cannot read IP mode file for Infineon.AIROC-Wi-Fi-Bluetooth-STM32.1.6.1
2024-11-19 19:14:50,344 [WARN] PackLoader:240 - Cannot read IP mode file for wolfSSL.I-CUBE-wolfSSH.1.4.17
2024-11-19 19:14:50,344 [INFO] ThirdParty:978 - Integrity check success = true
2024-11-19 19:14:50,345 [INFO] IntegrityCheckThread:100 - exiting critical section [integrity check]
2024-11-19 19:14:50,345 [INFO] IntegrityCheckThread:103 - End integrity checks thread
2024-11-19 19:14:50,901 [INFO] WebApp:448 - Apply proxy settings
2024-11-19 19:14:50,901 [INFO] WebApp:533 - Chromium requires no authentication
2024-11-19 19:14:50,909 [INFO] WebApp:476 - Direct internet connection detected
2024-11-19 19:14:50,946 [INFO] WebApp:869 - Register for checkConnection events
2024-11-19 19:14:50,947 [INFO] WebApp:448 - Apply proxy settings
2024-11-19 19:14:50,947 [INFO] WebApp:533 - Chromium requires no authentication
2024-11-19 19:14:50,948 [INFO] WebApp:476 - Direct internet connection detected
2024-11-19 19:14:51,103 [INFO] WebApp:220 - Starting web application
2024-11-19 19:14:51,104 [INFO] WebApp:578 - Web application path used /opt/st/stm32cubeide_1.16.1/plugins/com.st.stm32cube.common.mx_6.12.1.202409122256/db/plugins/mcufinder/reactClient1/index.html
2024-11-19 19:14:51,151 [INFO] WebApp:186 - Connection restablished
2024-11-19 19:14:51,247 [INFO] UserAuth:417 - Internet connection configuration mode: 1
2024-11-19 19:36:22,384 [INFO] WebApp:189 - Connection lost
2024-11-19 19:36:25,388 [INFO] WebApp:186 - Connection restablished
2024-11-19 19:41:27,127 [INFO] WebApp:189 - Connection lost
2024-11-19 19:41:27,656 [INFO] WebApp:186 - Connection restablished
2024-11-19 19:49:07,943 [INFO] WebApp:189 - Connection lost
2024-11-19 19:49:08,179 [INFO] WebApp:186 - Connection restablished
2024-11-19 19:49:10,767 [INFO] WebApp:189 - Connection lost
2024-11-19 19:49:10,913 [INFO] WebApp:186 - Connection restablished
2024-11-19 19:55:00,420 [INFO] WebApp:189 - Connection lost
2024-11-19 19:55:00,543 [INFO] WebApp:186 - Connection restablished
2024-11-19 20:06:03,381 [INFO] McuFinderGlobals:63 - Set McuFinder mode to 2 (CubeIDE integrated)
2024-11-19 20:06:03,385 [INFO] MainUpdater:2873 - connection check result : 10
2024-11-19 20:06:03,386 [INFO] MainUpdater:2873 - connection check result : 10
2024-11-19 20:06:03,440 [INFO] RulesReader:64 - Compatibility file has been processed (297 Rules)
2024-11-19 20:06:03,458 [INFO] RulesReader:64 - Compatibility file has been processed (297 Rules)
2024-11-19 20:06:03,462 [INFO] MicroXplorer:468 - Change Database Path : 
2024-11-19 20:06:03,462 [INFO] MicroXplorer:498 - Change Database Version : DB.6.0.121
2024-11-19 20:06:03,470 [WARN] ThirdParty:871 - waiting for thirdparty lock release [close project]
2024-11-19 20:06:03,471 [INFO] ThirdParty:873 - entering critical section [close project]
2024-11-19 20:06:03,472 [INFO] ThirdParty:883 - exiting critical section [close project]
2024-11-19 20:06:03,474 [INFO] PinOutPanel:1561 - setPackage(No Configuration,No Configuration)
2024-11-19 20:06:03,479 [INFO] UtilMem:75 - Begin LoadConfig() Used Memory: 468749728 Bytes (657457152)
2024-11-19 20:06:03,481 [INFO] MicroXplorer:468 - Change Database Path : 
2024-11-19 20:06:03,481 [INFO] MicroXplorer:498 - Change Database Version : DB.6.0.121
2024-11-19 20:06:03,481 [INFO] OpenFileManager:332 - Change cursor
2024-11-19 20:06:03,519 [INFO] Mcu:2032 - Initializing MCU STM32G474R(B-C-E)Tx STM32G474RETx STM32G474RET6
2024-11-19 20:06:08,728 [INFO] Context:742 - Trying to add GPIOservice into a context  which must be forbidden
2024-11-19 20:06:11,248 [INFO] ApiDbMcu:508 - Load IP Config File for NUCLEO-G474RE
2024-11-19 20:06:11,555 [INFO] RtosManager:555 - Registered RTOS mode: class=CMSIS, group=RTOS, mode=CMSIS_V1, owner=FREERTOS
2024-11-19 20:06:11,555 [INFO] RtosManager:555 - Registered RTOS mode: class=CMSIS, group=RTOS2, mode=CMSIS_V2, owner=FREERTOS
2024-11-19 20:06:11,555 [INFO] RtosManager:555 - Registered RTOS mode: class=RTOS, group=Core, mode=CMSIS_V1, owner=FREERTOS
2024-11-19 20:06:11,555 [INFO] RtosManager:555 - Registered RTOS mode: class=RTOS, group=Core, mode=CMSIS_V2, owner=FREERTOS
2024-11-19 20:06:11,555 [WARN] ModelIntegratedComponent:184 - Missing modes for component STMicroelectronics:FreeRTOS:0.0.1:STMicroelectronics:RTOS:FreeRTOS:Core:::10.2.0:
2024-11-19 20:06:11,581 [WARN] ModelIntegratedComponent:63 - No mode defined for component null
2024-11-19 20:06:11,581 [WARN] ModelIntegratedComponent:63 - No mode defined for component null
2024-11-19 20:06:11,582 [WARN] ModelIntegratedComponent:63 - No mode defined for component null
2024-11-19 20:06:11,582 [WARN] ModelIntegratedComponent:63 - No mode defined for component null
2024-11-19 20:06:11,582 [WARN] ModelIntegratedComponent:63 - No mode defined for component null
2024-11-19 20:06:11,582 [WARN] ModelIntegratedComponent:63 - No mode defined for component null
2024-11-19 20:06:11,582 [WARN] ModelIntegratedComponent:63 - No mode defined for component null
2024-11-19 20:06:11,582 [WARN] ModelIntegratedComponent:63 - No mode defined for component null
2024-11-19 20:06:11,582 [WARN] ModelIntegratedComponent:63 - No mode defined for component null
2024-11-19 20:06:11,582 [WARN] ModelIntegratedComponent:63 - No mode defined for component null
2024-11-19 20:06:11,582 [WARN] ModelIntegratedComponent:63 - No mode defined for component null
2024-11-19 20:06:11,582 [WARN] ModelIntegratedComponent:63 - No mode defined for component null
2024-11-19 20:06:11,582 [WARN] ModelIntegratedComponent:63 - No mode defined for component null
2024-11-19 20:06:11,582 [WARN] ModelIntegratedComponent:63 - No mode defined for component null
2024-11-19 20:06:11,582 [WARN] ModelIntegratedComponent:63 - No mode defined for component null
2024-11-19 20:06:11,582 [WARN] ModelIntegratedComponent:63 - No mode defined for component null
2024-11-19 20:06:11,582 [WARN] ModelIntegratedComponent:63 - No mode defined for component null
2024-11-19 20:06:11,582 [WARN] ModelIntegratedComponent:63 - No mode defined for component null
2024-11-19 20:06:11,582 [WARN] ModelIntegratedComponent:63 - No mode defined for component null
2024-11-19 20:06:11,583 [WARN] ModelIntegratedComponent:63 - No mode defined for component null
2024-11-19 20:06:11,583 [WARN] ModelIntegratedComponent:63 - No mode defined for component null
2024-11-19 20:06:11,583 [WARN] ModelIntegratedComponent:63 - No mode defined for component null
2024-11-19 20:06:11,583 [WARN] ModelIntegratedComponent:63 - No mode defined for component null
2024-11-19 20:06:11,583 [WARN] ModelIntegratedComponent:63 - No mode defined for component null
2024-11-19 20:06:11,583 [WARN] ModelIntegratedComponent:63 - No mode defined for component null
2024-11-19 20:06:11,583 [WARN] ModelIntegratedComponent:63 - No mode defined for component null
2024-11-19 20:06:11,583 [WARN] ModelIntegratedComponent:63 - No mode defined for component null
2024-11-19 20:06:11,583 [WARN] ModelIntegratedComponent:63 - No mode defined for component null
2024-11-19 20:06:11,583 [WARN] ModelIntegratedComponent:63 - No mode defined for component null
2024-11-19 20:06:11,583 [WARN] ModelIntegratedComponent:63 - No mode defined for component null
2024-11-19 20:06:11,583 [WARN] ModelIntegratedComponent:63 - No mode defined for component null
2024-11-19 20:06:11,583 [WARN] ModelIntegratedComponent:63 - No mode defined for component null
2024-11-19 20:06:11,583 [WARN] ModelIntegratedComponent:63 - No mode defined for component null
2024-11-19 20:06:11,583 [WARN] ModelIntegratedComponent:63 - No mode defined for component null
2024-11-19 20:06:11,583 [WARN] ModelIntegratedComponent:63 - No mode defined for component null
2024-11-19 20:06:11,584 [WARN] ModelPack:524 - Component already loaded: STMicroelectronics:HAL Drivers:0.0.0:STMicroelectronics:Device:STMicro_Driver:XSPI:HAL::0.0.1:HAL_XSPI
2024-11-19 20:06:11,615 [INFO] ThirdPartyModel:298 - Start build external matchings
2024-11-19 20:06:11,731 [INFO] ThirdPartyModel:316 - End build external matchings
2024-11-19 20:06:11,740 [INFO] RtosManager:919 - Current active RTOS is FREERTOS [Cortex-M4NS]
2024-11-19 20:06:11,767 [INFO] ImportTextPane:205 - (OptionalMessage_ERROR) IP (DMA) : Parameter (Instance) has Id (LPUART1_RX) currently not set
2024-11-19 20:06:11,768 [INFO] ImportTextPane:205 - (OptionalMessage_ERROR) IP (DMA) : Parameter (Request) has Id (LPUART1_RX) currently not set
2024-11-19 20:06:11,768 [INFO] ImportTextPane:205 - (OptionalMessage_ERROR) IP (DMA) : Parameter (Direction) has Id (LPUART1_RX) currently not set
2024-11-19 20:06:11,768 [INFO] ImportTextPane:205 - (OptionalMessage_ERROR) IP (DMA) : Parameter (PeriphInc) has Id (LPUART1_RX) currently not set
2024-11-19 20:06:11,768 [INFO] ImportTextPane:205 - (OptionalMessage_ERROR) IP (DMA) : Parameter (MemInc) has Id (LPUART1_RX) currently not set
2024-11-19 20:06:11,769 [INFO] ImportTextPane:205 - (OptionalMessage_ERROR) IP (DMA) : Parameter (PeriphDataAlignment) has Id (LPUART1_RX) currently not set
2024-11-19 20:06:11,770 [INFO] ImportTextPane:205 - (OptionalMessage_ERROR) IP (DMA) : Parameter (MemDataAlignment) has Id (LPUART1_RX) currently not set
2024-11-19 20:06:11,770 [INFO] ImportTextPane:205 - (OptionalMessage_ERROR) IP (DMA) : Parameter (Mode) has Id (LPUART1_RX) currently not set
2024-11-19 20:06:11,770 [INFO] ImportTextPane:205 - (OptionalMessage_ERROR) IP (DMA) : Parameter (Priority) has Id (LPUART1_RX) currently not set
2024-11-19 20:06:11,770 [INFO] ImportTextPane:205 - (OptionalMessage_ERROR) IP (DMA) : Parameter (SignalID) has Id (LPUART1_RX) currently not set
2024-11-19 20:06:11,770 [INFO] ImportTextPane:205 - (OptionalMessage_ERROR) IP (DMA) : Parameter (Polarity) has Id (LPUART1_RX) currently not set
2024-11-19 20:06:11,770 [INFO] ImportTextPane:205 - (OptionalMessage_ERROR) IP (DMA) : Parameter (RequestNumber) has Id (LPUART1_RX) currently not set
2024-11-19 20:06:11,770 [INFO] ImportTextPane:205 - (OptionalMessage_ERROR) IP (DMA) : Parameter (SyncSignalID) has Id (LPUART1_RX) currently not set
2024-11-19 20:06:11,771 [INFO] ImportTextPane:205 - (OptionalMessage_ERROR) IP (DMA) : Parameter (SyncPolarity) has Id (LPUART1_RX) currently not set
2024-11-19 20:06:11,771 [INFO] ImportTextPane:205 - (OptionalMessage_ERROR) IP (DMA) : Parameter (SyncEnable) has Id (LPUART1_RX) currently not set
2024-11-19 20:06:11,771 [INFO] ImportTextPane:205 - (OptionalMessage_ERROR) IP (DMA) : Parameter (EventEnable) has Id (LPUART1_RX) currently not set
2024-11-19 20:06:11,771 [INFO] ImportTextPane:205 - (OptionalMessage_ERROR) IP (DMA) : Parameter (SyncRequestNumber) has Id (LPUART1_RX) currently not set
2024-11-19 20:06:11,771 [INFO] ImportTextPane:205 - (OptionalMessage_ERROR) IP (DMA) : Parameter (Instance) has Id (LPUART1_TX) currently not set
2024-11-19 20:06:11,771 [INFO] ImportTextPane:205 - (OptionalMessage_ERROR) IP (DMA) : Parameter (Request) has Id (LPUART1_TX) currently not set
2024-11-19 20:06:11,771 [INFO] ImportTextPane:205 - (OptionalMessage_ERROR) IP (DMA) : Parameter (Direction) has Id (LPUART1_TX) currently not set
2024-11-19 20:06:11,771 [INFO] ImportTextPane:205 - (OptionalMessage_ERROR) IP (DMA) : Parameter (PeriphInc) has Id (LPUART1_TX) currently not set
2024-11-19 20:06:11,771 [INFO] ImportTextPane:205 - (OptionalMessage_ERROR) IP (DMA) : Parameter (MemInc) has Id (LPUART1_TX) currently not set
2024-11-19 20:06:11,771 [INFO] ImportTextPane:205 - (OptionalMessage_ERROR) IP (DMA) : Parameter (PeriphDataAlignment) has Id (LPUART1_TX) currently not set
2024-11-19 20:06:11,771 [INFO] ImportTextPane:205 - (OptionalMessage_ERROR) IP (DMA) : Parameter (MemDataAlignment) has Id (LPUART1_TX) currently not set
2024-11-19 20:06:11,771 [INFO] ImportTextPane:205 - (OptionalMessage_ERROR) IP (DMA) : Parameter (Mode) has Id (LPUART1_TX) currently not set
2024-11-19 20:06:11,771 [INFO] ImportTextPane:205 - (OptionalMessage_ERROR) IP (DMA) : Parameter (Priority) has Id (LPUART1_TX) currently not set
2024-11-19 20:06:11,771 [INFO] ImportTextPane:205 - (OptionalMessage_ERROR) IP (DMA) : Parameter (SignalID) has Id (LPUART1_TX) currently not set
2024-11-19 20:06:11,771 [INFO] ImportTextPane:205 - (OptionalMessage_ERROR) IP (DMA) : Parameter (Polarity) has Id (LPUART1_TX) currently not set
2024-11-19 20:06:11,772 [INFO] ImportTextPane:205 - (OptionalMessage_ERROR) IP (DMA) : Parameter (RequestNumber) has Id (LPUART1_TX) currently not set
2024-11-19 20:06:11,772 [INFO] ImportTextPane:205 - (OptionalMessage_ERROR) IP (DMA) : Parameter (SyncSignalID) has Id (LPUART1_TX) currently not set
2024-11-19 20:06:11,772 [INFO] ImportTextPane:205 - (OptionalMessage_ERROR) IP (DMA) : Parameter (SyncPolarity) has Id (LPUART1_TX) currently not set
2024-11-19 20:06:11,772 [INFO] ImportTextPane:205 - (OptionalMessage_ERROR) IP (DMA) : Parameter (SyncEnable) has Id (LPUART1_TX) currently not set
2024-11-19 20:06:11,772 [INFO] ImportTextPane:205 - (OptionalMessage_ERROR) IP (DMA) : Parameter (EventEnable) has Id (LPUART1_TX) currently not set
2024-11-19 20:06:11,772 [INFO] ImportTextPane:205 - (OptionalMessage_ERROR) IP (DMA) : Parameter (SyncRequestNumber) has Id (LPUART1_TX) currently not set
2024-11-19 20:06:11,772 [INFO] ImportTextPane:205 - (OptionalMessage_ERROR) IP (DMA) : Parameter (Instance) has Id (USART1_RX) currently not set
2024-11-19 20:06:11,772 [INFO] ImportTextPane:205 - (OptionalMessage_ERROR) IP (DMA) : Parameter (Request) has Id (USART1_RX) currently not set
2024-11-19 20:06:11,772 [INFO] ImportTextPane:205 - (OptionalMessage_ERROR) IP (DMA) : Parameter (Direction) has Id (USART1_RX) currently not set
2024-11-19 20:06:11,772 [INFO] ImportTextPane:205 - (OptionalMessage_ERROR) IP (DMA) : Parameter (PeriphInc) has Id (USART1_RX) currently not set
2024-11-19 20:06:11,772 [INFO] ImportTextPane:205 - (OptionalMessage_ERROR) IP (DMA) : Parameter (MemInc) has Id (USART1_RX) currently not set
2024-11-19 20:06:11,772 [INFO] ImportTextPane:205 - (OptionalMessage_ERROR) IP (DMA) : Parameter (PeriphDataAlignment) has Id (USART1_RX) currently not set
2024-11-19 20:06:11,772 [INFO] ImportTextPane:205 - (OptionalMessage_ERROR) IP (DMA) : Parameter (MemDataAlignment) has Id (USART1_RX) currently not set
2024-11-19 20:06:11,772 [INFO] ImportTextPane:205 - (OptionalMessage_ERROR) IP (DMA) : Parameter (Mode) has Id (USART1_RX) currently not set
2024-11-19 20:06:11,773 [INFO] ImportTextPane:205 - (OptionalMessage_ERROR) IP (DMA) : Parameter (Priority) has Id (USART1_RX) currently not set
2024-11-19 20:06:11,773 [INFO] ImportTextPane:205 - (OptionalMessage_ERROR) IP (DMA) : Parameter (SignalID) has Id (USART1_RX) currently not set
2024-11-19 20:06:11,773 [INFO] ImportTextPane:205 - (OptionalMessage_ERROR) IP (DMA) : Parameter (Polarity) has Id (USART1_RX) currently not set
2024-11-19 20:06:11,773 [INFO] ImportTextPane:205 - (OptionalMessage_ERROR) IP (DMA) : Parameter (RequestNumber) has Id (USART1_RX) currently not set
2024-11-19 20:06:11,773 [INFO] ImportTextPane:205 - (OptionalMessage_ERROR) IP (DMA) : Parameter (SyncSignalID) has Id (USART1_RX) currently not set
2024-11-19 20:06:11,773 [INFO] ImportTextPane:205 - (OptionalMessage_ERROR) IP (DMA) : Parameter (SyncPolarity) has Id (USART1_RX) currently not set
2024-11-19 20:06:11,774 [INFO] ImportTextPane:205 - (OptionalMessage_ERROR) IP (DMA) : Parameter (SyncEnable) has Id (USART1_RX) currently not set
2024-11-19 20:06:11,774 [INFO] ImportTextPane:205 - (OptionalMessage_ERROR) IP (DMA) : Parameter (EventEnable) has Id (USART1_RX) currently not set
2024-11-19 20:06:11,774 [INFO] ImportTextPane:205 - (OptionalMessage_ERROR) IP (DMA) : Parameter (SyncRequestNumber) has Id (USART1_RX) currently not set
2024-11-19 20:06:11,774 [INFO] ImportTextPane:205 - (OptionalMessage_ERROR) IP (DMA) : Parameter (Instance) has Id (USART1_TX) currently not set
2024-11-19 20:06:11,774 [INFO] ImportTextPane:205 - (OptionalMessage_ERROR) IP (DMA) : Parameter (Request) has Id (USART1_TX) currently not set
2024-11-19 20:06:11,774 [INFO] ImportTextPane:205 - (OptionalMessage_ERROR) IP (DMA) : Parameter (Direction) has Id (USART1_TX) currently not set
2024-11-19 20:06:11,774 [INFO] ImportTextPane:205 - (OptionalMessage_ERROR) IP (DMA) : Parameter (PeriphInc) has Id (USART1_TX) currently not set
2024-11-19 20:06:11,775 [INFO] ImportTextPane:205 - (OptionalMessage_ERROR) IP (DMA) : Parameter (MemInc) has Id (USART1_TX) currently not set
2024-11-19 20:06:11,775 [INFO] ImportTextPane:205 - (OptionalMessage_ERROR) IP (DMA) : Parameter (PeriphDataAlignment) has Id (USART1_TX) currently not set
2024-11-19 20:06:11,775 [INFO] ImportTextPane:205 - (OptionalMessage_ERROR) IP (DMA) : Parameter (MemDataAlignment) has Id (USART1_TX) currently not set
2024-11-19 20:06:11,775 [INFO] ImportTextPane:205 - (OptionalMessage_ERROR) IP (DMA) : Parameter (Mode) has Id (USART1_TX) currently not set
2024-11-19 20:06:11,775 [INFO] ImportTextPane:205 - (OptionalMessage_ERROR) IP (DMA) : Parameter (Priority) has Id (USART1_TX) currently not set
2024-11-19 20:06:11,775 [INFO] ImportTextPane:205 - (OptionalMessage_ERROR) IP (DMA) : Parameter (SignalID) has Id (USART1_TX) currently not set
2024-11-19 20:06:11,775 [INFO] ImportTextPane:205 - (OptionalMessage_ERROR) IP (DMA) : Parameter (Polarity) has Id (USART1_TX) currently not set
2024-11-19 20:06:11,775 [INFO] ImportTextPane:205 - (OptionalMessage_ERROR) IP (DMA) : Parameter (RequestNumber) has Id (USART1_TX) currently not set
2024-11-19 20:06:11,775 [INFO] ImportTextPane:205 - (OptionalMessage_ERROR) IP (DMA) : Parameter (SyncSignalID) has Id (USART1_TX) currently not set
2024-11-19 20:06:11,775 [INFO] ImportTextPane:205 - (OptionalMessage_ERROR) IP (DMA) : Parameter (SyncPolarity) has Id (USART1_TX) currently not set
2024-11-19 20:06:11,775 [INFO] ImportTextPane:205 - (OptionalMessage_ERROR) IP (DMA) : Parameter (SyncEnable) has Id (USART1_TX) currently not set
2024-11-19 20:06:11,776 [INFO] ImportTextPane:205 - (OptionalMessage_ERROR) IP (DMA) : Parameter (EventEnable) has Id (USART1_TX) currently not set
2024-11-19 20:06:11,776 [INFO] ImportTextPane:205 - (OptionalMessage_ERROR) IP (DMA) : Parameter (SyncRequestNumber) has Id (USART1_TX) currently not set
2024-11-19 20:06:11,789 [INFO] ImportTextPane:205 - (OptionalMessage_ERROR) IP (RCC) : Invalid parameter (FamilyName)
2024-11-19 20:06:11,790 [INFO] ImportTextPane:205 - (OptionalMessage_ERROR) IP (RCC) : Parameter (RNGFreq_Value) has invalid value (170000000)
2024-11-19 20:06:11,791 [INFO] ImportTextPane:205 - (OptionalMessage_ERROR) IP (RCC) : Parameter (USBFreq_Value) has invalid value (170000000)
2024-11-19 20:06:12,415 [INFO] ApiDb:581 - Connected to CubeFinder SQLite database (/home/kireiji/.stmcufinder/plugins/mcufinder/mcu/cube-finder-db.db)
2024-11-19 20:06:12,484 [INFO] ApiDb:668 - CubeFinder database Data Model version=2.1
2024-11-19 20:06:12,484 [INFO] ApiDb:669 - CubeFinder database Configuration version=3.0.39
2024-11-19 20:06:12,485 [INFO] ApiDb:670 - CubeFinder database generation date=2024-10-15 (1729006872)
2024-11-19 20:06:12,486 [INFO] ApiDb:671 - CubeFinder database FW Pack versions=[FP-ATR-ASTRA1_V2.0.0, FP-SNS-FLIGHT1_V5.0.2, FP-SNS-MOTENV1_V5.0.0, FP-SNS-MOTENVWB1_V1.4.0, FP-SNS-SMARTAG2_V1.2.0, FP-SNS-STBOX1_V2.0.0, STM32Cube_FW_C0_V1.2.0, STM32Cube_FW_F4_V1.28.1, STM32Cube_FW_F7_V1.17.2, STM32Cube_FW_G0_V1.6.2, STM32Cube_FW_G4_V1.6.0, STM32Cube_FW_H5_V1.3.0, STM32Cube_FW_H7RS_V1.1.0, STM32Cube_FW_H7_V1.11.2, STM32Cube_FW_L0_V1.12.2, STM32Cube_FW_L5_V1.5.1, STM32Cube_FW_U0_V1.1.0, STM32Cube_FW_U5_V1.6.0, STM32Cube_FW_WB0_V1.0.0, STM32Cube_FW_WBA_V1.4.1, STM32Cube_FW_WB_V1.20.0, STM32Cube_FW_WL_V1.3.0, X-CUBE-ALGOBUILD_V1.4.0, X-CUBE-ALS_V1.0.2, X-CUBE-AZRTOS-F4_V1.1.0, X-CUBE-AZRTOS-F7_V1.1.0, X-CUBE-AZRTOS-G0_V1.1.0, X-CUBE-AZRTOS-G4_V2.0.0, X-CUBE-AZRTOS-H7RS_V1.0.0, X-CUBE-AZRTOS-H7_V3.3.0, X-CUBE-AZRTOS-L4_V2.0.0, X-CUBE-AZRTOS-L5_V2.0.0, X-CUBE-AZRTOS-WB_V2.0.0, X-CUBE-AZRTOS-WL_V2.0.0, X-CUBE-BLE1_V7.0.0, X-CUBE-BLE2_V3.3.0, X-CUBE-BLEMGR_V3.1.0, X-CUBE-EEPRMA1_V5.1.0, X-CUBE-FREERTOS_V1.2.0, X-CUBE-GNSS1_V6.0.0, X-CUBE-MEMS1_V11.0.0, X-CUBE-NFC4_V3.0.0, X-CUBE-NFC7_V1.0.1, X-CUBE-SFXS2LP1_V4.0.0, X-CUBE-SUBG2_V5.0.0, X-CUBE-TOF1_V3.4.2]
2024-11-19 20:06:12,597 [INFO] DbBoardsSqlite:226 - include board P-NUCLEO-WB55-NUCLEO as a kit item of type 'Nucleo-64'
2024-11-19 20:06:12,598 [INFO] DbBoardsSqlite:226 - include board P-NUCLEO-WB55-USBDONGLE as a kit item of type 'Nucleo USB Dongle'
2024-11-19 20:06:12,599 [INFO] DbBoardsSqlite:226 - include board STEVAL-IDP005V1 as a kit item of type 'Evaluation Board'
2024-11-19 20:06:12,600 [INFO] DbBoardsSqlite:226 - include board STEVAL-IDP005V2 as a kit item of type 'Evaluation Board'
2024-11-19 20:06:12,699 [INFO] ApiDb:240 - Found 646 in-development CPN: [B-G473E-ZEST1S, B-WB1M-WPAN1, B-WL5M-SUBG1, NUCLEO-C031C6, NUCLEO-C071RB, NUCLEO-H503RB, NUCLEO-H533RE, NUCLEO-H563ZI, NUCLEO-H7S3L8, NUCLEO-U031R8, NUCLEO-U083RC, NUCLEO-U545RE-Q, NUCLEO-U5A5ZJ-Q, NUCLEO-WB05KZ, NUCLEO-WB07CC, NUCLEO-WB09KE, NUCLEO-WBA52CG, NUCLEO-WBA55CG, STEVAL-PROTEUS1, STEVAL-SMARTAG2, STEVAL-STWINBX1, STM320518-EVAL, STM32C0116-DK, STM32C011D6Y3TR, STM32C011D6Y6TR, STM32C011F4P3, STM32C011F4P6, STM32C011F4U3, STM32C011F4U6TR, STM32C011F6P3, STM32C011F6P6, STM32C011F6U3, STM32C011F6U6TR, STM32C011J4M3, STM32C011J4M6, STM32C011J6M3, STM32C011J6M6, STM32C0316-DK, STM32C031C4T3, STM32C031C4T6, STM32C031C4U3, STM32C031C4U6, STM32C031C6T3, STM32C031C6T6, STM32C031C6U3, STM32C031C6U6, STM32C031F4P3, STM32C031F4P6, STM32C031F6P3, STM32C031F6P6, STM32C031G4U3, STM32C031G4U6, STM32C031G6U3, STM32C031G6U6, STM32C031K4T3, STM32C031K4T6, STM32C031K4U3, STM32C031K4U6, STM32C031K6T3, STM32C031K6T6, STM32C031K6U3, STM32C031K6U6, STM32C071C8T6, STM32C071C8T6N, STM32C071C8U6, STM32C071C8U6N, STM32C071CBT6, STM32C071CBT6N, STM32C071CBU6, STM32C071CBU6N, STM32C071F8P6, STM32C071F8P6N, STM32C071FBP6, STM32C071FBP6N, STM32C071FBY6TR, STM32C071G8U6, STM32C071G8U6N, STM32C071GBU6, STM32C071GBU6N, STM32C071K8T6, STM32C071K8T6N, STM32C071K8U6, STM32C071K8U6N, STM32C071KBT6, STM32C071KBT6N, STM32C071KBU6, STM32C071KBU6N, STM32C071R8T6, STM32C071R8T6N, STM32C071RBI6N, STM32C071RBT6, STM32C071RBT6N, STM32G071K8TXN, STM32G071K8UXN, STM32G081GBU6N, STM32G081KBT6N, STM32G081KBUXN, STM32G0B1CCT6N, STM32G0B1KCT6, STM32G0B1NEY6TR, STM32G0B1RCT6N, STM32G0C1CCT6, STM32G0C1CCT6N, STM32G0C1CCU6N, STM32G0C1CET6N, STM32G0C1CEU6N, STM32G0C1KCT6, STM32G0C1NEY6TR, STM32G0C1RCI6N, STM32G0C1RCT6N, STM32G0C1REI6N, STM32G0C1RET6N, STM32G0C1VCI6, STM32G0C1VEI6, STM32G411C6T3, STM32G411C6T6, STM32G411C6U3, STM32G411C6U6, STM32G411C8T3, STM32G411C8T6, STM32G411C8U3, STM32G411C8U6, STM32G411CBT3, STM32G411CBT6, STM32G411CBU3, STM32G411CBU6, STM32G411K6T3, STM32G411K6T6, STM32G411K6U3, STM32G411K6U6, STM32G411K8T3, STM32G411K8T6, STM32G411K8U3, STM32G411K8U6, STM32G411KBT3, STM32G411KBT6, STM32G411KBU3, STM32G411KBU6, STM32G411M6T3, STM32G411M6T6, STM32G411M8T3, STM32G411M8T6, STM32G411MBT3, STM32G411MBT6, STM32G411R6T3, STM32G411R6T6, STM32G411R8T3, STM32G411R8T6, STM32G411RBT3, STM32G411RBT6, STM32G414CBT3, STM32G414CBT6, STM32G414CBU3, STM32G414CBU6, STM32G414CCT3, STM32G414CCT6, STM32G414CCU3, STM32G414CCU6, STM32G414MBT3, STM32G414MBT6, STM32G414MCT3, STM32G414MCT6, STM32G414RBT3, STM32G414RBT6, STM32G414RCT3, STM32G414RCT6, STM32G414VBT3, STM32G414VBT6, STM32G414VCT3, STM32G414VCT6, STM32G431CBT3Z, STM32G431RBT3Z, STM32G471CCT6, STM32G471CCU6, STM32G471CET3, STM32G471CET6, STM32G471CEU3, STM32G471CEU6, STM32G471MCT6, STM32G471MET3, STM32G471MET6, STM32G471MEY6TR, STM32G471QCT6, STM32G471QET3, STM32G471RCT6, STM32G471RET3, STM32G471RET6, STM32G471VCH6, STM32G471VCI6, STM32G471VCT6, STM32G471VEH3, STM32G471VEH6, STM32G471VEI3, STM32G471VEI6, STM32G471VET3, STM32G471VET6, STM32G473QET3Z, STM32G473RET3Z, STM32G474CCT6, STM32G491RET3Z, STM32H503CBT6, STM32H503CBU6, STM32H503EBY6TR, STM32H503KBU6, STM32H503RBT6, STM32H523CCT6, STM32H523CCU6, STM32H523CET6, STM32H523CEU6, STM32H523HEY6TR, STM32H523RCT6, STM32H523RET6, STM32H523VCI6, STM32H523VCT6, STM32H523VEI6, STM32H523VET6, STM32H523ZCJ6, STM32H523ZCT6, STM32H523ZEJ6, STM32H523ZET6, STM32H533CET6, STM32H533CEU6, STM32H533HEY6TR, STM32H533RET6, STM32H533VEI6, STM32H533VET6, STM32H533ZEJ6, STM32H533ZET6, STM32H562AGI6, STM32H562AII6, STM32H562IGK6, STM32H562IGT6, STM32H562IIK6, STM32H562IIT6, STM32H562RGT6, STM32H562RGV6, STM32H562RIT6, STM32H562RIV6, STM32H562VGT6, STM32H562VIT6, STM32H562ZGT6, STM32H562ZIT6, STM32H563AGI6, STM32H563AII3Q, STM32H563AII6, STM32H563IGK6, STM32H563IGT6, STM32H563IIK3Q, STM32H563IIK6, STM32H563IIT3Q, STM32H563IIT6, STM32H563MIY3QTR, STM32H563RGT6, STM32H563RGV6, STM32H563RIT6, STM32H563RIV6, STM32H563VGT6, STM32H563VIT3Q, STM32H563VIT6, STM32H563ZGT6, STM32H563ZIT3Q, STM32H563ZIT6, STM32H573AII3Q, STM32H573AII6, STM32H573I-DK, STM32H573IIK3Q, STM32H573IIK6, STM32H573IIT3Q, STM32H573IIT6, STM32H573MIY3QTR, STM32H573RIT6, STM32H573RIV6, STM32H573VIT3Q, STM32H573VIT6, STM32H573ZIT3Q, STM32H573ZIT6, STM32H7R3A8I6, STM32H7R3I8K6, STM32H7R3I8T6, STM32H7R3L8H6, STM32H7R3L8H6H, STM32H7R3R8V6, STM32H7R3V8H6, STM32H7R3V8T6, STM32H7R3V8Y6TR, STM32H7R3Z8J6, STM32H7R3Z8T6, STM32H7R7A8I6, STM32H7R7I8K6, STM32H7R7I8T6, STM32H7R7L8H6, STM32H7R7L8H6H, STM32H7R7Z8J6, STM32H7S3A8I6, STM32H7S3I8K6, STM32H7S3I8T6, STM32H7S3L8H6, STM32H7S3L8H6H, STM32H7S3R8V6, STM32H7S3V8H6, STM32H7S3V8T6, STM32H7S3V8Y6TR, STM32H7S3Z8J6, STM32H7S3Z8T6, STM32H7S78-DK, STM32H7S7A8I6, STM32H7S7I8K6, STM32H7S7I8T6, STM32H7S7L8H6, STM32H7S7L8H6H, STM32H7S7Z8J6, STM32L4R5QGI6STR, STM32MP131AAE3, STM32MP131AAF3, STM32MP131AAG3, STM32MP131CAE3, STM32MP131CAF3, STM32MP131CAG3, STM32MP131DAE7, STM32MP131DAF7, STM32MP131DAG7, STM32MP131FAE7, STM32MP131FAF7, STM32MP131FAG7, STM32MP133AAE3, STM32MP133AAF3, STM32MP133AAG3, STM32MP133CAE3, STM32MP133CAF3, STM32MP133CAG3, STM32MP133DAE7, STM32MP133DAF7, STM32MP133DAG7, STM32MP133FAE7, STM32MP133FAF7, STM32MP133FAG7, STM32MP135AAE3, STM32MP135AAF3, STM32MP135AAG3, STM32MP135CAE3, STM32MP135CAF3, STM32MP135CAG3, STM32MP135DAE7, STM32MP135DAF7, STM32MP135DAG7, STM32MP135F-DK, STM32MP135FAE7, STM32MP135FAF7, STM32MP135FAF7T, STM32MP135FAF7U, STM32MP135FAG7, STM32MP251AAI3, STM32MP251AAK3, STM32MP251AAL3, STM32MP251CAI3, STM32MP251CAK3, STM32MP251CAL3, STM32MP251DAI3, STM32MP251DAK3, STM32MP251DAL3, STM32MP251FAI3, STM32MP251FAK3, STM32MP251FAL3, STM32MP253AAI3, STM32MP253AAK3, STM32MP253AAL3, STM32MP253CAI3, STM32MP253CAK3, STM32MP253CAL3, STM32MP253DAI3, STM32MP253DAK3, STM32MP253DAL3, STM32MP253FAI3, STM32MP253FAK3, STM32MP253FAL3, STM32MP255AAI3, STM32MP255AAK3, STM32MP255AAL3, STM32MP255CAI3, STM32MP255CAK3, STM32MP255CAL3, STM32MP255DAI3, STM32MP255DAK3, STM32MP255DAL3, STM32MP255FAI3, STM32MP255FAK3, STM32MP255FAL3, STM32MP257AAI3, STM32MP257AAK3, STM32MP257AAL3, STM32MP257CAI3, STM32MP257CAK3, STM32MP257CAL3, STM32MP257DAI3, STM32MP257DAK3, STM32MP257DAL3, STM32MP257F-DK, STM32MP257F-EV1, STM32MP257FAI3, STM32MP257FAK3, STM32MP257FAL3, STM32U031C6T6, STM32U031C6U6, STM32U031C8T6, STM32U031C8U6, STM32U031F4P6, STM32U031F6P6, STM32U031F8P6, STM32U031G6Y6TR, STM32U031G8Y6TR, STM32U031K4U6, STM32U031K6U6, STM32U031K8U6, STM32U031R6I6, STM32U031R6T6, STM32U031R8I6, STM32U031R8T6, STM32U073C8T6, STM32U073C8U6, STM32U073CBT6, STM32U073CBU6, STM32U073CCT6, STM32U073CCU6, STM32U073H8Y6TR, STM32U073HBY6TR, STM32U073HCY6TR, STM32U073K8U6, STM32U073KBU6, STM32U073KCU6, STM32U073M8I6, STM32U073M8T6, STM32U073MBI6, STM32U073MBT6, STM32U073MCI6, STM32U073MCT6, STM32U073R8I6, STM32U073R8T6, STM32U073RBI6, STM32U073RBT6, STM32U073RCI6, STM32U073RCT6, STM32U083C-DK, STM32U083CCT6, STM32U083CCU6, STM32U083HCY6TR, STM32U083KCU6, STM32U083MCI6, STM32U083MCT6, STM32U083RCI6, STM32U083RCT6, STM32U535CBT6, STM32U535CBT6Q, STM32U535CBU6, STM32U535CBU6Q, STM32U535CCT6, STM32U535CCT6Q, STM32U535CCU6, STM32U535CCU6Q, STM32U535CET6, STM32U535CET6Q, STM32U535CEU6, STM32U535CEU6Q, STM32U535JEY6QTR, STM32U535NCY6QTR, STM32U535NEY6QTR, STM32U535RBI6, STM32U535RBI6Q, STM32U535RBT6, STM32U535RBT6Q, STM32U535RCI6, STM32U535RCI6Q, STM32U535RCT6, STM32U535RCT6Q, STM32U535REI6, STM32U535REI6Q, STM32U535RET6, STM32U535RET6Q, STM32U535VCI6, STM32U535VCI6Q, STM32U535VCT6, STM32U535VCT6Q, STM32U535VEI6, STM32U535VEI6Q, STM32U535VET6, STM32U535VET6Q, STM32U545CET6, STM32U545CET6Q, STM32U545CEU6, STM32U545CEU6Q, STM32U545JEY6QTR, STM32U545NEY6QTR, STM32U545REI6, STM32U545REI6Q, STM32U545RET6, STM32U545RET6Q, STM32U545VEI6, STM32U545VEI6Q, STM32U545VET6, STM32U545VET6Q, STM32U595AIH6, STM32U595AIH6Q, STM32U595AJH6, STM32U595AJH6Q, STM32U595QII6, STM32U595QII6Q, STM32U595QJI6, STM32U595QJI6Q, STM32U595RIT6, STM32U595RIT6Q, STM32U595RJT6, STM32U595RJT6Q, STM32U595VIT6, STM32U595VIT6Q, STM32U595VJT6, STM32U595VJT6Q, STM32U595ZIT6, STM32U595ZIT6Q, STM32U595ZIY6QTR, STM32U595ZJT6, STM32U595ZJT6Q, STM32U595ZJY6QTR, STM32U599BJY6QTR, STM32U599NIH6Q, STM32U599NJH6Q, STM32U599VIT6Q, STM32U599VJT6, STM32U599VJT6Q, STM32U599ZIT6Q, STM32U599ZIY6QTR, STM32U599ZJT6Q, STM32U599ZJY6QTR, STM32U5A5AJH6, STM32U5A5AJH6Q, STM32U5A5QII3Q , STM32U5A5QJI6, STM32U5A5QJI6Q, STM32U5A5RJT6, STM32U5A5RJT6Q, STM32U5A5VJT6, STM32U5A5VJT6Q, STM32U5A5ZJT6, STM32U5A5ZJT6Q, STM32U5A5ZJY6QTR, STM32U5A9BJY6QTR, STM32U5A9J-DK, STM32U5A9NJH6Q, STM32U5A9VJT6Q, STM32U5A9ZJT6Q, STM32U5A9ZJY6QTR, STM32U5F7VIT6, STM32U5F7VIT6Q, STM32U5F7VJT6, STM32U5F7VJT6Q, STM32U5F9BJY6QTR, STM32U5F9NJH6Q, STM32U5F9VIT6Q, STM32U5F9VJT6Q, STM32U5F9ZIJ6QTR, STM32U5F9ZIT6Q, STM32U5F9ZJJ6QTR, STM32U5F9ZJT6Q, STM32U5G7VJT6, STM32U5G7VJT6Q, STM32U5G9BJY6QTR, STM32U5G9J-DK1, STM32U5G9J-DK2, STM32U5G9NJH6Q, STM32U5G9VJT6Q, STM32U5G9ZJJ6QTR, STM32U5G9ZJT6Q, STM32WB05KZV6TR, STM32WB05KZV7TR, STM32WB05TZF6TR, STM32WB05TZF7TR, STM32WB06CCF6TR, STM32WB06CCF7TR, STM32WB06CCV6TR, STM32WB06CCV7TR, STM32WB06KCV6TR, STM32WB06KCV7TR, STM32WB07CCF6TR, STM32WB07CCF7TR, STM32WB07CCV6TR, STM32WB07CCV7TR, STM32WB07KCV6TR, STM32WB07KCV7TR, STM32WB09KEV6TR, STM32WB09KEV7TR, STM32WB09TEF6TR, STM32WB09TEF7TR, STM32WB1MMCH6, STM32WBA50KGU6, STM32WBA50KGU6TR, STM32WBA52CEU6, STM32WBA52CEU6TR, STM32WBA52CEU7, STM32WBA52CEU7TR, STM32WBA52CGU6, STM32WBA52CGU6TR, STM32WBA52CGU6U, STM32WBA52CGU7, STM32WBA52CGU7TR, STM32WBA52KEU6, STM32WBA52KEU6TR, STM32WBA52KGU6, STM32WBA52KGU6TR, STM32WBA54CEU6, STM32WBA54CEU6TR, STM32WBA54CEU7, STM32WBA54CEU7TR, STM32WBA54CGU6, STM32WBA54CGU6TR, STM32WBA54CGU7, STM32WBA54CGU7TR, STM32WBA54KEU6, STM32WBA54KEU6TR, STM32WBA54KEU7, STM32WBA54KEU7TR, STM32WBA54KGU6, STM32WBA54KGU6TR, STM32WBA54KGU7, STM32WBA54KGU7TR, STM32WBA55CEU6, STM32WBA55CEU6TR, STM32WBA55CEU7, STM32WBA55CEU7TR, STM32WBA55CGU6, STM32WBA55CGU6TR, STM32WBA55CGU6U, STM32WBA55CGU7, STM32WBA55CGU7TR, STM32WBA55G-DK1, STM32WBA55HEF6, STM32WBA55HEF7, STM32WBA55HGF6, STM32WBA55HGF7, STM32WBA55UEI6, STM32WBA55UEI6TR, STM32WBA55UEI7, STM32WBA55UEI7TR, STM32WBA55UGI6, STM32WBA55UGI6TR, STM32WBA55UGI7, STM32WBA55UGI7TR, STM32WL5MOCH6, STM32WL5MOCH6TR]
2024-11-19 20:06:12,816 [INFO] BoardInfo:889 - No configuration file found for board P-NUCLEO-WB55
2024-11-19 20:06:12,817 [INFO] DbBoards:161 - Kit is not supported: P-NUCLEO-WB55
2024-11-19 20:06:12,820 [INFO] BoardInfo:889 - No configuration file found for board STEVAL-BFA001V1B
2024-11-19 20:06:12,821 [INFO] DbBoards:161 - Kit is not supported: STEVAL-BFA001V1B
2024-11-19 20:06:12,822 [INFO] BoardInfo:889 - No configuration file found for board STEVAL-BFA001V2B
2024-11-19 20:06:12,823 [INFO] DbBoards:161 - Kit is not supported: STEVAL-BFA001V2B
2024-11-19 20:06:12,936 [INFO] DbBoards:168 - Found 201 boards, 198 are supported
2024-11-19 20:06:12,937 [INFO] DbBoards:169 - Found 201 boards, 25 of them is supported for  Bsp
2024-11-19 20:06:12,941 [INFO] ApiDb:668 - CubeFinder database Data Model version=2.1
2024-11-19 20:06:12,941 [INFO] ApiDb:669 - CubeFinder database Configuration version=3.0.39
2024-11-19 20:06:12,941 [INFO] ApiDb:670 - CubeFinder database generation date=2024-10-15 (1729006872)
2024-11-19 20:06:12,941 [INFO] ApiDb:671 - CubeFinder database FW Pack versions=[FP-ATR-ASTRA1_V2.0.0, FP-SNS-FLIGHT1_V5.0.2, FP-SNS-MOTENV1_V5.0.0, FP-SNS-MOTENVWB1_V1.4.0, FP-SNS-SMARTAG2_V1.2.0, FP-SNS-STBOX1_V2.0.0, STM32Cube_FW_C0_V1.2.0, STM32Cube_FW_F4_V1.28.1, STM32Cube_FW_F7_V1.17.2, STM32Cube_FW_G0_V1.6.2, STM32Cube_FW_G4_V1.6.0, STM32Cube_FW_H5_V1.3.0, STM32Cube_FW_H7RS_V1.1.0, STM32Cube_FW_H7_V1.11.2, STM32Cube_FW_L0_V1.12.2, STM32Cube_FW_L5_V1.5.1, STM32Cube_FW_U0_V1.1.0, STM32Cube_FW_U5_V1.6.0, STM32Cube_FW_WB0_V1.0.0, STM32Cube_FW_WBA_V1.4.1, STM32Cube_FW_WB_V1.20.0, STM32Cube_FW_WL_V1.3.0, X-CUBE-ALGOBUILD_V1.4.0, X-CUBE-ALS_V1.0.2, X-CUBE-AZRTOS-F4_V1.1.0, X-CUBE-AZRTOS-F7_V1.1.0, X-CUBE-AZRTOS-G0_V1.1.0, X-CUBE-AZRTOS-G4_V2.0.0, X-CUBE-AZRTOS-H7RS_V1.0.0, X-CUBE-AZRTOS-H7_V3.3.0, X-CUBE-AZRTOS-L4_V2.0.0, X-CUBE-AZRTOS-L5_V2.0.0, X-CUBE-AZRTOS-WB_V2.0.0, X-CUBE-AZRTOS-WL_V2.0.0, X-CUBE-BLE1_V7.0.0, X-CUBE-BLE2_V3.3.0, X-CUBE-BLEMGR_V3.1.0, X-CUBE-EEPRMA1_V5.1.0, X-CUBE-FREERTOS_V1.2.0, X-CUBE-GNSS1_V6.0.0, X-CUBE-MEMS1_V11.0.0, X-CUBE-NFC4_V3.0.0, X-CUBE-NFC7_V1.0.1, X-CUBE-SFXS2LP1_V4.0.0, X-CUBE-SUBG2_V5.0.0, X-CUBE-TOF1_V3.4.2]
2024-11-19 20:06:15,752 [INFO] ApiDb:240 - Found 646 in-development CPN: [B-G473E-ZEST1S, B-WB1M-WPAN1, B-WL5M-SUBG1, NUCLEO-C031C6, NUCLEO-C071RB, NUCLEO-H503RB, NUCLEO-H533RE, NUCLEO-H563ZI, NUCLEO-H7S3L8, NUCLEO-U031R8, NUCLEO-U083RC, NUCLEO-U545RE-Q, NUCLEO-U5A5ZJ-Q, NUCLEO-WB05KZ, NUCLEO-WB07CC, NUCLEO-WB09KE, NUCLEO-WBA52CG, NUCLEO-WBA55CG, STEVAL-PROTEUS1, STEVAL-SMARTAG2, STEVAL-STWINBX1, STM320518-EVAL, STM32C0116-DK, STM32C011D6Y3TR, STM32C011D6Y6TR, STM32C011F4P3, STM32C011F4P6, STM32C011F4U3, STM32C011F4U6TR, STM32C011F6P3, STM32C011F6P6, STM32C011F6U3, STM32C011F6U6TR, STM32C011J4M3, STM32C011J4M6, STM32C011J6M3, STM32C011J6M6, STM32C0316-DK, STM32C031C4T3, STM32C031C4T6, STM32C031C4U3, STM32C031C4U6, STM32C031C6T3, STM32C031C6T6, STM32C031C6U3, STM32C031C6U6, STM32C031F4P3, STM32C031F4P6, STM32C031F6P3, STM32C031F6P6, STM32C031G4U3, STM32C031G4U6, STM32C031G6U3, STM32C031G6U6, STM32C031K4T3, STM32C031K4T6, STM32C031K4U3, STM32C031K4U6, STM32C031K6T3, STM32C031K6T6, STM32C031K6U3, STM32C031K6U6, STM32C071C8T6, STM32C071C8T6N, STM32C071C8U6, STM32C071C8U6N, STM32C071CBT6, STM32C071CBT6N, STM32C071CBU6, STM32C071CBU6N, STM32C071F8P6, STM32C071F8P6N, STM32C071FBP6, STM32C071FBP6N, STM32C071FBY6TR, STM32C071G8U6, STM32C071G8U6N, STM32C071GBU6, STM32C071GBU6N, STM32C071K8T6, STM32C071K8T6N, STM32C071K8U6, STM32C071K8U6N, STM32C071KBT6, STM32C071KBT6N, STM32C071KBU6, STM32C071KBU6N, STM32C071R8T6, STM32C071R8T6N, STM32C071RBI6N, STM32C071RBT6, STM32C071RBT6N, STM32G071K8TXN, STM32G071K8UXN, STM32G081GBU6N, STM32G081KBT6N, STM32G081KBUXN, STM32G0B1CCT6N, STM32G0B1KCT6, STM32G0B1NEY6TR, STM32G0B1RCT6N, STM32G0C1CCT6, STM32G0C1CCT6N, STM32G0C1CCU6N, STM32G0C1CET6N, STM32G0C1CEU6N, STM32G0C1KCT6, STM32G0C1NEY6TR, STM32G0C1RCI6N, STM32G0C1RCT6N, STM32G0C1REI6N, STM32G0C1RET6N, STM32G0C1VCI6, STM32G0C1VEI6, STM32G411C6T3, STM32G411C6T6, STM32G411C6U3, STM32G411C6U6, STM32G411C8T3, STM32G411C8T6, STM32G411C8U3, STM32G411C8U6, STM32G411CBT3, STM32G411CBT6, STM32G411CBU3, STM32G411CBU6, STM32G411K6T3, STM32G411K6T6, STM32G411K6U3, STM32G411K6U6, STM32G411K8T3, STM32G411K8T6, STM32G411K8U3, STM32G411K8U6, STM32G411KBT3, STM32G411KBT6, STM32G411KBU3, STM32G411KBU6, STM32G411M6T3, STM32G411M6T6, STM32G411M8T3, STM32G411M8T6, STM32G411MBT3, STM32G411MBT6, STM32G411R6T3, STM32G411R6T6, STM32G411R8T3, STM32G411R8T6, STM32G411RBT3, STM32G411RBT6, STM32G414CBT3, STM32G414CBT6, STM32G414CBU3, STM32G414CBU6, STM32G414CCT3, STM32G414CCT6, STM32G414CCU3, STM32G414CCU6, STM32G414MBT3, STM32G414MBT6, STM32G414MCT3, STM32G414MCT6, STM32G414RBT3, STM32G414RBT6, STM32G414RCT3, STM32G414RCT6, STM32G414VBT3, STM32G414VBT6, STM32G414VCT3, STM32G414VCT6, STM32G431CBT3Z, STM32G431RBT3Z, STM32G471CCT6, STM32G471CCU6, STM32G471CET3, STM32G471CET6, STM32G471CEU3, STM32G471CEU6, STM32G471MCT6, STM32G471MET3, STM32G471MET6, STM32G471MEY6TR, STM32G471QCT6, STM32G471QET3, STM32G471RCT6, STM32G471RET3, STM32G471RET6, STM32G471VCH6, STM32G471VCI6, STM32G471VCT6, STM32G471VEH3, STM32G471VEH6, STM32G471VEI3, STM32G471VEI6, STM32G471VET3, STM32G471VET6, STM32G473QET3Z, STM32G473RET3Z, STM32G474CCT6, STM32G491RET3Z, STM32H503CBT6, STM32H503CBU6, STM32H503EBY6TR, STM32H503KBU6, STM32H503RBT6, STM32H523CCT6, STM32H523CCU6, STM32H523CET6, STM32H523CEU6, STM32H523HEY6TR, STM32H523RCT6, STM32H523RET6, STM32H523VCI6, STM32H523VCT6, STM32H523VEI6, STM32H523VET6, STM32H523ZCJ6, STM32H523ZCT6, STM32H523ZEJ6, STM32H523ZET6, STM32H533CET6, STM32H533CEU6, STM32H533HEY6TR, STM32H533RET6, STM32H533VEI6, STM32H533VET6, STM32H533ZEJ6, STM32H533ZET6, STM32H562AGI6, STM32H562AII6, STM32H562IGK6, STM32H562IGT6, STM32H562IIK6, STM32H562IIT6, STM32H562RGT6, STM32H562RGV6, STM32H562RIT6, STM32H562RIV6, STM32H562VGT6, STM32H562VIT6, STM32H562ZGT6, STM32H562ZIT6, STM32H563AGI6, STM32H563AII3Q, STM32H563AII6, STM32H563IGK6, STM32H563IGT6, STM32H563IIK3Q, STM32H563IIK6, STM32H563IIT3Q, STM32H563IIT6, STM32H563MIY3QTR, STM32H563RGT6, STM32H563RGV6, STM32H563RIT6, STM32H563RIV6, STM32H563VGT6, STM32H563VIT3Q, STM32H563VIT6, STM32H563ZGT6, STM32H563ZIT3Q, STM32H563ZIT6, STM32H573AII3Q, STM32H573AII6, STM32H573I-DK, STM32H573IIK3Q, STM32H573IIK6, STM32H573IIT3Q, STM32H573IIT6, STM32H573MIY3QTR, STM32H573RIT6, STM32H573RIV6, STM32H573VIT3Q, STM32H573VIT6, STM32H573ZIT3Q, STM32H573ZIT6, STM32H7R3A8I6, STM32H7R3I8K6, STM32H7R3I8T6, STM32H7R3L8H6, STM32H7R3L8H6H, STM32H7R3R8V6, STM32H7R3V8H6, STM32H7R3V8T6, STM32H7R3V8Y6TR, STM32H7R3Z8J6, STM32H7R3Z8T6, STM32H7R7A8I6, STM32H7R7I8K6, STM32H7R7I8T6, STM32H7R7L8H6, STM32H7R7L8H6H, STM32H7R7Z8J6, STM32H7S3A8I6, STM32H7S3I8K6, STM32H7S3I8T6, STM32H7S3L8H6, STM32H7S3L8H6H, STM32H7S3R8V6, STM32H7S3V8H6, STM32H7S3V8T6, STM32H7S3V8Y6TR, STM32H7S3Z8J6, STM32H7S3Z8T6, STM32H7S78-DK, STM32H7S7A8I6, STM32H7S7I8K6, STM32H7S7I8T6, STM32H7S7L8H6, STM32H7S7L8H6H, STM32H7S7Z8J6, STM32L4R5QGI6STR, STM32MP131AAE3, STM32MP131AAF3, STM32MP131AAG3, STM32MP131CAE3, STM32MP131CAF3, STM32MP131CAG3, STM32MP131DAE7, STM32MP131DAF7, STM32MP131DAG7, STM32MP131FAE7, STM32MP131FAF7, STM32MP131FAG7, STM32MP133AAE3, STM32MP133AAF3, STM32MP133AAG3, STM32MP133CAE3, STM32MP133CAF3, STM32MP133CAG3, STM32MP133DAE7, STM32MP133DAF7, STM32MP133DAG7, STM32MP133FAE7, STM32MP133FAF7, STM32MP133FAG7, STM32MP135AAE3, STM32MP135AAF3, STM32MP135AAG3, STM32MP135CAE3, STM32MP135CAF3, STM32MP135CAG3, STM32MP135DAE7, STM32MP135DAF7, STM32MP135DAG7, STM32MP135F-DK, STM32MP135FAE7, STM32MP135FAF7, STM32MP135FAF7T, STM32MP135FAF7U, STM32MP135FAG7, STM32MP251AAI3, STM32MP251AAK3, STM32MP251AAL3, STM32MP251CAI3, STM32MP251CAK3, STM32MP251CAL3, STM32MP251DAI3, STM32MP251DAK3, STM32MP251DAL3, STM32MP251FAI3, STM32MP251FAK3, STM32MP251FAL3, STM32MP253AAI3, STM32MP253AAK3, STM32MP253AAL3, STM32MP253CAI3, STM32MP253CAK3, STM32MP253CAL3, STM32MP253DAI3, STM32MP253DAK3, STM32MP253DAL3, STM32MP253FAI3, STM32MP253FAK3, STM32MP253FAL3, STM32MP255AAI3, STM32MP255AAK3, STM32MP255AAL3, STM32MP255CAI3, STM32MP255CAK3, STM32MP255CAL3, STM32MP255DAI3, STM32MP255DAK3, STM32MP255DAL3, STM32MP255FAI3, STM32MP255FAK3, STM32MP255FAL3, STM32MP257AAI3, STM32MP257AAK3, STM32MP257AAL3, STM32MP257CAI3, STM32MP257CAK3, STM32MP257CAL3, STM32MP257DAI3, STM32MP257DAK3, STM32MP257DAL3, STM32MP257F-DK, STM32MP257F-EV1, STM32MP257FAI3, STM32MP257FAK3, STM32MP257FAL3, STM32U031C6T6, STM32U031C6U6, STM32U031C8T6, STM32U031C8U6, STM32U031F4P6, STM32U031F6P6, STM32U031F8P6, STM32U031G6Y6TR, STM32U031G8Y6TR, STM32U031K4U6, STM32U031K6U6, STM32U031K8U6, STM32U031R6I6, STM32U031R6T6, STM32U031R8I6, STM32U031R8T6, STM32U073C8T6, STM32U073C8U6, STM32U073CBT6, STM32U073CBU6, STM32U073CCT6, STM32U073CCU6, STM32U073H8Y6TR, STM32U073HBY6TR, STM32U073HCY6TR, STM32U073K8U6, STM32U073KBU6, STM32U073KCU6, STM32U073M8I6, STM32U073M8T6, STM32U073MBI6, STM32U073MBT6, STM32U073MCI6, STM32U073MCT6, STM32U073R8I6, STM32U073R8T6, STM32U073RBI6, STM32U073RBT6, STM32U073RCI6, STM32U073RCT6, STM32U083C-DK, STM32U083CCT6, STM32U083CCU6, STM32U083HCY6TR, STM32U083KCU6, STM32U083MCI6, STM32U083MCT6, STM32U083RCI6, STM32U083RCT6, STM32U535CBT6, STM32U535CBT6Q, STM32U535CBU6, STM32U535CBU6Q, STM32U535CCT6, STM32U535CCT6Q, STM32U535CCU6, STM32U535CCU6Q, STM32U535CET6, STM32U535CET6Q, STM32U535CEU6, STM32U535CEU6Q, STM32U535JEY6QTR, STM32U535NCY6QTR, STM32U535NEY6QTR, STM32U535RBI6, STM32U535RBI6Q, STM32U535RBT6, STM32U535RBT6Q, STM32U535RCI6, STM32U535RCI6Q, STM32U535RCT6, STM32U535RCT6Q, STM32U535REI6, STM32U535REI6Q, STM32U535RET6, STM32U535RET6Q, STM32U535VCI6, STM32U535VCI6Q, STM32U535VCT6, STM32U535VCT6Q, STM32U535VEI6, STM32U535VEI6Q, STM32U535VET6, STM32U535VET6Q, STM32U545CET6, STM32U545CET6Q, STM32U545CEU6, STM32U545CEU6Q, STM32U545JEY6QTR, STM32U545NEY6QTR, STM32U545REI6, STM32U545REI6Q, STM32U545RET6, STM32U545RET6Q, STM32U545VEI6, STM32U545VEI6Q, STM32U545VET6, STM32U545VET6Q, STM32U595AIH6, STM32U595AIH6Q, STM32U595AJH6, STM32U595AJH6Q, STM32U595QII6, STM32U595QII6Q, STM32U595QJI6, STM32U595QJI6Q, STM32U595RIT6, STM32U595RIT6Q, STM32U595RJT6, STM32U595RJT6Q, STM32U595VIT6, STM32U595VIT6Q, STM32U595VJT6, STM32U595VJT6Q, STM32U595ZIT6, STM32U595ZIT6Q, STM32U595ZIY6QTR, STM32U595ZJT6, STM32U595ZJT6Q, STM32U595ZJY6QTR, STM32U599BJY6QTR, STM32U599NIH6Q, STM32U599NJH6Q, STM32U599VIT6Q, STM32U599VJT6, STM32U599VJT6Q, STM32U599ZIT6Q, STM32U599ZIY6QTR, STM32U599ZJT6Q, STM32U599ZJY6QTR, STM32U5A5AJH6, STM32U5A5AJH6Q, STM32U5A5QII3Q , STM32U5A5QJI6, STM32U5A5QJI6Q, STM32U5A5RJT6, STM32U5A5RJT6Q, STM32U5A5VJT6, STM32U5A5VJT6Q, STM32U5A5ZJT6, STM32U5A5ZJT6Q, STM32U5A5ZJY6QTR, STM32U5A9BJY6QTR, STM32U5A9J-DK, STM32U5A9NJH6Q, STM32U5A9VJT6Q, STM32U5A9ZJT6Q, STM32U5A9ZJY6QTR, STM32U5F7VIT6, STM32U5F7VIT6Q, STM32U5F7VJT6, STM32U5F7VJT6Q, STM32U5F9BJY6QTR, STM32U5F9NJH6Q, STM32U5F9VIT6Q, STM32U5F9VJT6Q, STM32U5F9ZIJ6QTR, STM32U5F9ZIT6Q, STM32U5F9ZJJ6QTR, STM32U5F9ZJT6Q, STM32U5G7VJT6, STM32U5G7VJT6Q, STM32U5G9BJY6QTR, STM32U5G9J-DK1, STM32U5G9J-DK2, STM32U5G9NJH6Q, STM32U5G9VJT6Q, STM32U5G9ZJJ6QTR, STM32U5G9ZJT6Q, STM32WB05KZV6TR, STM32WB05KZV7TR, STM32WB05TZF6TR, STM32WB05TZF7TR, STM32WB06CCF6TR, STM32WB06CCF7TR, STM32WB06CCV6TR, STM32WB06CCV7TR, STM32WB06KCV6TR, STM32WB06KCV7TR, STM32WB07CCF6TR, STM32WB07CCF7TR, STM32WB07CCV6TR, STM32WB07CCV7TR, STM32WB07KCV6TR, STM32WB07KCV7TR, STM32WB09KEV6TR, STM32WB09KEV7TR, STM32WB09TEF6TR, STM32WB09TEF7TR, STM32WB1MMCH6, STM32WBA50KGU6, STM32WBA50KGU6TR, STM32WBA52CEU6, STM32WBA52CEU6TR, STM32WBA52CEU7, STM32WBA52CEU7TR, STM32WBA52CGU6, STM32WBA52CGU6TR, STM32WBA52CGU6U, STM32WBA52CGU7, STM32WBA52CGU7TR, STM32WBA52KEU6, STM32WBA52KEU6TR, STM32WBA52KGU6, STM32WBA52KGU6TR, STM32WBA54CEU6, STM32WBA54CEU6TR, STM32WBA54CEU7, STM32WBA54CEU7TR, STM32WBA54CGU6, STM32WBA54CGU6TR, STM32WBA54CGU7, STM32WBA54CGU7TR, STM32WBA54KEU6, STM32WBA54KEU6TR, STM32WBA54KEU7, STM32WBA54KEU7TR, STM32WBA54KGU6, STM32WBA54KGU6TR, STM32WBA54KGU7, STM32WBA54KGU7TR, STM32WBA55CEU6, STM32WBA55CEU6TR, STM32WBA55CEU7, STM32WBA55CEU7TR, STM32WBA55CGU6, STM32WBA55CGU6TR, STM32WBA55CGU6U, STM32WBA55CGU7, STM32WBA55CGU7TR, STM32WBA55G-DK1, STM32WBA55HEF6, STM32WBA55HEF7, STM32WBA55HGF6, STM32WBA55HGF7, STM32WBA55UEI6, STM32WBA55UEI6TR, STM32WBA55UEI7, STM32WBA55UEI7TR, STM32WBA55UGI6, STM32WBA55UGI6TR, STM32WBA55UGI7, STM32WBA55UGI7TR, STM32WL5MOCH6, STM32WL5MOCH6TR]
2024-11-19 20:06:15,758 [INFO] DbMcus:218 - Found 4252 MCUs, 4252 are supported
2024-11-19 20:06:15,758 [INFO] ApiDb:423 - Load user favorites file /home/kireiji/.stm32cubeide/favorites.mcus.txt: 0 item(s)
2024-11-19 20:06:15,758 [INFO] ApiDb:427 - User favorites MCUs=[]
2024-11-19 20:06:15,758 [INFO] DbMcus:224 - Set 0 / 0 favorites MCUs
2024-11-19 20:06:16,219 [INFO] ApiDb:423 - Load user favorites file /home/kireiji/.stm32cubeide/favorites.boards.txt: 1 item(s)
2024-11-19 20:06:16,219 [INFO] ApiDb:427 - User favorites Boards=[NUCLEO-G474RE]
2024-11-19 20:06:16,219 [INFO] DbBoards:198 - Set 1 / 1 favorites Boards
2024-11-19 20:06:16,265 [INFO] UtilMem:75 - End LoadConfig() Used Memory: 515246712 Bytes (756023296)
2024-11-19 20:06:16,417 [WARN] ThirdParty:833 - waiting for thirdparty lock release [change project]
2024-11-19 20:06:16,417 [INFO] ThirdParty:835 - entering critical section [change project]
2024-11-19 20:06:16,417 [INFO] ThirdParty:1030 - CMSIS Pack Vendor :STMicroelectronics USBPD 4.1
2024-11-19 20:06:16,417 [INFO] ThirdParty:1030 - CMSIS Pack Vendor :STMicroelectronics X-CUBE-AZRTOS-H7 3.3.0
2024-11-19 20:06:16,417 [INFO] ThirdParty:1030 - CMSIS Pack Vendor :STMicroelectronics USB_HOST 2.0.0
2024-11-19 20:06:16,417 [INFO] ThirdParty:1030 - CMSIS Pack Vendor :STMicroelectronics FP-SNS-MOTENVWB1 1.4.0
2024-11-19 20:06:16,417 [INFO] ThirdParty:1030 - CMSIS Pack Vendor :STMicroelectronics X-CUBE-AZRTOS-F4 1.1.0
2024-11-19 20:06:16,417 [INFO] ThirdParty:1030 - CMSIS Pack Vendor :STMicroelectronics LIBJPEG 8.0.0
2024-11-19 20:06:16,417 [INFO] ThirdParty:1030 - CMSIS Pack Vendor :STMicroelectronics FP-ATR-ASTRA1 2.0.1
2024-11-19 20:06:16,417 [INFO] ThirdParty:1030 - CMSIS Pack Vendor :STMicroelectronics X-CUBE-SMBUS 2.1.0
2024-11-19 20:06:16,417 [INFO] ThirdParty:1030 - CMSIS Pack Vendor :STMicroelectronics X-CUBE-WB05N 1.1.0
2024-11-19 20:06:16,417 [INFO] ThirdParty:1030 - CMSIS Pack Vendor :STMicroelectronics USB_DEVICE 3.0.0
2024-11-19 20:06:16,417 [INFO] ThirdParty:1030 - CMSIS Pack Vendor :STMicroelectronics X-CUBE-TCPP 4.1.0
2024-11-19 20:06:16,417 [INFO] ThirdParty:1030 - CMSIS Pack Vendor :STMicroelectronics X-CUBE-FREERTOS 1.2.0
2024-11-19 20:06:16,417 [INFO] ThirdParty:1030 - CMSIS Pack Vendor :STMicroelectronics X-CUBE-AZRTOS-WB 2.0.0
2024-11-19 20:06:16,417 [INFO] ThirdParty:1030 - CMSIS Pack Vendor :STMicroelectronics X-CUBE-AZRTOS-F7 1.1.0
2024-11-19 20:06:16,417 [INFO] ThirdParty:1030 - CMSIS Pack Vendor :STMicroelectronics X-CUBE-AZRTOS-L5 2.0.0
2024-11-19 20:06:16,417 [INFO] ThirdParty:1030 - CMSIS Pack Vendor :STMicroelectronics USB_DEVICE 2.0.0
2024-11-19 20:06:16,418 [INFO] ThirdParty:1030 - CMSIS Pack Vendor :STMicroelectronics X-CUBE-NFC6 3.1.0
2024-11-19 20:06:16,418 [INFO] ThirdParty:1030 - CMSIS Pack Vendor :STMicroelectronics FreeRTOS 0.0.1
2024-11-19 20:06:16,418 [INFO] ThirdParty:1030 - CMSIS Pack Vendor :STMicroelectronics X-CUBE-AZRTOS-G0 1.1.0
2024-11-19 20:06:16,418 [INFO] ThirdParty:1030 - CMSIS Pack Vendor :STMicroelectronics X-CUBE-SAFEA1 1.2.2
2024-11-19 20:06:16,418 [INFO] ThirdParty:1030 - CMSIS Pack Vendor :STMicroelectronics X-CUBE-NFC4 3.0.0
2024-11-19 20:06:16,418 [INFO] ThirdParty:1030 - CMSIS Pack Vendor :STMicroelectronics X-CUBE-SUBG2 5.0.0
2024-11-19 20:06:16,418 [INFO] ThirdParty:1030 - CMSIS Pack Vendor :STMicroelectronics STM32_WPAN 1.0.0
2024-11-19 20:06:16,419 [INFO] ThirdParty:1030 - CMSIS Pack Vendor :EmbeddedOffice I-CUBE-FS-RTOS 1.0.1
2024-11-19 20:06:16,419 [INFO] ThirdParty:1030 - CMSIS Pack Vendor :STMicroelectronics lwIP 2.0.3
2024-11-19 20:06:16,419 [INFO] ThirdParty:1030 - CMSIS Pack Vendor :STMicroelectronics FP-SNS-FLIGHT1 5.0.2
2024-11-19 20:06:16,419 [INFO] ThirdParty:1030 - CMSIS Pack Vendor :Cesanta I-CUBE-Mongoose 7.13.0
2024-11-19 20:06:16,419 [INFO] ThirdParty:1030 - CMSIS Pack Vendor :STMicroelectronics USB_HOST 1.0.0
2024-11-19 20:06:16,419 [INFO] ThirdParty:1030 - CMSIS Pack Vendor :STMicroelectronics X-CUBE-AZRTOS-G4 2.0.0
2024-11-19 20:06:16,419 [INFO] ThirdParty:1030 - CMSIS Pack Vendor :STMicroelectronics PDM2PCM 3.1.0
2024-11-19 20:06:16,419 [INFO] ThirdParty:1030 - CMSIS Pack Vendor :STMicroelectronics PDM2PCM 3.3.0
2024-11-19 20:06:16,419 [INFO] ThirdParty:1030 - CMSIS Pack Vendor :STMicroelectronics X-CUBE-DISPLAY 3.0.0
2024-11-19 20:06:16,419 [INFO] ThirdParty:1030 - CMSIS Pack Vendor :RealThread X-CUBE-RT-Thread_Nano 4.1.1
2024-11-19 20:06:16,419 [INFO] ThirdParty:1030 - CMSIS Pack Vendor :STMicroelectronics X-CUBE-BLE1 7.0.0
2024-11-19 20:06:16,419 [INFO] ThirdParty:1030 - CMSIS Pack Vendor :STMicroelectronics FP-ATR-SIGFOX1 3.2.0
2024-11-19 20:06:16,419 [INFO] ThirdParty:1030 - CMSIS Pack Vendor :quantropi X-CUBE-qispace-sdk-base 1.9.3
2024-11-19 20:06:16,419 [INFO] ThirdParty:1030 - CMSIS Pack Vendor :STMicroelectronics X-CUBE-EEPRMA1 5.1.0
2024-11-19 20:06:16,419 [INFO] ThirdParty:1030 - CMSIS Pack Vendor :STMicroelectronics HAL Drivers 0.0.0
2024-11-19 20:06:16,419 [INFO] ThirdParty:1030 - CMSIS Pack Vendor :STMicroelectronics MBEDTLS 2.16.2
2024-11-19 20:06:16,419 [INFO] ThirdParty:1030 - CMSIS Pack Vendor :STMicroelectronics X-CUBE-ALS 1.0.2
2024-11-19 20:06:16,419 [INFO] ThirdParty:1030 - CMSIS Pack Vendor :emotas I-CUBE-CANOPEN 1.3.0
2024-11-19 20:06:16,419 [INFO] ThirdParty:1030 - CMSIS Pack Vendor :wolfSSL I-CUBE-wolfSSL 5.7.4
2024-11-19 20:06:16,420 [INFO] ThirdParty:1030 - CMSIS Pack Vendor :STMicroelectronics X-CUBE-NFC7 1.0.1
2024-11-19 20:06:16,420 [INFO] ThirdParty:1030 - CMSIS Pack Vendor :STMicroelectronics MBEDTLS 2.14.1
2024-11-19 20:06:16,420 [INFO] ThirdParty:1030 - CMSIS Pack Vendor :ITTIA_DB I-CUBE-ITTIADB 8.9.0
2024-11-19 20:06:16,420 [INFO] ThirdParty:1030 - CMSIS Pack Vendor :STMicroelectronics X-CUBE-TOUCHGFX 4.24.1
2024-11-19 20:06:16,420 [INFO] ThirdParty:1030 - CMSIS Pack Vendor :wolfSSL I-CUBE-wolfTPM 3.4.0
2024-11-19 20:06:16,420 [INFO] ThirdParty:1030 - CMSIS Pack Vendor :portGmbH I-Cube-SoM-uGOAL 1.1.0
2024-11-19 20:06:16,420 [INFO] ThirdParty:1030 - CMSIS Pack Vendor :STMicroelectronics X-CUBE-BLEMGR 3.1.0
2024-11-19 20:06:16,420 [INFO] ThirdParty:1030 - CMSIS Pack Vendor :STMicroelectronics ThreadX 1.0.0
2024-11-19 20:06:16,420 [INFO] ThirdParty:1030 - CMSIS Pack Vendor :STMicroelectronics FP-SNS-SMARTAG2 1.2.0
2024-11-19 20:06:16,420 [INFO] ThirdParty:1030 - CMSIS Pack Vendor :STMicroelectronics X-CUBE-AZRTOS-WL 2.0.0
2024-11-19 20:06:16,420 [INFO] ThirdParty:1030 - CMSIS Pack Vendor :SEGGER I-CUBE-embOS 1.3.1
2024-11-19 20:06:16,420 [INFO] ThirdParty:1030 - CMSIS Pack Vendor :STMicroelectronics X-CUBE-ALGOBUILD 1.4.0
2024-11-19 20:06:16,420 [INFO] ThirdParty:1030 - CMSIS Pack Vendor :STMicroelectronics FP-SNS-MOTENV1 5.0.0
2024-11-19 20:06:16,420 [INFO] ThirdParty:1030 - CMSIS Pack Vendor :STMicroelectronics USB_DEVICE 1.0.0
2024-11-19 20:06:16,420 [INFO] ThirdParty:1030 - CMSIS Pack Vendor :STMicroelectronics X-CUBE-AZRTOS-H7RS 1.0.0
2024-11-19 20:06:16,420 [INFO] ThirdParty:1030 - CMSIS Pack Vendor :wolfSSL I-CUBE-wolfMQTT 1.19.0
2024-11-19 20:06:16,420 [INFO] ThirdParty:1030 - CMSIS Pack Vendor :STMicroelectronics X-CUBE-AZRTOS-L4 2.0.0
2024-11-19 20:06:16,420 [INFO] ThirdParty:1030 - CMSIS Pack Vendor :STMicroelectronics ThreadX 0.0.2
2024-11-19 20:06:16,420 [INFO] ThirdParty:1030 - CMSIS Pack Vendor :WES I-CUBE-Cesium 1.3.0
2024-11-19 20:06:16,420 [INFO] ThirdParty:1030 - CMSIS Pack Vendor :STMicroelectronics FP-ATR-ASTRA1 2.0.0
2024-11-19 20:06:16,420 [INFO] ThirdParty:1030 - CMSIS Pack Vendor :STMicroelectronics lwIP 2.1.2
2024-11-19 20:06:16,420 [INFO] ThirdParty:1030 - CMSIS Pack Vendor :STMicroelectronics X-CUBE-SFXS2LP1 4.0.0
2024-11-19 20:06:16,420 [INFO] ThirdParty:1030 - CMSIS Pack Vendor :STMicroelectronics X-CUBE-BLE2 3.3.0
2024-11-19 20:06:16,420 [INFO] ThirdParty:1030 - CMSIS Pack Vendor :Infineon AIROC-Wi-Fi-Bluetooth-STM32 1.6.1
2024-11-19 20:06:16,420 [INFO] ThirdParty:1030 - CMSIS Pack Vendor :STMicroelectronics PDM2PCM 3.2.0
2024-11-19 20:06:16,421 [INFO] ThirdParty:1030 - CMSIS Pack Vendor :wolfSSL I-CUBE-wolfSSH 1.4.17
2024-11-19 20:06:16,421 [INFO] ThirdParty:841 - exiting critical section [change project]
2024-11-19 20:06:17,094 [INFO] PinOutPanel:1561 - setPackage(No Configuration,No Configuration)
2024-11-19 20:06:17,095 [INFO] PinOutPanel:1561 - setPackage(STM32G474RETx,LQFP64)
2024-11-19 20:06:17,920 [INFO] UtilMem:75 - Before build in PCC Used Memory: 406509744 Bytes (849346560)
2024-11-19 20:06:19,012 [INFO] UtilMem:75 - After build in PCC Used Memory: 606261424 Bytes (849346560)
2024-11-19 20:06:19,032 [INFO] ApiDbMcu:508 - Load IP Config File for FREERTOS
2024-11-19 20:06:19,076 [INFO] IPUIPlugin:80 - create IPUIPlugin
2024-11-19 20:06:19,076 [INFO] IPUIPlugin:80 - create IPUIPlugin
2024-11-19 20:06:19,077 [INFO] IPUIPlugin:80 - create IPUIPlugin
2024-11-19 20:06:19,077 [INFO] IPUIPlugin:80 - create IPUIPlugin
2024-11-19 20:06:19,077 [INFO] IPUIPlugin:80 - create IPUIPlugin
2024-11-19 20:06:19,077 [INFO] IPUIPlugin:80 - create IPUIPlugin
2024-11-19 20:06:19,077 [INFO] IPUIPlugin:80 - create IPUIPlugin
2024-11-19 20:06:19,077 [INFO] IPUIPlugin:80 - create IPUIPlugin
2024-11-19 20:06:19,077 [INFO] IPUIPlugin:80 - create IPUIPlugin
2024-11-19 20:06:19,077 [INFO] IPUIPlugin:80 - create IPUIPlugin
2024-11-19 20:06:19,077 [INFO] IPUIPlugin:80 - create IPUIPlugin
2024-11-19 20:06:19,077 [INFO] IPUIPlugin:80 - create IPUIPlugin
2024-11-19 20:06:19,078 [INFO] IPUIPlugin:80 - create IPUIPlugin
2024-11-19 20:06:19,078 [INFO] IPUIPlugin:80 - create IPUIPlugin
2024-11-19 20:06:19,078 [INFO] IPUIPlugin:80 - create IPUIPlugin
2024-11-19 20:06:19,078 [INFO] IPUIPlugin:80 - create IPUIPlugin
2024-11-19 20:06:19,079 [INFO] IPUIPlugin:80 - create IPUIPlugin
2024-11-19 20:06:19,079 [INFO] IPUIPlugin:80 - create IPUIPlugin
2024-11-19 20:06:19,079 [INFO] IPUIPlugin:80 - create IPUIPlugin
2024-11-19 20:06:19,079 [INFO] IPUIPlugin:80 - create IPUIPlugin
2024-11-19 20:06:19,080 [INFO] IPUIPlugin:80 - create IPUIPlugin
2024-11-19 20:06:19,080 [INFO] IPUIPlugin:80 - create IPUIPlugin
2024-11-19 20:06:19,080 [INFO] IPUIPlugin:80 - create IPUIPlugin
2024-11-19 20:06:19,080 [INFO] IPUIPlugin:80 - create IPUIPlugin
2024-11-19 20:06:19,080 [INFO] IPUIPlugin:80 - create IPUIPlugin
2024-11-19 20:06:19,081 [INFO] IPUIPlugin:80 - create IPUIPlugin
2024-11-19 20:06:19,081 [INFO] IPUIPlugin:80 - create IPUIPlugin
2024-11-19 20:06:19,081 [INFO] IPUIPlugin:80 - create IPUIPlugin
2024-11-19 20:06:19,081 [INFO] IPUIPlugin:80 - create IPUIPlugin
2024-11-19 20:06:19,081 [INFO] IPUIPlugin:80 - create IPUIPlugin
2024-11-19 20:06:19,082 [INFO] IPUIPlugin:80 - create IPUIPlugin
2024-11-19 20:06:19,082 [INFO] IPUIPlugin:80 - create IPUIPlugin
2024-11-19 20:06:19,082 [INFO] IPUIPlugin:80 - create IPUIPlugin
2024-11-19 20:06:19,082 [INFO] IPUIPlugin:80 - create IPUIPlugin
2024-11-19 20:06:19,082 [INFO] IPUIPlugin:80 - create IPUIPlugin
2024-11-19 20:06:19,083 [INFO] IPUIPlugin:80 - create IPUIPlugin
2024-11-19 20:06:19,083 [INFO] IPUIPlugin:80 - create IPUIPlugin
2024-11-19 20:06:19,083 [INFO] IPUIPlugin:80 - create IPUIPlugin
2024-11-19 20:06:19,083 [INFO] IPUIPlugin:80 - create IPUIPlugin
2024-11-19 20:06:19,083 [INFO] IPUIPlugin:80 - create IPUIPlugin
2024-11-19 20:06:19,083 [INFO] IPUIPlugin:80 - create IPUIPlugin
2024-11-19 20:06:19,084 [INFO] IPUIPlugin:80 - create IPUIPlugin
2024-11-19 20:06:19,084 [INFO] IPUIPlugin:80 - create IPUIPlugin
2024-11-19 20:06:19,084 [INFO] IPUIPlugin:80 - create IPUIPlugin
2024-11-19 20:06:19,084 [INFO] IPUIPlugin:80 - create IPUIPlugin
2024-11-19 20:06:19,084 [INFO] IPUIPlugin:80 - create IPUIPlugin
2024-11-19 20:06:19,085 [INFO] IPUIPlugin:80 - create IPUIPlugin
2024-11-19 20:06:19,085 [INFO] IPUIPlugin:80 - create IPUIPlugin
2024-11-19 20:06:19,086 [INFO] IPUIPlugin:80 - create IPUIPlugin
2024-11-19 20:06:19,087 [INFO] IPUIPlugin:80 - create IPUIPlugin
2024-11-19 20:06:19,088 [INFO] IPUIPlugin:80 - create IPUIPlugin
2024-11-19 20:06:19,088 [INFO] IPUIPlugin:80 - create IPUIPlugin
2024-11-19 20:06:19,088 [INFO] IPUIPlugin:80 - create IPUIPlugin
2024-11-19 20:06:19,089 [INFO] IPUIPlugin:80 - create IPUIPlugin
2024-11-19 20:06:19,089 [INFO] IPUIPlugin:80 - create IPUIPlugin
2024-11-19 20:06:19,089 [INFO] IPUIPlugin:80 - create IPUIPlugin
2024-11-19 20:06:19,090 [INFO] IPUIPlugin:80 - create IPUIPlugin
2024-11-19 20:06:19,090 [INFO] IPUIPlugin:80 - create IPUIPlugin
2024-11-19 20:06:19,091 [INFO] IPUIPlugin:80 - create IPUIPlugin
2024-11-19 20:06:19,091 [INFO] IPUIPlugin:80 - create IPUIPlugin
2024-11-19 20:06:19,091 [INFO] IPUIPlugin:80 - create IPUIPlugin
2024-11-19 20:06:19,092 [INFO] IPUIPlugin:80 - create IPUIPlugin
2024-11-19 20:06:19,092 [INFO] IPUIPlugin:80 - create IPUIPlugin
2024-11-19 20:06:19,093 [INFO] IPUIPlugin:80 - create IPUIPlugin
2024-11-19 20:06:19,093 [INFO] IPUIPlugin:80 - create IPUIPlugin
2024-11-19 20:06:19,094 [INFO] IPUIPlugin:80 - create IPUIPlugin
2024-11-19 20:06:19,094 [INFO] IPUIPlugin:80 - create IPUIPlugin
2024-11-19 20:06:19,094 [INFO] IPUIPlugin:80 - create IPUIPlugin
2024-11-19 20:06:19,094 [INFO] IPUIPlugin:80 - create IPUIPlugin
2024-11-19 20:06:19,095 [INFO] IPUIPlugin:80 - create IPUIPlugin
2024-11-19 20:06:19,095 [INFO] IPUIPlugin:80 - create IPUIPlugin
2024-11-19 20:06:19,095 [INFO] IPUIPlugin:80 - create IPUIPlugin
2024-11-19 20:06:19,095 [INFO] IPUIPlugin:80 - create IPUIPlugin
2024-11-19 20:06:19,095 [INFO] IPUIPlugin:80 - create IPUIPlugin
2024-11-19 20:06:19,096 [INFO] IPUIPlugin:80 - create IPUIPlugin
2024-11-19 20:06:19,096 [INFO] IPUIPlugin:80 - create IPUIPlugin
2024-11-19 20:06:19,097 [INFO] IPUIPlugin:80 - create IPUIPlugin
2024-11-19 20:06:19,097 [INFO] IPUIPlugin:80 - create IPUIPlugin
2024-11-19 20:06:19,136 [WARN] FreeRTOS:1023 - Null or empty value: should not occur! (nothing added to the table)
2024-11-19 20:06:19,320 [INFO] CADModel:165 - CPN selected for project levelSTM32G474RET6
2024-11-19 20:06:19,320 [INFO] CADModel:114 - Register for checkConnection events
2024-11-19 20:06:19,325 [INFO] RtosManager:697 - Active RTOS found at IOC load: FREERTOS [Cortex-M4NS]
2024-11-19 20:06:19,371 [INFO] OpenFileManager:363 - Restore cursor
2024-11-19 20:06:49,952 [INFO] NvicIntPanel:101 - NVIC parent = com.st.microxplorer.plugins.ip.nvic.MultiNvicIntPanel[,0,0,0x0,invalid,layout=javax.swing.BoxLayout,alignmentX=0.0,alignmentY=0.0,border=,flags=9,maximumSize=,minimumSize=,preferredSize=]
2024-11-19 20:06:58,369 [INFO] NvicIntPanel:101 - NVIC parent = com.st.microxplorer.plugins.ip.nvic.MultiNvicIntPanel[,0,0,0x0,invalid,layout=javax.swing.BoxLayout,alignmentX=0.0,alignmentY=0.0,border=,flags=9,maximumSize=,minimumSize=,preferredSize=]
2024-11-19 20:06:58,652 [INFO] NvicIntPanel:101 - NVIC parent = com.st.microxplorer.plugins.ip.nvic.MultiNvicIntPanel[,0,0,0x0,invalid,layout=javax.swing.BoxLayout,alignmentX=0.0,alignmentY=0.0,border=,flags=9,maximumSize=,minimumSize=,preferredSize=]
2024-11-19 20:07:03,654 [INFO] NvicIntPanel:101 - NVIC parent = com.st.microxplorer.plugins.ip.nvic.MultiNvicIntPanel[,0,0,0x0,invalid,layout=javax.swing.BoxLayout,alignmentX=0.0,alignmentY=0.0,border=,flags=9,maximumSize=,minimumSize=,preferredSize=]
2024-11-19 20:07:03,885 [INFO] NvicIntPanel:101 - NVIC parent = com.st.microxplorer.plugins.ip.nvic.MultiNvicIntPanel[,0,0,0x0,invalid,layout=javax.swing.BoxLayout,alignmentX=0.0,alignmentY=0.0,border=,flags=9,maximumSize=,minimumSize=,preferredSize=]
2024-11-19 20:07:12,005 [INFO] NvicIntPanel:101 - NVIC parent = com.st.microxplorer.plugins.ip.nvic.MultiNvicIntPanel[,0,0,0x0,invalid,layout=javax.swing.BoxLayout,alignmentX=0.0,alignmentY=0.0,border=,flags=9,maximumSize=,minimumSize=,preferredSize=]
2024-11-19 20:07:12,232 [INFO] NvicIntPanel:101 - NVIC parent = com.st.microxplorer.plugins.ip.nvic.MultiNvicIntPanel[,0,0,0x0,invalid,layout=javax.swing.BoxLayout,alignmentX=0.0,alignmentY=0.0,border=,flags=9,maximumSize=,minimumSize=,preferredSize=]
2024-11-19 20:07:17,121 [INFO] NvicIntPanel:101 - NVIC parent = com.st.microxplorer.plugins.ip.nvic.MultiNvicIntPanel[,0,0,0x0,invalid,layout=javax.swing.BoxLayout,alignmentX=0.0,alignmentY=0.0,border=,flags=9,maximumSize=,minimumSize=,preferredSize=]
2024-11-19 20:07:17,372 [INFO] NvicIntPanel:101 - NVIC parent = com.st.microxplorer.plugins.ip.nvic.MultiNvicIntPanel[,0,0,0x0,invalid,layout=javax.swing.BoxLayout,alignmentX=0.0,alignmentY=0.0,border=,flags=9,maximumSize=,minimumSize=,preferredSize=]
2024-11-19 20:08:00,387 [INFO] NvicIntPanel:101 - NVIC parent = com.st.microxplorer.plugins.ip.nvic.MultiNvicIntPanel[,0,0,0x0,invalid,layout=javax.swing.BoxLayout,alignmentX=0.0,alignmentY=0.0,border=,flags=9,maximumSize=,minimumSize=,preferredSize=]
2024-11-19 20:08:22,065 [INFO] NvicIntPanel:101 - NVIC parent = com.st.microxplorer.plugins.ip.nvic.MultiNvicIntPanel[,0,0,0x0,invalid,layout=javax.swing.BoxLayout,alignmentX=0.0,alignmentY=0.0,border=,flags=9,maximumSize=,minimumSize=,preferredSize=]
2024-11-19 20:08:22,249 [INFO] NvicIntPanel:101 - NVIC parent = com.st.microxplorer.plugins.ip.nvic.MultiNvicIntPanel[,0,0,0x0,invalid,layout=javax.swing.BoxLayout,alignmentX=0.0,alignmentY=0.0,border=,flags=9,maximumSize=,minimumSize=,preferredSize=]
2024-11-19 20:08:27,034 [INFO] NvicIntPanel:101 - NVIC parent = com.st.microxplorer.plugins.ip.nvic.MultiNvicIntPanel[,0,0,0x0,invalid,layout=javax.swing.BoxLayout,alignmentX=0.0,alignmentY=0.0,border=,flags=9,maximumSize=,minimumSize=,preferredSize=]
2024-11-19 20:08:27,192 [INFO] NvicIntPanel:101 - NVIC parent = com.st.microxplorer.plugins.ip.nvic.MultiNvicIntPanel[,0,0,0x0,invalid,layout=javax.swing.BoxLayout,alignmentX=0.0,alignmentY=0.0,border=,flags=9,maximumSize=,minimumSize=,preferredSize=]
2024-11-19 20:08:32,497 [INFO] NvicIntPanel:101 - NVIC parent = com.st.microxplorer.plugins.ip.nvic.MultiNvicIntPanel[,0,0,0x0,invalid,layout=javax.swing.BoxLayout,alignmentX=0.0,alignmentY=0.0,border=,flags=9,maximumSize=,minimumSize=,preferredSize=]
2024-11-19 20:08:32,682 [INFO] NvicIntPanel:101 - NVIC parent = com.st.microxplorer.plugins.ip.nvic.MultiNvicIntPanel[,0,0,0x0,invalid,layout=javax.swing.BoxLayout,alignmentX=0.0,alignmentY=0.0,border=,flags=9,maximumSize=,minimumSize=,preferredSize=]
2024-11-19 20:08:39,505 [INFO] NvicIntPanel:101 - NVIC parent = com.st.microxplorer.plugins.ip.nvic.MultiNvicIntPanel[,0,0,0x0,invalid,layout=javax.swing.BoxLayout,alignmentX=0.0,alignmentY=0.0,border=,flags=9,maximumSize=,minimumSize=,preferredSize=]
2024-11-19 20:08:42,665 [INFO] NvicIntPanel:101 - NVIC parent = com.st.microxplorer.plugins.ip.nvic.MultiNvicIntPanel[,0,0,0x0,invalid,layout=javax.swing.BoxLayout,alignmentX=0.0,alignmentY=0.0,border=,flags=9,maximumSize=,minimumSize=,preferredSize=]
2024-11-19 20:08:42,840 [INFO] NvicIntPanel:101 - NVIC parent = com.st.microxplorer.plugins.ip.nvic.MultiNvicIntPanel[,0,0,0x0,invalid,layout=javax.swing.BoxLayout,alignmentX=0.0,alignmentY=0.0,border=,flags=9,maximumSize=,minimumSize=,preferredSize=]
2024-11-19 20:08:46,516 [INFO] NvicIntPanel:101 - NVIC parent = com.st.microxplorer.plugins.ip.nvic.MultiNvicIntPanel[,0,0,0x0,invalid,layout=javax.swing.BoxLayout,alignmentX=0.0,alignmentY=0.0,border=,flags=9,maximumSize=,minimumSize=,preferredSize=]
2024-11-19 20:08:46,645 [INFO] NvicIntPanel:101 - NVIC parent = com.st.microxplorer.plugins.ip.nvic.MultiNvicIntPanel[,0,0,0x0,invalid,layout=javax.swing.BoxLayout,alignmentX=0.0,alignmentY=0.0,border=,flags=9,maximumSize=,minimumSize=,preferredSize=]
2024-11-19 20:08:47,869 [INFO] UtilMem:75 - End SaveConfig() Used Memory: 252264368 Bytes (1010827264)
2024-11-19 20:08:48,520 [INFO] UtilMem:75 - End SaveConfig() Used Memory: 304683424 Bytes (940572672)
2024-11-19 20:08:50,204 [INFO] BlockDiagram:2766 - set Specific Code input for plugin: FREERTOS
2024-11-19 20:08:50,205 [INFO] BlockDiagram:2766 - set Specific Code input for plugin: IWDG
2024-11-19 20:08:50,205 [INFO] BlockDiagram:2766 - set Specific Code input for plugin: TIM1_8G4
2024-11-19 20:08:50,205 [INFO] BlockDiagram:2766 - set Specific Code input for plugin: TIM1_8G4
2024-11-19 20:08:50,205 [INFO] BlockDiagram:2766 - set Specific Code input for plugin: SYS
2024-11-19 20:08:50,205 [INFO] BlockDiagram:2766 - set Specific Code input for plugin: RCC
2024-11-19 20:08:50,205 [INFO] BlockDiagram:2766 - set Specific Code input for plugin: LPUART
2024-11-19 20:08:50,205 [INFO] BlockDiagram:2766 - set Specific Code input for plugin: NVIC
2024-11-19 20:08:50,205 [INFO] BlockDiagram:2766 - set Specific Code input for plugin: USART
2024-11-19 20:08:50,205 [INFO] BlockDiagram:2766 - set Specific Code input for plugin: DMA
2024-11-19 20:08:50,205 [INFO] BlockDiagram:2766 - set Specific Code input for plugin: TIM1_8G4
2024-11-19 20:08:50,205 [INFO] BlockDiagram:2766 - set Specific Code input for plugin: GPIO
2024-11-19 20:08:50,206 [INFO] CodeGenerator:807 - code generatio: config db path: /opt/st/stm32cubeide_1.16.1/plugins/com.st.stm32cube.common.mx_6.12.1.202409122256//db/
2024-11-19 20:08:50,583 [INFO] CodeEngine:255 - oldGeneratedFile, /home/kireiji/Documents/GitHub/CARVER/AMT212E-V/AMT212E-V/AMT212E-V_Micro-ROS/firmware/AMT212E-V_Micro-ROS_UART/MXTmpFiles/license.tmp_save
2024-11-19 20:08:51,034 [INFO] CodeEngine:279 - Generated code: /home/kireiji/Documents/GitHub/CARVER/AMT212E-V/AMT212E-V/AMT212E-V_Micro-ROS/firmware/AMT212E-V_Micro-ROS_UART/MXTmpFiles/license.tmp
2024-11-19 20:08:51,135 [INFO] CodeEngine:255 - oldGeneratedFile, /home/kireiji/Documents/GitHub/CARVER/AMT212E-V/AMT212E-V/AMT212E-V_Micro-ROS/firmware/AMT212E-V_Micro-ROS_UART/Core/Src/gpio.c_save
2024-11-19 20:08:51,350 [INFO] CodeEngine:279 - Generated code: /home/kireiji/Documents/GitHub/CARVER/AMT212E-V/AMT212E-V/AMT212E-V_Micro-ROS/firmware/AMT212E-V_Micro-ROS_UART/Core/Src/gpio.c
2024-11-19 20:08:51,354 [INFO] CodeEngine:255 - oldGeneratedFile, /home/kireiji/Documents/GitHub/CARVER/AMT212E-V/AMT212E-V/AMT212E-V_Micro-ROS/firmware/AMT212E-V_Micro-ROS_UART/Core/Inc/gpio.h_save
2024-11-19 20:08:51,487 [INFO] CodeEngine:279 - Generated code: /home/kireiji/Documents/GitHub/CARVER/AMT212E-V/AMT212E-V/AMT212E-V_Micro-ROS/firmware/AMT212E-V_Micro-ROS_UART/Core/Inc/gpio.h
2024-11-19 20:08:53,191 [INFO] Middleware:1439 - No code input for Bsp Dependency
2024-11-19 20:08:53,201 [INFO] CodeEngine:255 - oldGeneratedFile, /home/kireiji/Documents/GitHub/CARVER/AMT212E-V/AMT212E-V/AMT212E-V_Micro-ROS/firmware/AMT212E-V_Micro-ROS_UART/MXTmpFiles/rtos_inc.tmp_save
2024-11-19 20:08:53,333 [INFO] CodeEngine:279 - Generated code: /home/kireiji/Documents/GitHub/CARVER/AMT212E-V/AMT212E-V/AMT212E-V_Micro-ROS/firmware/AMT212E-V_Micro-ROS_UART/MXTmpFiles/rtos_inc.tmp
2024-11-19 20:08:53,351 [INFO] CodeEngine:255 - oldGeneratedFile, /home/kireiji/Documents/GitHub/CARVER/AMT212E-V/AMT212E-V/AMT212E-V_Micro-ROS/firmware/AMT212E-V_Micro-ROS_UART/MXTmpFiles/rtos_kernelInit.tmp_save
2024-11-19 20:08:53,442 [INFO] CodeEngine:279 - Generated code: /home/kireiji/Documents/GitHub/CARVER/AMT212E-V/AMT212E-V/AMT212E-V_Micro-ROS/firmware/AMT212E-V_Micro-ROS_UART/MXTmpFiles/rtos_kernelInit.tmp
2024-11-19 20:08:53,444 [INFO] CodeEngine:255 - oldGeneratedFile, /home/kireiji/Documents/GitHub/CARVER/AMT212E-V/AMT212E-V/AMT212E-V_Micro-ROS/firmware/AMT212E-V_Micro-ROS_UART/MXTmpFiles/rtos_kernelStart.tmp_save
2024-11-19 20:08:53,524 [INFO] CodeEngine:279 - Generated code: /home/kireiji/Documents/GitHub/CARVER/AMT212E-V/AMT212E-V/AMT212E-V_Micro-ROS/firmware/AMT212E-V_Micro-ROS_UART/MXTmpFiles/rtos_kernelStart.tmp
2024-11-19 20:08:53,526 [INFO] CodeEngine:255 - oldGeneratedFile, /home/kireiji/Documents/GitHub/CARVER/AMT212E-V/AMT212E-V/AMT212E-V_Micro-ROS/firmware/AMT212E-V_Micro-ROS_UART/MXTmpFiles/rtos_typedefs.tmp_save
2024-11-19 20:08:53,610 [INFO] CodeEngine:279 - Generated code: /home/kireiji/Documents/GitHub/CARVER/AMT212E-V/AMT212E-V/AMT212E-V_Micro-ROS/firmware/AMT212E-V_Micro-ROS_UART/MXTmpFiles/rtos_typedefs.tmp
2024-11-19 20:08:53,612 [INFO] CodeEngine:255 - oldGeneratedFile, /home/kireiji/Documents/GitHub/CARVER/AMT212E-V/AMT212E-V/AMT212E-V_Micro-ROS/firmware/AMT212E-V_Micro-ROS_UART/MXTmpFiles/rtos_vars.tmp_save
2024-11-19 20:08:53,701 [INFO] CodeEngine:279 - Generated code: /home/kireiji/Documents/GitHub/CARVER/AMT212E-V/AMT212E-V/AMT212E-V_Micro-ROS/firmware/AMT212E-V_Micro-ROS_UART/MXTmpFiles/rtos_vars.tmp
2024-11-19 20:08:53,703 [INFO] CodeEngine:255 - oldGeneratedFile, /home/kireiji/Documents/GitHub/CARVER/AMT212E-V/AMT212E-V/AMT212E-V_Micro-ROS/firmware/AMT212E-V_Micro-ROS_UART/MXTmpFiles/rtos_pfp.tmp_save
2024-11-19 20:08:53,777 [INFO] CodeEngine:279 - Generated code: /home/kireiji/Documents/GitHub/CARVER/AMT212E-V/AMT212E-V/AMT212E-V_Micro-ROS/firmware/AMT212E-V_Micro-ROS_UART/MXTmpFiles/rtos_pfp.tmp
2024-11-19 20:08:53,779 [INFO] CodeEngine:255 - oldGeneratedFile, /home/kireiji/Documents/GitHub/CARVER/AMT212E-V/AMT212E-V/AMT212E-V_Micro-ROS/firmware/AMT212E-V_Micro-ROS_UART/MXTmpFiles/rtos_obj_creat.tmp_save
2024-11-19 20:08:53,854 [INFO] CodeEngine:279 - Generated code: /home/kireiji/Documents/GitHub/CARVER/AMT212E-V/AMT212E-V/AMT212E-V_Micro-ROS/firmware/AMT212E-V_Micro-ROS_UART/MXTmpFiles/rtos_obj_creat.tmp
2024-11-19 20:08:53,856 [INFO] CodeEngine:255 - oldGeneratedFile, /home/kireiji/Documents/GitHub/CARVER/AMT212E-V/AMT212E-V/AMT212E-V_Micro-ROS/firmware/AMT212E-V_Micro-ROS_UART/MXTmpFiles/rtos_default_thread.tmp_save
2024-11-19 20:08:53,933 [INFO] CodeEngine:279 - Generated code: /home/kireiji/Documents/GitHub/CARVER/AMT212E-V/AMT212E-V/AMT212E-V_Micro-ROS/firmware/AMT212E-V_Micro-ROS_UART/MXTmpFiles/rtos_default_thread.tmp
2024-11-19 20:08:53,935 [INFO] CodeEngine:255 - oldGeneratedFile, /home/kireiji/Documents/GitHub/CARVER/AMT212E-V/AMT212E-V/AMT212E-V_Micro-ROS/firmware/AMT212E-V_Micro-ROS_UART/MXTmpFiles/rtos_threads.tmp_save
2024-11-19 20:08:54,013 [INFO] CodeEngine:279 - Generated code: /home/kireiji/Documents/GitHub/CARVER/AMT212E-V/AMT212E-V/AMT212E-V_Micro-ROS/firmware/AMT212E-V_Micro-ROS_UART/MXTmpFiles/rtos_threads.tmp
2024-11-19 20:08:54,026 [INFO] Middleware:1439 - No code input for Bsp Dependency
2024-11-19 20:08:54,032 [INFO] CodeEngine:255 - oldGeneratedFile, /home/kireiji/Documents/GitHub/CARVER/AMT212E-V/AMT212E-V/AMT212E-V_Micro-ROS/firmware/AMT212E-V_Micro-ROS_UART/MXTmpFiles/rtos_inc.tmp_save
2024-11-19 20:08:54,115 [INFO] CodeEngine:279 - Generated code: /home/kireiji/Documents/GitHub/CARVER/AMT212E-V/AMT212E-V/AMT212E-V_Micro-ROS/firmware/AMT212E-V_Micro-ROS_UART/MXTmpFiles/rtos_inc.tmp
2024-11-19 20:08:54,117 [INFO] CodeEngine:255 - oldGeneratedFile, /home/kireiji/Documents/GitHub/CARVER/AMT212E-V/AMT212E-V/AMT212E-V_Micro-ROS/firmware/AMT212E-V_Micro-ROS_UART/MXTmpFiles/rtos_kernelInit.tmp_save
2024-11-19 20:08:54,191 [INFO] CodeEngine:279 - Generated code: /home/kireiji/Documents/GitHub/CARVER/AMT212E-V/AMT212E-V/AMT212E-V_Micro-ROS/firmware/AMT212E-V_Micro-ROS_UART/MXTmpFiles/rtos_kernelInit.tmp
2024-11-19 20:08:54,192 [INFO] CodeEngine:255 - oldGeneratedFile, /home/kireiji/Documents/GitHub/CARVER/AMT212E-V/AMT212E-V/AMT212E-V_Micro-ROS/firmware/AMT212E-V_Micro-ROS_UART/MXTmpFiles/rtos_kernelStart.tmp_save
2024-11-19 20:08:54,261 [INFO] CodeEngine:279 - Generated code: /home/kireiji/Documents/GitHub/CARVER/AMT212E-V/AMT212E-V/AMT212E-V_Micro-ROS/firmware/AMT212E-V_Micro-ROS_UART/MXTmpFiles/rtos_kernelStart.tmp
2024-11-19 20:08:54,263 [INFO] CodeEngine:255 - oldGeneratedFile, /home/kireiji/Documents/GitHub/CARVER/AMT212E-V/AMT212E-V/AMT212E-V_Micro-ROS/firmware/AMT212E-V_Micro-ROS_UART/MXTmpFiles/rtos_typedefs.tmp_save
2024-11-19 20:08:54,336 [INFO] CodeEngine:279 - Generated code: /home/kireiji/Documents/GitHub/CARVER/AMT212E-V/AMT212E-V/AMT212E-V_Micro-ROS/firmware/AMT212E-V_Micro-ROS_UART/MXTmpFiles/rtos_typedefs.tmp
2024-11-19 20:08:54,338 [INFO] CodeEngine:255 - oldGeneratedFile, /home/kireiji/Documents/GitHub/CARVER/AMT212E-V/AMT212E-V/AMT212E-V_Micro-ROS/firmware/AMT212E-V_Micro-ROS_UART/MXTmpFiles/rtos_vars.tmp_save
2024-11-19 20:08:54,408 [INFO] CodeEngine:279 - Generated code: /home/kireiji/Documents/GitHub/CARVER/AMT212E-V/AMT212E-V/AMT212E-V_Micro-ROS/firmware/AMT212E-V_Micro-ROS_UART/MXTmpFiles/rtos_vars.tmp
2024-11-19 20:08:54,410 [INFO] CodeEngine:255 - oldGeneratedFile, /home/kireiji/Documents/GitHub/CARVER/AMT212E-V/AMT212E-V/AMT212E-V_Micro-ROS/firmware/AMT212E-V_Micro-ROS_UART/MXTmpFiles/rtos_pfp.tmp_save
2024-11-19 20:08:54,480 [INFO] CodeEngine:279 - Generated code: /home/kireiji/Documents/GitHub/CARVER/AMT212E-V/AMT212E-V/AMT212E-V_Micro-ROS/firmware/AMT212E-V_Micro-ROS_UART/MXTmpFiles/rtos_pfp.tmp
2024-11-19 20:08:54,482 [INFO] CodeEngine:255 - oldGeneratedFile, /home/kireiji/Documents/GitHub/CARVER/AMT212E-V/AMT212E-V/AMT212E-V_Micro-ROS/firmware/AMT212E-V_Micro-ROS_UART/MXTmpFiles/rtos_obj_creat.tmp_save
2024-11-19 20:08:54,554 [INFO] CodeEngine:279 - Generated code: /home/kireiji/Documents/GitHub/CARVER/AMT212E-V/AMT212E-V/AMT212E-V_Micro-ROS/firmware/AMT212E-V_Micro-ROS_UART/MXTmpFiles/rtos_obj_creat.tmp
2024-11-19 20:08:54,556 [INFO] CodeEngine:255 - oldGeneratedFile, /home/kireiji/Documents/GitHub/CARVER/AMT212E-V/AMT212E-V/AMT212E-V_Micro-ROS/firmware/AMT212E-V_Micro-ROS_UART/MXTmpFiles/rtos_default_thread.tmp_save
2024-11-19 20:08:54,630 [INFO] CodeEngine:279 - Generated code: /home/kireiji/Documents/GitHub/CARVER/AMT212E-V/AMT212E-V/AMT212E-V_Micro-ROS/firmware/AMT212E-V_Micro-ROS_UART/MXTmpFiles/rtos_default_thread.tmp
2024-11-19 20:08:54,631 [INFO] CodeEngine:255 - oldGeneratedFile, /home/kireiji/Documents/GitHub/CARVER/AMT212E-V/AMT212E-V/AMT212E-V_Micro-ROS/firmware/AMT212E-V_Micro-ROS_UART/MXTmpFiles/rtos_threads.tmp_save
2024-11-19 20:08:54,703 [INFO] CodeEngine:279 - Generated code: /home/kireiji/Documents/GitHub/CARVER/AMT212E-V/AMT212E-V/AMT212E-V_Micro-ROS/firmware/AMT212E-V_Micro-ROS_UART/MXTmpFiles/rtos_threads.tmp
2024-11-19 20:08:54,705 [INFO] CodeEngine:255 - oldGeneratedFile, /home/kireiji/Documents/GitHub/CARVER/AMT212E-V/AMT212E-V/AMT212E-V_Micro-ROS/firmware/AMT212E-V_Micro-ROS_UART/Core/Inc/FreeRTOSConfig.h_save
2024-11-19 20:08:54,815 [INFO] CodeEngine:279 - Generated code: /home/kireiji/Documents/GitHub/CARVER/AMT212E-V/AMT212E-V/AMT212E-V_Micro-ROS/firmware/AMT212E-V_Micro-ROS_UART/Core/Inc/FreeRTOSConfig.h
2024-11-19 20:08:54,818 [INFO] CodeEngine:255 - oldGeneratedFile, /home/kireiji/Documents/GitHub/CARVER/AMT212E-V/AMT212E-V/AMT212E-V_Micro-ROS/firmware/AMT212E-V_Micro-ROS_UART/Core/Src/app_freertos.c_save
2024-11-19 20:08:54,923 [INFO] CodeEngine:279 - Generated code: /home/kireiji/Documents/GitHub/CARVER/AMT212E-V/AMT212E-V/AMT212E-V_Micro-ROS/firmware/AMT212E-V_Micro-ROS_UART/Core/Src/app_freertos.c
2024-11-19 20:08:55,106 [INFO] CodeEngine:255 - oldGeneratedFile, /home/kireiji/Documents/GitHub/CARVER/AMT212E-V/AMT212E-V/AMT212E-V_Micro-ROS/firmware/AMT212E-V_Micro-ROS_UART/Core/Src/dma.c_save
2024-11-19 20:08:55,188 [INFO] CodeEngine:279 - Generated code: /home/kireiji/Documents/GitHub/CARVER/AMT212E-V/AMT212E-V/AMT212E-V_Micro-ROS/firmware/AMT212E-V_Micro-ROS_UART/Core/Src/dma.c
2024-11-19 20:08:55,191 [INFO] CodeEngine:255 - oldGeneratedFile, /home/kireiji/Documents/GitHub/CARVER/AMT212E-V/AMT212E-V/AMT212E-V_Micro-ROS/firmware/AMT212E-V_Micro-ROS_UART/Core/Inc/dma.h_save
2024-11-19 20:08:55,275 [INFO] CodeEngine:279 - Generated code: /home/kireiji/Documents/GitHub/CARVER/AMT212E-V/AMT212E-V/AMT212E-V_Micro-ROS/firmware/AMT212E-V_Micro-ROS_UART/Core/Inc/dma.h
2024-11-19 20:08:55,279 [INFO] CodeEngine:255 - oldGeneratedFile, /home/kireiji/Documents/GitHub/CARVER/AMT212E-V/AMT212E-V/AMT212E-V_Micro-ROS/firmware/AMT212E-V_Micro-ROS_UART/Core/Src/iwdg.c_save
2024-11-19 20:08:55,445 [INFO] CodeEngine:279 - Generated code: /home/kireiji/Documents/GitHub/CARVER/AMT212E-V/AMT212E-V/AMT212E-V_Micro-ROS/firmware/AMT212E-V_Micro-ROS_UART/Core/Src/iwdg.c
2024-11-19 20:08:55,448 [INFO] CodeEngine:255 - oldGeneratedFile, /home/kireiji/Documents/GitHub/CARVER/AMT212E-V/AMT212E-V/AMT212E-V_Micro-ROS/firmware/AMT212E-V_Micro-ROS_UART/Core/Inc/iwdg.h_save
2024-11-19 20:08:55,535 [INFO] CodeEngine:279 - Generated code: /home/kireiji/Documents/GitHub/CARVER/AMT212E-V/AMT212E-V/AMT212E-V_Micro-ROS/firmware/AMT212E-V_Micro-ROS_UART/Core/Inc/iwdg.h
2024-11-19 20:08:55,541 [INFO] CodeEngine:255 - oldGeneratedFile, /home/kireiji/Documents/GitHub/CARVER/AMT212E-V/AMT212E-V/AMT212E-V_Micro-ROS/firmware/AMT212E-V_Micro-ROS_UART/Core/Src/usart.c_save
2024-11-19 20:08:55,698 [INFO] CodeEngine:279 - Generated code: /home/kireiji/Documents/GitHub/CARVER/AMT212E-V/AMT212E-V/AMT212E-V_Micro-ROS/firmware/AMT212E-V_Micro-ROS_UART/Core/Src/usart.c
2024-11-19 20:08:55,700 [INFO] CodeEngine:255 - oldGeneratedFile, /home/kireiji/Documents/GitHub/CARVER/AMT212E-V/AMT212E-V/AMT212E-V_Micro-ROS/firmware/AMT212E-V_Micro-ROS_UART/Core/Inc/usart.h_save
2024-11-19 20:08:55,780 [INFO] CodeEngine:279 - Generated code: /home/kireiji/Documents/GitHub/CARVER/AMT212E-V/AMT212E-V/AMT212E-V_Micro-ROS/firmware/AMT212E-V_Micro-ROS_UART/Core/Inc/usart.h
2024-11-19 20:08:55,786 [INFO] CodeEngine:255 - oldGeneratedFile, /home/kireiji/Documents/GitHub/CARVER/AMT212E-V/AMT212E-V/AMT212E-V_Micro-ROS/firmware/AMT212E-V_Micro-ROS_UART/Core/Src/tim.c_save
2024-11-19 20:08:55,936 [INFO] CodeEngine:279 - Generated code: /home/kireiji/Documents/GitHub/CARVER/AMT212E-V/AMT212E-V/AMT212E-V_Micro-ROS/firmware/AMT212E-V_Micro-ROS_UART/Core/Src/tim.c
2024-11-19 20:08:55,939 [INFO] CodeEngine:255 - oldGeneratedFile, /home/kireiji/Documents/GitHub/CARVER/AMT212E-V/AMT212E-V/AMT212E-V_Micro-ROS/firmware/AMT212E-V_Micro-ROS_UART/Core/Inc/tim.h_save
2024-11-19 20:08:56,018 [INFO] CodeEngine:279 - Generated code: /home/kireiji/Documents/GitHub/CARVER/AMT212E-V/AMT212E-V/AMT212E-V_Micro-ROS/firmware/AMT212E-V_Micro-ROS_UART/Core/Inc/tim.h
2024-11-19 20:08:56,036 [INFO] CodeEngine:255 - oldGeneratedFile, /home/kireiji/Documents/GitHub/CARVER/AMT212E-V/AMT212E-V/AMT212E-V_Micro-ROS/firmware/AMT212E-V_Micro-ROS_UART/Core/Src/stm32g4xx_it.c_save
2024-11-19 20:08:56,182 [INFO] CodeEngine:279 - Generated code: /home/kireiji/Documents/GitHub/CARVER/AMT212E-V/AMT212E-V/AMT212E-V_Micro-ROS/firmware/AMT212E-V_Micro-ROS_UART/Core/Src/stm32g4xx_it.c
2024-11-19 20:08:56,184 [INFO] CodeEngine:255 - oldGeneratedFile, /home/kireiji/Documents/GitHub/CARVER/AMT212E-V/AMT212E-V/AMT212E-V_Micro-ROS/firmware/AMT212E-V_Micro-ROS_UART/Core/Inc/stm32g4xx_it.h_save
2024-11-19 20:08:56,272 [INFO] CodeEngine:279 - Generated code: /home/kireiji/Documents/GitHub/CARVER/AMT212E-V/AMT212E-V/AMT212E-V_Micro-ROS/firmware/AMT212E-V_Micro-ROS_UART/Core/Inc/stm32g4xx_it.h
2024-11-19 20:08:56,294 [INFO] CodeEngine:255 - oldGeneratedFile, /home/kireiji/Documents/GitHub/CARVER/AMT212E-V/AMT212E-V/AMT212E-V_Micro-ROS/firmware/AMT212E-V_Micro-ROS_UART/Core/Src/stm32g4xx_hal_msp.c_save
2024-11-19 20:08:56,428 [INFO] CodeEngine:279 - Generated code: /home/kireiji/Documents/GitHub/CARVER/AMT212E-V/AMT212E-V/AMT212E-V_Micro-ROS/firmware/AMT212E-V_Micro-ROS_UART/Core/Src/stm32g4xx_hal_msp.c
2024-11-19 20:08:56,430 [INFO] CodeEngine:255 - oldGeneratedFile, /home/kireiji/Documents/GitHub/CARVER/AMT212E-V/AMT212E-V/AMT212E-V_Micro-ROS/firmware/AMT212E-V_Micro-ROS_UART/MXTmpFiles/system.tmp_save
2024-11-19 20:08:56,511 [INFO] CodeEngine:279 - Generated code: /home/kireiji/Documents/GitHub/CARVER/AMT212E-V/AMT212E-V/AMT212E-V_Micro-ROS/firmware/AMT212E-V_Micro-ROS_UART/MXTmpFiles/system.tmp
2024-11-19 20:08:56,513 [INFO] CodeEngine:255 - oldGeneratedFile, /home/kireiji/Documents/GitHub/CARVER/AMT212E-V/AMT212E-V/AMT212E-V_Micro-ROS/firmware/AMT212E-V_Micro-ROS_UART/Core/Src/stm32g4xx_hal_timebase_tim.c_save
2024-11-19 20:08:56,607 [INFO] CodeEngine:279 - Generated code: /home/kireiji/Documents/GitHub/CARVER/AMT212E-V/AMT212E-V/AMT212E-V_Micro-ROS/firmware/AMT212E-V_Micro-ROS_UART/Core/Src/stm32g4xx_hal_timebase_tim.c
2024-11-19 20:08:56,613 [INFO] CodeEngine:311 - oldGeneratedFile, /home/kireiji/Documents/GitHub/CARVER/AMT212E-V/AMT212E-V/AMT212E-V_Micro-ROS/firmware/AMT212E-V_Micro-ROS_UART/Core/Inc/stm32g4xx_hal_conf.h_save
2024-11-19 20:08:56,699 [INFO] CodeEngine:335 - Generated code: /home/kireiji/Documents/GitHub/CARVER/AMT212E-V/AMT212E-V/AMT212E-V_Micro-ROS/firmware/AMT212E-V_Micro-ROS_UART/Core/Inc/stm32g4xx_hal_conf.h
2024-11-19 20:08:56,726 [WARN] IPConfigManager:3005 - Warning: the RefConfig RCC_CommonPeriphClockConfig is not available in your config.xml file
2024-11-19 20:08:56,740 [INFO] CodeEngine:255 - oldGeneratedFile, /home/kireiji/Documents/GitHub/CARVER/AMT212E-V/AMT212E-V/AMT212E-V_Micro-ROS/firmware/AMT212E-V_Micro-ROS_UART/Core/Inc/main.h_save
2024-11-19 20:08:56,864 [INFO] CodeEngine:279 - Generated code: /home/kireiji/Documents/GitHub/CARVER/AMT212E-V/AMT212E-V/AMT212E-V_Micro-ROS/firmware/AMT212E-V_Micro-ROS_UART/Core/Inc/main.h
2024-11-19 20:08:56,867 [INFO] CodeEngine:255 - oldGeneratedFile, /home/kireiji/Documents/GitHub/CARVER/AMT212E-V/AMT212E-V/AMT212E-V_Micro-ROS/firmware/AMT212E-V_Micro-ROS_UART/Core/Src/main.c_save
2024-11-19 20:08:57,079 [INFO] CodeEngine:279 - Generated code: /home/kireiji/Documents/GitHub/CARVER/AMT212E-V/AMT212E-V/AMT212E-V_Micro-ROS/firmware/AMT212E-V_Micro-ROS_UART/Core/Src/main.c
2024-11-19 20:08:57,554 [INFO] ProjectBuilder:3249 - Time for Copy HAL[1] : 74mS.
2024-11-19 20:08:57,561 [INFO] ProjectBuilder:4828 - Project Generator version: 4.5.0-B34
2024-11-19 20:08:57,681 [INFO] ConfigFileManager:1531 - The Die is : DIE469
2024-11-19 20:08:57,694 [INFO] ApiDbMcu:508 - Load IP Config File for FATFS
2024-11-19 20:08:57,701 [INFO] ApiDbMcu:508 - Load IP Config File for USBPD
2024-11-19 20:08:57,713 [INFO] ApiDbMcu:508 - Load IP Config File for USB_Device
2024-11-19 20:08:58,133 [INFO] LogOutputStream:77 - [STDOUT_REDIRECT] 
2024-11-19 20:08:59,079 [INFO] ProjectBuilder:5097 - Time for Generating toolchain IDE Files: 1518mS.
2024-11-19 20:08:59,080 [INFO] ProjectBuilder:3107 - Time for Copy CMSIS : 1mS.
2024-11-19 20:08:59,082 [INFO] ProjectBuilder:3107 - Time for Copy CMSIS : 0mS.
2024-11-19 20:09:47,172 [INFO] WebApp:189 - Connection lost
2024-11-19 20:09:47,332 [INFO] WebApp:186 - Connection restablished
2024-11-19 20:09:59,305 [INFO] WebApp:189 - Connection lost
2024-11-19 20:09:59,439 [INFO] WebApp:186 - Connection restablished
2024-11-19 20:10:30,023 [INFO] WebApp:189 - Connection lost
2024-11-19 20:10:30,157 [INFO] WebApp:186 - Connection restablished
2024-11-19 20:10:48,802 [INFO] WebApp:189 - Connection lost
2024-11-19 20:10:48,936 [INFO] WebApp:186 - Connection restablished
2024-11-19 20:13:35,979 [INFO] WebApp:189 - Connection lost
2024-11-19 20:13:36,108 [INFO] WebApp:186 - Connection restablished
2024-11-19 20:13:40,147 [ERROR] ConfigurationRetriever:142 - IOException on connection: Connect timed out
2024-11-19 20:13:44,346 [ERROR] ConfigurationRetriever:142 - IOException on connection: Read timed out
2024-11-19 20:14:42,490 [INFO] WebApp:189 - Connection lost
2024-11-19 20:14:42,622 [INFO] WebApp:186 - Connection restablished
2024-11-19 20:14:51,211 [ERROR] ConfigurationRetriever:142 - IOException on connection: Read timed out
2024-11-19 20:20:28,218 [INFO] WebApp:189 - Connection lost
2024-11-19 20:20:28,373 [INFO] WebApp:186 - Connection restablished
2024-11-19 20:20:39,688 [ERROR] ConfigurationRetriever:142 - IOException on connection: Read timed out
2024-11-19 20:47:53,418 [INFO] MainUpdater:2873 - connection check result : 10
2024-11-19 20:47:53,418 [INFO] MainUpdater:2873 - connection check result : 10
2024-11-19 20:47:53,450 [INFO] MicroXplorer:468 - Change Database Path : 
2024-11-19 20:47:53,450 [INFO] MicroXplorer:498 - Change Database Version : DB.6.0.121
2024-11-19 20:47:53,458 [ERROR] ProjectManagerView:394 - 
java.lang.NullPointerException: Cannot invoke "javax.swing.JTextField.getText()" because the return value of "java.util.List.get(int)" is null
	at com.st.microxplorer.plugins.projectmanager.gui.ProjectChoiceTab$10.caretUpdate(ProjectChoiceTab.java:2622) ~[filemanager.jar:?]
	at javax.swing.text.JTextComponent.fireCaretUpdate(JTextComponent.java:412) ~[?:?]
	at javax.swing.text.JTextComponent$MutableCaretEvent.fire(JTextComponent.java:4491) ~[?:?]
	at javax.swing.text.JTextComponent$MutableCaretEvent.stateChanged(JTextComponent.java:4513) ~[?:?]
	at javax.swing.text.DefaultCaret.fireStateChanged(DefaultCaret.java:842) ~[?:?]
	at javax.swing.text.DefaultCaret.changeCaretPosition(DefaultCaret.java:1313) ~[?:?]
	at javax.swing.text.DefaultCaret.handleSetDot(DefaultCaret.java:1212) ~[?:?]
	at javax.swing.text.DefaultCaret.setDot(DefaultCaret.java:1193) ~[?:?]
	at javax.swing.text.DefaultCaret$Handler.insertUpdate(DefaultCaret.java:1789) ~[?:?]
	at javax.swing.text.AbstractDocument.fireInsertUpdate(AbstractDocument.java:226) ~[?:?]
	at javax.swing.text.AbstractDocument.handleInsertString(AbstractDocument.java:780) ~[?:?]
	at javax.swing.text.AbstractDocument.insertString(AbstractDocument.java:739) ~[?:?]
	at javax.swing.text.PlainDocument.insertString(PlainDocument.java:131) ~[?:?]
	at javax.swing.text.AbstractDocument.replace(AbstractDocument.java:698) ~[?:?]
	at javax.swing.text.JTextComponent.setText(JTextComponent.java:1729) ~[?:?]
	at com.st.microxplorer.plugins.projectmanager.gui.ProjectChoiceTab.createHeapStackFields(ProjectChoiceTab.java:972) ~[filemanager.jar:?]
	at com.st.microxplorer.plugins.projectmanager.gui.ProjectChoiceTab.buildLinkSettingsPanel(ProjectChoiceTab.java:3597) ~[filemanager.jar:?]
	at com.st.microxplorer.plugins.projectmanager.gui.ProjectChoiceTab.defineWindowsFields(ProjectChoiceTab.java:1940) ~[filemanager.jar:?]
	at com.st.microxplorer.plugins.projectmanager.gui.ProjectChoiceTab.updateSettings(ProjectChoiceTab.java:550) ~[filemanager.jar:?]
	at com.st.microxplorer.plugins.projectmanager.gui.ProjectSettingsPanel.UpdateDialog(ProjectSettingsPanel.java:245) ~[filemanager.jar:?]
	at com.st.microxplorer.plugins.projectmanager.ProjectManagerView.propertyChange(ProjectManagerView.java:391) ~[filemanager.jar:?]
	at java.beans.PropertyChangeSupport.fire(PropertyChangeSupport.java:343) ~[?:?]
	at java.beans.PropertyChangeSupport.firePropertyChange(PropertyChangeSupport.java:335) ~[?:?]
	at java.beans.PropertyChangeSupport.firePropertyChange(PropertyChangeSupport.java:268) ~[?:?]
	at com.st.microxplorer.util.MXPropertyChangeSupport.firePropertyChange(MXPropertyChangeSupport.java:54) ~[STM32CubeMX.jar:?]
	at com.st.microxplorer.mxsystem.MxSystem.closeConfig(MxSystem.java:900) ~[STM32CubeMX.jar:?]
	at com.st.microxplorer.maingui.MainPanel.closeConfig(MainPanel.java:781) ~[STM32CubeMX.jar:?]
	at com.st.microxplorer.plugins.filemanager.engine.OpenFileManager.loadConfigurationFile(OpenFileManager.java:265) ~[filemanager.jar:?]
	at com.st.microxplorer.plugins.filemanager.engine.MainFileManager.userLoadConfig(MainFileManager.java:352) ~[filemanager.jar:?]
	at com.st.microxplorer.plugins.filemanager.engine.MainFileManager.userLoadConfig(MainFileManager.java:330) ~[filemanager.jar:?]
	at com.st.microxplorer.plugins.filemanager.FileManagerView.getSpecificTask(FileManagerView.java:246) ~[filemanager.jar:?]
	at com.st.stm32cube.common.mx.editor.CubeMxEditor.getMxTabbedPaneInstance(CubeMxEditor.java:1198) ~[com.st.stm32cube.common.mx_6.12.1.202409122256/:?]
	at com.st.stm32cube.common.mx.editor.CubeMxEditor$12$1.createSwingComponent(CubeMxEditor.java:1068) ~[com.st.stm32cube.common.mx_6.12.1.202409122256/:?]
	at com.st.stm32cube.common.mx.oss.core.awtswtbridge.EmbeddedSwingComposite.doComponentCreation(EmbeddedSwingComposite.java:492) ~[com.st.stm32cube.common.mx.oss_6.12.1.202409122256/:?]
	at com.st.stm32cube.common.mx.oss.core.awtswtbridge.EmbeddedSwingComposite$4.run(EmbeddedSwingComposite.java:291) ~[com.st.stm32cube.common.mx.oss_6.12.1.202409122256/:?]
	at com.st.stm32cube.common.mx.oss.core.awtswtbridge.AwtEnvironment$2.run(AwtEnvironment.java:166) ~[com.st.stm32cube.common.mx.oss_6.12.1.202409122256/:?]
	at java.awt.event.InvocationEvent.dispatch(InvocationEvent.java:318) ~[?:?]
	at java.awt.EventQueue.dispatchEventImpl(EventQueue.java:773) ~[?:?]
	at java.awt.EventQueue$4.run(EventQueue.java:720) ~[?:?]
	at java.awt.EventQueue$4.run(EventQueue.java:714) ~[?:?]
	at java.security.AccessController.doPrivileged(AccessController.java:399) ~[?:?]
	at java.security.ProtectionDomain$JavaSecurityAccessImpl.doIntersectionPrivilege(ProtectionDomain.java:86) ~[?:?]
	at java.awt.EventQueue.dispatchEvent(EventQueue.java:742) ~[?:?]
	at java.awt.EventDispatchThread.pumpOneEventForFilters(EventDispatchThread.java:203) ~[?:?]
	at java.awt.EventDispatchThread.pumpEventsForFilter(EventDispatchThread.java:124) ~[?:?]
	at java.awt.EventDispatchThread.pumpEventsForHierarchy(EventDispatchThread.java:113) ~[?:?]
	at java.awt.EventDispatchThread.pumpEvents(EventDispatchThread.java:109) ~[?:?]
	at java.awt.EventDispatchThread.pumpEvents(EventDispatchThread.java:101) ~[?:?]
	at java.awt.EventDispatchThread.run(EventDispatchThread.java:90) ~[?:?]
2024-11-19 20:47:53,463 [WARN] ThirdParty:871 - waiting for thirdparty lock release [close project]
2024-11-19 20:47:53,463 [INFO] ThirdParty:873 - entering critical section [close project]
2024-11-19 20:47:53,463 [INFO] ThirdParty:883 - exiting critical section [close project]
2024-11-19 20:47:53,465 [INFO] PinOutPanel:1561 - setPackage(No Configuration,No Configuration)
2024-11-19 20:47:53,473 [INFO] UtilMem:75 - Begin LoadConfig() Used Memory: 459844112 Bytes (940572672)
2024-11-19 20:47:53,473 [INFO] MicroXplorer:468 - Change Database Path : 
2024-11-19 20:47:53,473 [INFO] MicroXplorer:498 - Change Database Version : DB.6.0.121
2024-11-19 20:47:53,473 [INFO] OpenFileManager:332 - Change cursor
2024-11-19 20:47:53,482 [INFO] RulesReader:64 - Compatibility file has been processed (297 Rules)
2024-11-19 20:47:53,483 [INFO] Mcu:2032 - Initializing MCU STM32G474R(B-C-E)Tx STM32G474RETx STM32G474RET6
2024-11-19 20:47:56,289 [INFO] Context:742 - Trying to add GPIOservice into a context  which must be forbidden
2024-11-19 20:47:57,571 [INFO] ApiDbMcu:508 - Load IP Config File for NUCLEO-G474RE
2024-11-19 20:47:57,680 [INFO] RtosManager:555 - Registered RTOS mode: class=CMSIS, group=RTOS, mode=CMSIS_V1, owner=FREERTOS
2024-11-19 20:47:57,680 [INFO] RtosManager:555 - Registered RTOS mode: class=CMSIS, group=RTOS2, mode=CMSIS_V2, owner=FREERTOS
2024-11-19 20:47:57,680 [INFO] RtosManager:555 - Registered RTOS mode: class=RTOS, group=Core, mode=CMSIS_V1, owner=FREERTOS
2024-11-19 20:47:57,680 [INFO] RtosManager:555 - Registered RTOS mode: class=RTOS, group=Core, mode=CMSIS_V2, owner=FREERTOS
2024-11-19 20:47:57,680 [WARN] ModelIntegratedComponent:184 - Missing modes for component STMicroelectronics:FreeRTOS:0.0.1:STMicroelectronics:RTOS:FreeRTOS:Core:::10.2.0:
2024-11-19 20:47:57,684 [WARN] ModelIntegratedComponent:63 - No mode defined for component null
2024-11-19 20:47:57,684 [WARN] ModelIntegratedComponent:63 - No mode defined for component null
2024-11-19 20:47:57,684 [WARN] ModelIntegratedComponent:63 - No mode defined for component null
2024-11-19 20:47:57,684 [WARN] ModelIntegratedComponent:63 - No mode defined for component null
2024-11-19 20:47:57,684 [WARN] ModelIntegratedComponent:63 - No mode defined for component null
2024-11-19 20:47:57,684 [WARN] ModelIntegratedComponent:63 - No mode defined for component null
2024-11-19 20:47:57,684 [WARN] ModelIntegratedComponent:63 - No mode defined for component null
2024-11-19 20:47:57,684 [WARN] ModelIntegratedComponent:63 - No mode defined for component null
2024-11-19 20:47:57,684 [WARN] ModelIntegratedComponent:63 - No mode defined for component null
2024-11-19 20:47:57,684 [WARN] ModelIntegratedComponent:63 - No mode defined for component null
2024-11-19 20:47:57,684 [WARN] ModelIntegratedComponent:63 - No mode defined for component null
2024-11-19 20:47:57,684 [WARN] ModelIntegratedComponent:63 - No mode defined for component null
2024-11-19 20:47:57,684 [WARN] ModelIntegratedComponent:63 - No mode defined for component null
2024-11-19 20:47:57,684 [WARN] ModelIntegratedComponent:63 - No mode defined for component null
2024-11-19 20:47:57,684 [WARN] ModelIntegratedComponent:63 - No mode defined for component null
2024-11-19 20:47:57,684 [WARN] ModelIntegratedComponent:63 - No mode defined for component null
2024-11-19 20:47:57,684 [WARN] ModelIntegratedComponent:63 - No mode defined for component null
2024-11-19 20:47:57,684 [WARN] ModelIntegratedComponent:63 - No mode defined for component null
2024-11-19 20:47:57,684 [WARN] ModelIntegratedComponent:63 - No mode defined for component null
2024-11-19 20:47:57,684 [WARN] ModelIntegratedComponent:63 - No mode defined for component null
2024-11-19 20:47:57,684 [WARN] ModelIntegratedComponent:63 - No mode defined for component null
2024-11-19 20:47:57,684 [WARN] ModelIntegratedComponent:63 - No mode defined for component null
2024-11-19 20:47:57,684 [WARN] ModelIntegratedComponent:63 - No mode defined for component null
2024-11-19 20:47:57,684 [WARN] ModelIntegratedComponent:63 - No mode defined for component null
2024-11-19 20:47:57,684 [WARN] ModelIntegratedComponent:63 - No mode defined for component null
2024-11-19 20:47:57,684 [WARN] ModelIntegratedComponent:63 - No mode defined for component null
2024-11-19 20:47:57,684 [WARN] ModelIntegratedComponent:63 - No mode defined for component null
2024-11-19 20:47:57,684 [WARN] ModelIntegratedComponent:63 - No mode defined for component null
2024-11-19 20:47:57,684 [WARN] ModelIntegratedComponent:63 - No mode defined for component null
2024-11-19 20:47:57,684 [WARN] ModelIntegratedComponent:63 - No mode defined for component null
2024-11-19 20:47:57,684 [WARN] ModelIntegratedComponent:63 - No mode defined for component null
2024-11-19 20:47:57,685 [WARN] ModelIntegratedComponent:63 - No mode defined for component null
2024-11-19 20:47:57,685 [WARN] ModelIntegratedComponent:63 - No mode defined for component null
2024-11-19 20:47:57,685 [WARN] ModelIntegratedComponent:63 - No mode defined for component null
2024-11-19 20:47:57,685 [WARN] ModelIntegratedComponent:63 - No mode defined for component null
2024-11-19 20:47:57,685 [WARN] ModelPack:524 - Component already loaded: STMicroelectronics:HAL Drivers:0.0.0:STMicroelectronics:Device:STMicro_Driver:XSPI:HAL::0.0.1:HAL_XSPI
2024-11-19 20:47:57,694 [INFO] ThirdPartyModel:298 - Start build external matchings
2024-11-19 20:47:57,744 [INFO] ThirdPartyModel:316 - End build external matchings
2024-11-19 20:47:57,747 [INFO] RtosManager:919 - Current active RTOS is FREERTOS [Cortex-M4NS]
2024-11-19 20:47:57,753 [INFO] ImportTextPane:205 - (OptionalMessage_ERROR) IP (DMA) : Parameter (Instance) has Id (LPUART1_RX) currently not set
2024-11-19 20:47:57,753 [INFO] ImportTextPane:205 - (OptionalMessage_ERROR) IP (DMA) : Parameter (Request) has Id (LPUART1_RX) currently not set
2024-11-19 20:47:57,753 [INFO] ImportTextPane:205 - (OptionalMessage_ERROR) IP (DMA) : Parameter (Direction) has Id (LPUART1_RX) currently not set
2024-11-19 20:47:57,753 [INFO] ImportTextPane:205 - (OptionalMessage_ERROR) IP (DMA) : Parameter (PeriphInc) has Id (LPUART1_RX) currently not set
2024-11-19 20:47:57,753 [INFO] ImportTextPane:205 - (OptionalMessage_ERROR) IP (DMA) : Parameter (MemInc) has Id (LPUART1_RX) currently not set
2024-11-19 20:47:57,754 [INFO] ImportTextPane:205 - (OptionalMessage_ERROR) IP (DMA) : Parameter (PeriphDataAlignment) has Id (LPUART1_RX) currently not set
2024-11-19 20:47:57,755 [INFO] ImportTextPane:205 - (OptionalMessage_ERROR) IP (DMA) : Parameter (MemDataAlignment) has Id (LPUART1_RX) currently not set
2024-11-19 20:47:57,755 [INFO] ImportTextPane:205 - (OptionalMessage_ERROR) IP (DMA) : Parameter (Mode) has Id (LPUART1_RX) currently not set
2024-11-19 20:47:57,755 [INFO] ImportTextPane:205 - (OptionalMessage_ERROR) IP (DMA) : Parameter (Priority) has Id (LPUART1_RX) currently not set
2024-11-19 20:47:57,755 [INFO] ImportTextPane:205 - (OptionalMessage_ERROR) IP (DMA) : Parameter (SignalID) has Id (LPUART1_RX) currently not set
2024-11-19 20:47:57,755 [INFO] ImportTextPane:205 - (OptionalMessage_ERROR) IP (DMA) : Parameter (Polarity) has Id (LPUART1_RX) currently not set
2024-11-19 20:47:57,755 [INFO] ImportTextPane:205 - (OptionalMessage_ERROR) IP (DMA) : Parameter (RequestNumber) has Id (LPUART1_RX) currently not set
2024-11-19 20:47:57,755 [INFO] ImportTextPane:205 - (OptionalMessage_ERROR) IP (DMA) : Parameter (SyncSignalID) has Id (LPUART1_RX) currently not set
2024-11-19 20:47:57,755 [INFO] ImportTextPane:205 - (OptionalMessage_ERROR) IP (DMA) : Parameter (SyncPolarity) has Id (LPUART1_RX) currently not set
2024-11-19 20:47:57,755 [INFO] ImportTextPane:205 - (OptionalMessage_ERROR) IP (DMA) : Parameter (SyncEnable) has Id (LPUART1_RX) currently not set
2024-11-19 20:47:57,755 [INFO] ImportTextPane:205 - (OptionalMessage_ERROR) IP (DMA) : Parameter (EventEnable) has Id (LPUART1_RX) currently not set
2024-11-19 20:47:57,755 [INFO] ImportTextPane:205 - (OptionalMessage_ERROR) IP (DMA) : Parameter (SyncRequestNumber) has Id (LPUART1_RX) currently not set
2024-11-19 20:47:57,755 [INFO] ImportTextPane:205 - (OptionalMessage_ERROR) IP (DMA) : Parameter (Instance) has Id (LPUART1_TX) currently not set
2024-11-19 20:47:57,755 [INFO] ImportTextPane:205 - (OptionalMessage_ERROR) IP (DMA) : Parameter (Request) has Id (LPUART1_TX) currently not set
2024-11-19 20:47:57,755 [INFO] ImportTextPane:205 - (OptionalMessage_ERROR) IP (DMA) : Parameter (Direction) has Id (LPUART1_TX) currently not set
2024-11-19 20:47:57,755 [INFO] ImportTextPane:205 - (OptionalMessage_ERROR) IP (DMA) : Parameter (PeriphInc) has Id (LPUART1_TX) currently not set
2024-11-19 20:47:57,755 [INFO] ImportTextPane:205 - (OptionalMessage_ERROR) IP (DMA) : Parameter (MemInc) has Id (LPUART1_TX) currently not set
2024-11-19 20:47:57,755 [INFO] ImportTextPane:205 - (OptionalMessage_ERROR) IP (DMA) : Parameter (PeriphDataAlignment) has Id (LPUART1_TX) currently not set
2024-11-19 20:47:57,755 [INFO] ImportTextPane:205 - (OptionalMessage_ERROR) IP (DMA) : Parameter (MemDataAlignment) has Id (LPUART1_TX) currently not set
2024-11-19 20:47:57,755 [INFO] ImportTextPane:205 - (OptionalMessage_ERROR) IP (DMA) : Parameter (Mode) has Id (LPUART1_TX) currently not set
2024-11-19 20:47:57,755 [INFO] ImportTextPane:205 - (OptionalMessage_ERROR) IP (DMA) : Parameter (Priority) has Id (LPUART1_TX) currently not set
2024-11-19 20:47:57,755 [INFO] ImportTextPane:205 - (OptionalMessage_ERROR) IP (DMA) : Parameter (SignalID) has Id (LPUART1_TX) currently not set
2024-11-19 20:47:57,755 [INFO] ImportTextPane:205 - (OptionalMessage_ERROR) IP (DMA) : Parameter (Polarity) has Id (LPUART1_TX) currently not set
2024-11-19 20:47:57,755 [INFO] ImportTextPane:205 - (OptionalMessage_ERROR) IP (DMA) : Parameter (RequestNumber) has Id (LPUART1_TX) currently not set
2024-11-19 20:47:57,755 [INFO] ImportTextPane:205 - (OptionalMessage_ERROR) IP (DMA) : Parameter (SyncSignalID) has Id (LPUART1_TX) currently not set
2024-11-19 20:47:57,755 [INFO] ImportTextPane:205 - (OptionalMessage_ERROR) IP (DMA) : Parameter (SyncPolarity) has Id (LPUART1_TX) currently not set
2024-11-19 20:47:57,755 [INFO] ImportTextPane:205 - (OptionalMessage_ERROR) IP (DMA) : Parameter (SyncEnable) has Id (LPUART1_TX) currently not set
2024-11-19 20:47:57,756 [INFO] ImportTextPane:205 - (OptionalMessage_ERROR) IP (DMA) : Parameter (EventEnable) has Id (LPUART1_TX) currently not set
2024-11-19 20:47:57,756 [INFO] ImportTextPane:205 - (OptionalMessage_ERROR) IP (DMA) : Parameter (SyncRequestNumber) has Id (LPUART1_TX) currently not set
2024-11-19 20:47:57,756 [INFO] ImportTextPane:205 - (OptionalMessage_ERROR) IP (DMA) : Parameter (Instance) has Id (USART1_RX) currently not set
2024-11-19 20:47:57,756 [INFO] ImportTextPane:205 - (OptionalMessage_ERROR) IP (DMA) : Parameter (Request) has Id (USART1_RX) currently not set
2024-11-19 20:47:57,756 [INFO] ImportTextPane:205 - (OptionalMessage_ERROR) IP (DMA) : Parameter (Direction) has Id (USART1_RX) currently not set
2024-11-19 20:47:57,756 [INFO] ImportTextPane:205 - (OptionalMessage_ERROR) IP (DMA) : Parameter (PeriphInc) has Id (USART1_RX) currently not set
2024-11-19 20:47:57,756 [INFO] ImportTextPane:205 - (OptionalMessage_ERROR) IP (DMA) : Parameter (MemInc) has Id (USART1_RX) currently not set
2024-11-19 20:47:57,756 [INFO] ImportTextPane:205 - (OptionalMessage_ERROR) IP (DMA) : Parameter (PeriphDataAlignment) has Id (USART1_RX) currently not set
2024-11-19 20:47:57,756 [INFO] ImportTextPane:205 - (OptionalMessage_ERROR) IP (DMA) : Parameter (MemDataAlignment) has Id (USART1_RX) currently not set
2024-11-19 20:47:57,756 [INFO] ImportTextPane:205 - (OptionalMessage_ERROR) IP (DMA) : Parameter (Mode) has Id (USART1_RX) currently not set
2024-11-19 20:47:57,756 [INFO] ImportTextPane:205 - (OptionalMessage_ERROR) IP (DMA) : Parameter (Priority) has Id (USART1_RX) currently not set
2024-11-19 20:47:57,756 [INFO] ImportTextPane:205 - (OptionalMessage_ERROR) IP (DMA) : Parameter (SignalID) has Id (USART1_RX) currently not set
2024-11-19 20:47:57,756 [INFO] ImportTextPane:205 - (OptionalMessage_ERROR) IP (DMA) : Parameter (Polarity) has Id (USART1_RX) currently not set
2024-11-19 20:47:57,756 [INFO] ImportTextPane:205 - (OptionalMessage_ERROR) IP (DMA) : Parameter (RequestNumber) has Id (USART1_RX) currently not set
2024-11-19 20:47:57,756 [INFO] ImportTextPane:205 - (OptionalMessage_ERROR) IP (DMA) : Parameter (SyncSignalID) has Id (USART1_RX) currently not set
2024-11-19 20:47:57,756 [INFO] ImportTextPane:205 - (OptionalMessage_ERROR) IP (DMA) : Parameter (SyncPolarity) has Id (USART1_RX) currently not set
2024-11-19 20:47:57,756 [INFO] ImportTextPane:205 - (OptionalMessage_ERROR) IP (DMA) : Parameter (SyncEnable) has Id (USART1_RX) currently not set
2024-11-19 20:47:57,756 [INFO] ImportTextPane:205 - (OptionalMessage_ERROR) IP (DMA) : Parameter (EventEnable) has Id (USART1_RX) currently not set
2024-11-19 20:47:57,756 [INFO] ImportTextPane:205 - (OptionalMessage_ERROR) IP (DMA) : Parameter (SyncRequestNumber) has Id (USART1_RX) currently not set
2024-11-19 20:47:57,756 [INFO] ImportTextPane:205 - (OptionalMessage_ERROR) IP (DMA) : Parameter (Instance) has Id (USART1_TX) currently not set
2024-11-19 20:47:57,756 [INFO] ImportTextPane:205 - (OptionalMessage_ERROR) IP (DMA) : Parameter (Request) has Id (USART1_TX) currently not set
2024-11-19 20:47:57,756 [INFO] ImportTextPane:205 - (OptionalMessage_ERROR) IP (DMA) : Parameter (Direction) has Id (USART1_TX) currently not set
2024-11-19 20:47:57,756 [INFO] ImportTextPane:205 - (OptionalMessage_ERROR) IP (DMA) : Parameter (PeriphInc) has Id (USART1_TX) currently not set
2024-11-19 20:47:57,756 [INFO] ImportTextPane:205 - (OptionalMessage_ERROR) IP (DMA) : Parameter (MemInc) has Id (USART1_TX) currently not set
2024-11-19 20:47:57,756 [INFO] ImportTextPane:205 - (OptionalMessage_ERROR) IP (DMA) : Parameter (PeriphDataAlignment) has Id (USART1_TX) currently not set
2024-11-19 20:47:57,756 [INFO] ImportTextPane:205 - (OptionalMessage_ERROR) IP (DMA) : Parameter (MemDataAlignment) has Id (USART1_TX) currently not set
2024-11-19 20:47:57,757 [INFO] ImportTextPane:205 - (OptionalMessage_ERROR) IP (DMA) : Parameter (Mode) has Id (USART1_TX) currently not set
2024-11-19 20:47:57,757 [INFO] ImportTextPane:205 - (OptionalMessage_ERROR) IP (DMA) : Parameter (Priority) has Id (USART1_TX) currently not set
2024-11-19 20:47:57,757 [INFO] ImportTextPane:205 - (OptionalMessage_ERROR) IP (DMA) : Parameter (SignalID) has Id (USART1_TX) currently not set
2024-11-19 20:47:57,757 [INFO] ImportTextPane:205 - (OptionalMessage_ERROR) IP (DMA) : Parameter (Polarity) has Id (USART1_TX) currently not set
2024-11-19 20:47:57,757 [INFO] ImportTextPane:205 - (OptionalMessage_ERROR) IP (DMA) : Parameter (RequestNumber) has Id (USART1_TX) currently not set
2024-11-19 20:47:57,757 [INFO] ImportTextPane:205 - (OptionalMessage_ERROR) IP (DMA) : Parameter (SyncSignalID) has Id (USART1_TX) currently not set
2024-11-19 20:47:57,757 [INFO] ImportTextPane:205 - (OptionalMessage_ERROR) IP (DMA) : Parameter (SyncPolarity) has Id (USART1_TX) currently not set
2024-11-19 20:47:57,757 [INFO] ImportTextPane:205 - (OptionalMessage_ERROR) IP (DMA) : Parameter (SyncEnable) has Id (USART1_TX) currently not set
2024-11-19 20:47:57,757 [INFO] ImportTextPane:205 - (OptionalMessage_ERROR) IP (DMA) : Parameter (EventEnable) has Id (USART1_TX) currently not set
2024-11-19 20:47:57,757 [INFO] ImportTextPane:205 - (OptionalMessage_ERROR) IP (DMA) : Parameter (SyncRequestNumber) has Id (USART1_TX) currently not set
2024-11-19 20:47:57,759 [INFO] ImportTextPane:205 - (OptionalMessage_ERROR) IP (RCC) : Invalid parameter (FamilyName)
2024-11-19 20:47:57,760 [INFO] ImportTextPane:205 - (OptionalMessage_ERROR) IP (RCC) : Parameter (RNGFreq_Value) has invalid value (170000000)
2024-11-19 20:47:57,760 [INFO] ImportTextPane:205 - (OptionalMessage_ERROR) IP (RCC) : Parameter (USBFreq_Value) has invalid value (170000000)
2024-11-19 20:47:57,992 [INFO] UtilMem:75 - End LoadConfig() Used Memory: 657889584 Bytes (1073741824)
2024-11-19 20:47:58,003 [WARN] ThirdParty:833 - waiting for thirdparty lock release [change project]
2024-11-19 20:47:58,003 [INFO] ThirdParty:835 - entering critical section [change project]
2024-11-19 20:47:58,003 [INFO] ThirdParty:1030 - CMSIS Pack Vendor :STMicroelectronics USBPD 4.1
2024-11-19 20:47:58,003 [INFO] ThirdParty:1030 - CMSIS Pack Vendor :STMicroelectronics X-CUBE-AZRTOS-H7 3.3.0
2024-11-19 20:47:58,003 [INFO] ThirdParty:1030 - CMSIS Pack Vendor :STMicroelectronics USB_HOST 2.0.0
2024-11-19 20:47:58,004 [INFO] ThirdParty:1030 - CMSIS Pack Vendor :STMicroelectronics FP-SNS-MOTENVWB1 1.4.0
2024-11-19 20:47:58,004 [INFO] ThirdParty:1030 - CMSIS Pack Vendor :STMicroelectronics X-CUBE-AZRTOS-F4 1.1.0
2024-11-19 20:47:58,004 [INFO] ThirdParty:1030 - CMSIS Pack Vendor :STMicroelectronics LIBJPEG 8.0.0
2024-11-19 20:47:58,004 [INFO] ThirdParty:1030 - CMSIS Pack Vendor :STMicroelectronics FP-ATR-ASTRA1 2.0.1
2024-11-19 20:47:58,004 [INFO] ThirdParty:1030 - CMSIS Pack Vendor :STMicroelectronics X-CUBE-SMBUS 2.1.0
2024-11-19 20:47:58,004 [INFO] ThirdParty:1030 - CMSIS Pack Vendor :STMicroelectronics X-CUBE-WB05N 1.1.0
2024-11-19 20:47:58,004 [INFO] ThirdParty:1030 - CMSIS Pack Vendor :STMicroelectronics USB_DEVICE 3.0.0
2024-11-19 20:47:58,004 [INFO] ThirdParty:1030 - CMSIS Pack Vendor :STMicroelectronics X-CUBE-TCPP 4.1.0
2024-11-19 20:47:58,004 [INFO] ThirdParty:1030 - CMSIS Pack Vendor :STMicroelectronics X-CUBE-FREERTOS 1.2.0
2024-11-19 20:47:58,004 [INFO] ThirdParty:1030 - CMSIS Pack Vendor :STMicroelectronics X-CUBE-AZRTOS-WB 2.0.0
2024-11-19 20:47:58,004 [INFO] ThirdParty:1030 - CMSIS Pack Vendor :STMicroelectronics X-CUBE-AZRTOS-F7 1.1.0
2024-11-19 20:47:58,004 [INFO] ThirdParty:1030 - CMSIS Pack Vendor :STMicroelectronics X-CUBE-AZRTOS-L5 2.0.0
2024-11-19 20:47:58,004 [INFO] ThirdParty:1030 - CMSIS Pack Vendor :STMicroelectronics USB_DEVICE 2.0.0
2024-11-19 20:47:58,004 [INFO] ThirdParty:1030 - CMSIS Pack Vendor :STMicroelectronics X-CUBE-NFC6 3.1.0
2024-11-19 20:47:58,004 [INFO] ThirdParty:1030 - CMSIS Pack Vendor :STMicroelectronics FreeRTOS 0.0.1
2024-11-19 20:47:58,004 [INFO] ThirdParty:1030 - CMSIS Pack Vendor :STMicroelectronics X-CUBE-AZRTOS-G0 1.1.0
2024-11-19 20:47:58,004 [INFO] ThirdParty:1030 - CMSIS Pack Vendor :STMicroelectronics X-CUBE-SAFEA1 1.2.2
2024-11-19 20:47:58,004 [INFO] ThirdParty:1030 - CMSIS Pack Vendor :STMicroelectronics X-CUBE-NFC4 3.0.0
2024-11-19 20:47:58,004 [INFO] ThirdParty:1030 - CMSIS Pack Vendor :STMicroelectronics X-CUBE-SUBG2 5.0.0
2024-11-19 20:47:58,004 [INFO] ThirdParty:1030 - CMSIS Pack Vendor :STMicroelectronics STM32_WPAN 1.0.0
2024-11-19 20:47:58,004 [INFO] ThirdParty:1030 - CMSIS Pack Vendor :EmbeddedOffice I-CUBE-FS-RTOS 1.0.1
2024-11-19 20:47:58,004 [INFO] ThirdParty:1030 - CMSIS Pack Vendor :STMicroelectronics lwIP 2.0.3
2024-11-19 20:47:58,004 [INFO] ThirdParty:1030 - CMSIS Pack Vendor :STMicroelectronics FP-SNS-FLIGHT1 5.0.2
2024-11-19 20:47:58,004 [INFO] ThirdParty:1030 - CMSIS Pack Vendor :Cesanta I-CUBE-Mongoose 7.13.0
2024-11-19 20:47:58,004 [INFO] ThirdParty:1030 - CMSIS Pack Vendor :STMicroelectronics USB_HOST 1.0.0
2024-11-19 20:47:58,004 [INFO] ThirdParty:1030 - CMSIS Pack Vendor :STMicroelectronics X-CUBE-AZRTOS-G4 2.0.0
2024-11-19 20:47:58,004 [INFO] ThirdParty:1030 - CMSIS Pack Vendor :STMicroelectronics PDM2PCM 3.1.0
2024-11-19 20:47:58,004 [INFO] ThirdParty:1030 - CMSIS Pack Vendor :STMicroelectronics PDM2PCM 3.3.0
2024-11-19 20:47:58,004 [INFO] ThirdParty:1030 - CMSIS Pack Vendor :STMicroelectronics X-CUBE-DISPLAY 3.0.0
2024-11-19 20:47:58,004 [INFO] ThirdParty:1030 - CMSIS Pack Vendor :RealThread X-CUBE-RT-Thread_Nano 4.1.1
2024-11-19 20:47:58,004 [INFO] ThirdParty:1030 - CMSIS Pack Vendor :STMicroelectronics X-CUBE-BLE1 7.0.0
2024-11-19 20:47:58,004 [INFO] ThirdParty:1030 - CMSIS Pack Vendor :STMicroelectronics FP-ATR-SIGFOX1 3.2.0
2024-11-19 20:47:58,004 [INFO] ThirdParty:1030 - CMSIS Pack Vendor :quantropi X-CUBE-qispace-sdk-base 1.9.3
2024-11-19 20:47:58,004 [INFO] ThirdParty:1030 - CMSIS Pack Vendor :STMicroelectronics X-CUBE-EEPRMA1 5.1.0
2024-11-19 20:47:58,004 [INFO] ThirdParty:1030 - CMSIS Pack Vendor :STMicroelectronics HAL Drivers 0.0.0
2024-11-19 20:47:58,004 [INFO] ThirdParty:1030 - CMSIS Pack Vendor :STMicroelectronics MBEDTLS 2.16.2
2024-11-19 20:47:58,004 [INFO] ThirdParty:1030 - CMSIS Pack Vendor :STMicroelectronics X-CUBE-ALS 1.0.2
2024-11-19 20:47:58,004 [INFO] ThirdParty:1030 - CMSIS Pack Vendor :emotas I-CUBE-CANOPEN 1.3.0
2024-11-19 20:47:58,004 [INFO] ThirdParty:1030 - CMSIS Pack Vendor :wolfSSL I-CUBE-wolfSSL 5.7.4
2024-11-19 20:47:58,004 [INFO] ThirdParty:1030 - CMSIS Pack Vendor :STMicroelectronics X-CUBE-NFC7 1.0.1
2024-11-19 20:47:58,004 [INFO] ThirdParty:1030 - CMSIS Pack Vendor :STMicroelectronics MBEDTLS 2.14.1
2024-11-19 20:47:58,004 [INFO] ThirdParty:1030 - CMSIS Pack Vendor :ITTIA_DB I-CUBE-ITTIADB 8.9.0
2024-11-19 20:47:58,004 [INFO] ThirdParty:1030 - CMSIS Pack Vendor :STMicroelectronics X-CUBE-TOUCHGFX 4.24.1
2024-11-19 20:47:58,004 [INFO] ThirdParty:1030 - CMSIS Pack Vendor :wolfSSL I-CUBE-wolfTPM 3.4.0
2024-11-19 20:47:58,004 [INFO] ThirdParty:1030 - CMSIS Pack Vendor :portGmbH I-Cube-SoM-uGOAL 1.1.0
2024-11-19 20:47:58,005 [INFO] ThirdParty:1030 - CMSIS Pack Vendor :STMicroelectronics X-CUBE-BLEMGR 3.1.0
2024-11-19 20:47:58,005 [INFO] ThirdParty:1030 - CMSIS Pack Vendor :STMicroelectronics ThreadX 1.0.0
2024-11-19 20:47:58,005 [INFO] ThirdParty:1030 - CMSIS Pack Vendor :STMicroelectronics FP-SNS-SMARTAG2 1.2.0
2024-11-19 20:47:58,005 [INFO] ThirdParty:1030 - CMSIS Pack Vendor :STMicroelectronics X-CUBE-AZRTOS-WL 2.0.0
2024-11-19 20:47:58,005 [INFO] ThirdParty:1030 - CMSIS Pack Vendor :SEGGER I-CUBE-embOS 1.3.1
2024-11-19 20:47:58,005 [INFO] ThirdParty:1030 - CMSIS Pack Vendor :STMicroelectronics X-CUBE-ALGOBUILD 1.4.0
2024-11-19 20:47:58,005 [INFO] ThirdParty:1030 - CMSIS Pack Vendor :STMicroelectronics FP-SNS-MOTENV1 5.0.0
2024-11-19 20:47:58,005 [INFO] ThirdParty:1030 - CMSIS Pack Vendor :STMicroelectronics USB_DEVICE 1.0.0
2024-11-19 20:47:58,005 [INFO] ThirdParty:1030 - CMSIS Pack Vendor :STMicroelectronics X-CUBE-AZRTOS-H7RS 1.0.0
2024-11-19 20:47:58,005 [INFO] ThirdParty:1030 - CMSIS Pack Vendor :wolfSSL I-CUBE-wolfMQTT 1.19.0
2024-11-19 20:47:58,005 [INFO] ThirdParty:1030 - CMSIS Pack Vendor :STMicroelectronics X-CUBE-AZRTOS-L4 2.0.0
2024-11-19 20:47:58,005 [INFO] ThirdParty:1030 - CMSIS Pack Vendor :STMicroelectronics ThreadX 0.0.2
2024-11-19 20:47:58,005 [INFO] ThirdParty:1030 - CMSIS Pack Vendor :WES I-CUBE-Cesium 1.3.0
2024-11-19 20:47:58,005 [INFO] ThirdParty:1030 - CMSIS Pack Vendor :STMicroelectronics FP-ATR-ASTRA1 2.0.0
2024-11-19 20:47:58,005 [INFO] ThirdParty:1030 - CMSIS Pack Vendor :STMicroelectronics lwIP 2.1.2
2024-11-19 20:47:58,005 [INFO] ThirdParty:1030 - CMSIS Pack Vendor :STMicroelectronics X-CUBE-SFXS2LP1 4.0.0
2024-11-19 20:47:58,005 [INFO] ThirdParty:1030 - CMSIS Pack Vendor :STMicroelectronics X-CUBE-BLE2 3.3.0
2024-11-19 20:47:58,005 [INFO] ThirdParty:1030 - CMSIS Pack Vendor :Infineon AIROC-Wi-Fi-Bluetooth-STM32 1.6.1
2024-11-19 20:47:58,005 [INFO] ThirdParty:1030 - CMSIS Pack Vendor :STMicroelectronics PDM2PCM 3.2.0
2024-11-19 20:47:58,005 [INFO] ThirdParty:1030 - CMSIS Pack Vendor :wolfSSL I-CUBE-wolfSSH 1.4.17
2024-11-19 20:47:58,005 [INFO] ThirdParty:841 - exiting critical section [change project]
2024-11-19 20:47:58,259 [INFO] PinOutPanel:1561 - setPackage(No Configuration,No Configuration)
2024-11-19 20:47:58,259 [INFO] PinOutPanel:1561 - setPackage(STM32G474RETx,LQFP64)
2024-11-19 20:47:58,557 [INFO] UtilMem:75 - Before build in PCC Used Memory: 387377168 Bytes (1073741824)
2024-11-19 20:47:58,818 [INFO] UtilMem:75 - After build in PCC Used Memory: 447406544 Bytes (1073741824)
2024-11-19 20:47:58,822 [INFO] ApiDbMcu:508 - Load IP Config File for FREERTOS
2024-11-19 20:47:58,848 [INFO] IPUIPlugin:80 - create IPUIPlugin
2024-11-19 20:47:58,849 [INFO] IPUIPlugin:80 - create IPUIPlugin
2024-11-19 20:47:58,849 [INFO] IPUIPlugin:80 - create IPUIPlugin
2024-11-19 20:47:58,849 [INFO] IPUIPlugin:80 - create IPUIPlugin
2024-11-19 20:47:58,849 [INFO] IPUIPlugin:80 - create IPUIPlugin
2024-11-19 20:47:58,849 [INFO] IPUIPlugin:80 - create IPUIPlugin
2024-11-19 20:47:58,849 [INFO] IPUIPlugin:80 - create IPUIPlugin
2024-11-19 20:47:58,849 [INFO] IPUIPlugin:80 - create IPUIPlugin
2024-11-19 20:47:58,849 [INFO] IPUIPlugin:80 - create IPUIPlugin
2024-11-19 20:47:58,849 [INFO] IPUIPlugin:80 - create IPUIPlugin
2024-11-19 20:47:58,849 [INFO] IPUIPlugin:80 - create IPUIPlugin
2024-11-19 20:47:58,849 [INFO] IPUIPlugin:80 - create IPUIPlugin
2024-11-19 20:47:58,850 [INFO] IPUIPlugin:80 - create IPUIPlugin
2024-11-19 20:47:58,850 [INFO] IPUIPlugin:80 - create IPUIPlugin
2024-11-19 20:47:58,850 [INFO] IPUIPlugin:80 - create IPUIPlugin
2024-11-19 20:47:58,850 [INFO] IPUIPlugin:80 - create IPUIPlugin
2024-11-19 20:47:58,850 [INFO] IPUIPlugin:80 - create IPUIPlugin
2024-11-19 20:47:58,850 [INFO] IPUIPlugin:80 - create IPUIPlugin
2024-11-19 20:47:58,851 [INFO] IPUIPlugin:80 - create IPUIPlugin
2024-11-19 20:47:58,851 [INFO] IPUIPlugin:80 - create IPUIPlugin
2024-11-19 20:47:58,851 [INFO] IPUIPlugin:80 - create IPUIPlugin
2024-11-19 20:47:58,851 [INFO] IPUIPlugin:80 - create IPUIPlugin
2024-11-19 20:47:58,851 [INFO] IPUIPlugin:80 - create IPUIPlugin
2024-11-19 20:47:58,851 [INFO] IPUIPlugin:80 - create IPUIPlugin
2024-11-19 20:47:58,852 [INFO] IPUIPlugin:80 - create IPUIPlugin
2024-11-19 20:47:58,852 [INFO] IPUIPlugin:80 - create IPUIPlugin
2024-11-19 20:47:58,852 [INFO] IPUIPlugin:80 - create IPUIPlugin
2024-11-19 20:47:58,852 [INFO] IPUIPlugin:80 - create IPUIPlugin
2024-11-19 20:47:58,852 [INFO] IPUIPlugin:80 - create IPUIPlugin
2024-11-19 20:47:58,852 [INFO] IPUIPlugin:80 - create IPUIPlugin
2024-11-19 20:47:58,853 [INFO] IPUIPlugin:80 - create IPUIPlugin
2024-11-19 20:47:58,853 [INFO] IPUIPlugin:80 - create IPUIPlugin
2024-11-19 20:47:58,853 [INFO] IPUIPlugin:80 - create IPUIPlugin
2024-11-19 20:47:58,853 [INFO] IPUIPlugin:80 - create IPUIPlugin
2024-11-19 20:47:58,853 [INFO] IPUIPlugin:80 - create IPUIPlugin
2024-11-19 20:47:58,853 [INFO] IPUIPlugin:80 - create IPUIPlugin
2024-11-19 20:47:58,853 [INFO] IPUIPlugin:80 - create IPUIPlugin
2024-11-19 20:47:58,854 [INFO] IPUIPlugin:80 - create IPUIPlugin
2024-11-19 20:47:58,854 [INFO] IPUIPlugin:80 - create IPUIPlugin
2024-11-19 20:47:58,854 [INFO] IPUIPlugin:80 - create IPUIPlugin
2024-11-19 20:47:58,854 [INFO] IPUIPlugin:80 - create IPUIPlugin
2024-11-19 20:47:58,854 [INFO] IPUIPlugin:80 - create IPUIPlugin
2024-11-19 20:47:58,854 [INFO] IPUIPlugin:80 - create IPUIPlugin
2024-11-19 20:47:58,854 [INFO] IPUIPlugin:80 - create IPUIPlugin
2024-11-19 20:47:58,855 [INFO] IPUIPlugin:80 - create IPUIPlugin
2024-11-19 20:47:58,855 [INFO] IPUIPlugin:80 - create IPUIPlugin
2024-11-19 20:47:58,855 [INFO] IPUIPlugin:80 - create IPUIPlugin
2024-11-19 20:47:58,855 [INFO] IPUIPlugin:80 - create IPUIPlugin
2024-11-19 20:47:58,855 [INFO] IPUIPlugin:80 - create IPUIPlugin
2024-11-19 20:47:58,856 [INFO] IPUIPlugin:80 - create IPUIPlugin
2024-11-19 20:47:58,856 [INFO] IPUIPlugin:80 - create IPUIPlugin
2024-11-19 20:47:58,856 [INFO] IPUIPlugin:80 - create IPUIPlugin
2024-11-19 20:47:58,857 [INFO] IPUIPlugin:80 - create IPUIPlugin
2024-11-19 20:47:58,857 [INFO] IPUIPlugin:80 - create IPUIPlugin
2024-11-19 20:47:58,857 [INFO] IPUIPlugin:80 - create IPUIPlugin
2024-11-19 20:47:58,857 [INFO] IPUIPlugin:80 - create IPUIPlugin
2024-11-19 20:47:58,858 [INFO] IPUIPlugin:80 - create IPUIPlugin
2024-11-19 20:47:58,858 [INFO] IPUIPlugin:80 - create IPUIPlugin
2024-11-19 20:47:58,858 [INFO] IPUIPlugin:80 - create IPUIPlugin
2024-11-19 20:47:58,859 [INFO] IPUIPlugin:80 - create IPUIPlugin
2024-11-19 20:47:58,859 [INFO] IPUIPlugin:80 - create IPUIPlugin
2024-11-19 20:47:58,859 [INFO] IPUIPlugin:80 - create IPUIPlugin
2024-11-19 20:47:58,859 [INFO] IPUIPlugin:80 - create IPUIPlugin
2024-11-19 20:47:58,860 [INFO] IPUIPlugin:80 - create IPUIPlugin
2024-11-19 20:47:58,860 [INFO] IPUIPlugin:80 - create IPUIPlugin
2024-11-19 20:47:58,860 [INFO] IPUIPlugin:80 - create IPUIPlugin
2024-11-19 20:47:58,861 [INFO] IPUIPlugin:80 - create IPUIPlugin
2024-11-19 20:47:58,861 [INFO] IPUIPlugin:80 - create IPUIPlugin
2024-11-19 20:47:58,861 [INFO] IPUIPlugin:80 - create IPUIPlugin
2024-11-19 20:47:58,861 [INFO] IPUIPlugin:80 - create IPUIPlugin
2024-11-19 20:47:58,862 [INFO] IPUIPlugin:80 - create IPUIPlugin
2024-11-19 20:47:58,862 [INFO] IPUIPlugin:80 - create IPUIPlugin
2024-11-19 20:47:58,862 [INFO] IPUIPlugin:80 - create IPUIPlugin
2024-11-19 20:47:58,862 [INFO] IPUIPlugin:80 - create IPUIPlugin
2024-11-19 20:47:58,862 [INFO] IPUIPlugin:80 - create IPUIPlugin
2024-11-19 20:47:58,863 [INFO] IPUIPlugin:80 - create IPUIPlugin
2024-11-19 20:47:58,863 [INFO] IPUIPlugin:80 - create IPUIPlugin
2024-11-19 20:47:58,863 [INFO] IPUIPlugin:80 - create IPUIPlugin
2024-11-19 20:47:58,872 [WARN] FreeRTOS:1023 - Null or empty value: should not occur! (nothing added to the table)
2024-11-19 20:47:58,928 [INFO] CADModel:165 - CPN selected for project levelSTM32G474RET6
2024-11-19 20:47:58,928 [INFO] CADModel:114 - Register for checkConnection events
2024-11-19 20:47:58,932 [INFO] RtosManager:697 - Active RTOS found at IOC load: FREERTOS [Cortex-M4NS]
2024-11-19 20:47:58,971 [INFO] OpenFileManager:363 - Restore cursor
2024-11-19 20:48:01,602 [INFO] NvicIntPanel:101 - NVIC parent = com.st.microxplorer.plugins.ip.nvic.MultiNvicIntPanel[,0,0,0x0,invalid,layout=javax.swing.BoxLayout,alignmentX=0.0,alignmentY=0.0,border=,flags=9,maximumSize=,minimumSize=,preferredSize=]
2024-11-19 20:48:07,854 [INFO] NvicIntPanel:101 - NVIC parent = com.st.microxplorer.plugins.ip.nvic.MultiNvicIntPanel[,0,0,0x0,invalid,layout=javax.swing.BoxLayout,alignmentX=0.0,alignmentY=0.0,border=,flags=9,maximumSize=,minimumSize=,preferredSize=]
2024-11-19 20:48:08,942 [INFO] NvicIntPanel:101 - NVIC parent = com.st.microxplorer.plugins.ip.nvic.MultiNvicIntPanel[,0,0,0x0,invalid,layout=javax.swing.BoxLayout,alignmentX=0.0,alignmentY=0.0,border=,flags=9,maximumSize=,minimumSize=,preferredSize=]
2024-11-19 20:48:12,570 [INFO] NvicIntPanel:101 - NVIC parent = com.st.microxplorer.plugins.ip.nvic.MultiNvicIntPanel[,0,0,0x0,invalid,layout=javax.swing.BoxLayout,alignmentX=0.0,alignmentY=0.0,border=,flags=9,maximumSize=,minimumSize=,preferredSize=]
2024-11-19 20:48:26,953 [INFO] UtilMem:75 - End SaveConfig() Used Memory: 897618912 Bytes (1073741824)
2024-11-19 20:48:27,318 [INFO] UtilMem:75 - End SaveConfig() Used Memory: 365410112 Bytes (1073741824)
2024-11-19 20:48:28,779 [INFO] BlockDiagram:2766 - set Specific Code input for plugin: FREERTOS
2024-11-19 20:48:28,779 [INFO] BlockDiagram:2766 - set Specific Code input for plugin: IWDG
2024-11-19 20:48:28,779 [INFO] BlockDiagram:2766 - set Specific Code input for plugin: TIM1_8G4
2024-11-19 20:48:28,779 [INFO] BlockDiagram:2766 - set Specific Code input for plugin: SYS
2024-11-19 20:48:28,779 [INFO] BlockDiagram:2766 - set Specific Code input for plugin: RCC
2024-11-19 20:48:28,779 [INFO] BlockDiagram:2766 - set Specific Code input for plugin: LPUART
2024-11-19 20:48:28,779 [INFO] BlockDiagram:2766 - set Specific Code input for plugin: NVIC
2024-11-19 20:48:28,779 [INFO] BlockDiagram:2766 - set Specific Code input for plugin: USART
2024-11-19 20:48:28,779 [INFO] BlockDiagram:2766 - set Specific Code input for plugin: DMA
2024-11-19 20:48:28,779 [INFO] BlockDiagram:2766 - set Specific Code input for plugin: TIM1_8G4
2024-11-19 20:48:28,779 [INFO] BlockDiagram:2766 - set Specific Code input for plugin: GPIO
2024-11-19 20:48:28,780 [INFO] CodeGenerator:807 - code generatio: config db path: /opt/st/stm32cubeide_1.16.1/plugins/com.st.stm32cube.common.mx_6.12.1.202409122256//db/
2024-11-19 20:48:28,788 [INFO] Argument:325 - Argument : hdmavalue: null
2024-11-19 20:48:28,788 [INFO] Argument:327 - 	 sub Args: 
2024-11-19 20:48:28,788 [INFO] Argument:325 - Argument : Instancevalue: DMA1_Channel1
2024-11-19 20:48:28,788 [INFO] Argument:335 - Argument : Instancevalue: DMA1_Channel1
2024-11-19 20:48:28,788 [INFO] Argument:325 - Argument : Initvalue: null
2024-11-19 20:48:28,788 [INFO] Argument:327 - 	 sub Args: 
2024-11-19 20:48:28,788 [INFO] Argument:325 - Argument : Requestvalue: DMA_REQUEST_LPUART1_RX
2024-11-19 20:48:28,788 [INFO] Argument:335 - Argument : Requestvalue: DMA_REQUEST_LPUART1_RX
2024-11-19 20:48:28,788 [INFO] Argument:325 - Argument : Directionvalue: DMA_PERIPH_TO_MEMORY
2024-11-19 20:48:28,788 [INFO] Argument:335 - Argument : Directionvalue: DMA_PERIPH_TO_MEMORY
2024-11-19 20:48:28,788 [INFO] Argument:325 - Argument : PeriphIncvalue: DMA_PINC_DISABLE
2024-11-19 20:48:28,788 [INFO] Argument:335 - Argument : PeriphIncvalue: DMA_PINC_DISABLE
2024-11-19 20:48:28,788 [INFO] Argument:325 - Argument : MemIncvalue: DMA_MINC_ENABLE
2024-11-19 20:48:28,788 [INFO] Argument:335 - Argument : MemIncvalue: DMA_MINC_ENABLE
2024-11-19 20:48:28,788 [INFO] Argument:325 - Argument : PeriphDataAlignmentvalue: DMA_PDATAALIGN_BYTE
2024-11-19 20:48:28,788 [INFO] Argument:335 - Argument : PeriphDataAlignmentvalue: DMA_PDATAALIGN_BYTE
2024-11-19 20:48:28,788 [INFO] Argument:325 - Argument : MemDataAlignmentvalue: DMA_MDATAALIGN_BYTE
2024-11-19 20:48:28,788 [INFO] Argument:335 - Argument : MemDataAlignmentvalue: DMA_MDATAALIGN_BYTE
2024-11-19 20:48:28,788 [INFO] Argument:325 - Argument : Modevalue: DMA_CIRCULAR
2024-11-19 20:48:28,788 [INFO] Argument:335 - Argument : Modevalue: DMA_CIRCULAR
2024-11-19 20:48:28,788 [INFO] Argument:325 - Argument : Priorityvalue: DMA_PRIORITY_VERY_HIGH
2024-11-19 20:48:28,788 [INFO] Argument:335 - Argument : Priorityvalue: DMA_PRIORITY_VERY_HIGH
2024-11-19 20:48:28,788 [INFO] Argument:325 - Argument : Lockvalue: null
2024-11-19 20:48:28,788 [INFO] Argument:335 - Argument : Lockvalue: null
2024-11-19 20:48:28,788 [INFO] Argument:325 - Argument : Statevalue: null
2024-11-19 20:48:28,788 [INFO] Argument:335 - Argument : Statevalue: null
2024-11-19 20:48:28,788 [INFO] Argument:325 - Argument : Parentvalue: null
2024-11-19 20:48:28,788 [INFO] Argument:335 - Argument : Parentvalue: null
2024-11-19 20:48:28,788 [INFO] Argument:325 - Argument : XferCpltCallbackvalue: null
2024-11-19 20:48:28,788 [INFO] Argument:335 - Argument : XferCpltCallbackvalue: null
2024-11-19 20:48:28,788 [INFO] Argument:325 - Argument : XferHalfCpltCallbackvalue: null
2024-11-19 20:48:28,788 [INFO] Argument:335 - Argument : XferHalfCpltCallbackvalue: null
2024-11-19 20:48:28,788 [INFO] Argument:325 - Argument : XferErrorCallbackvalue: null
2024-11-19 20:48:28,788 [INFO] Argument:335 - Argument : XferErrorCallbackvalue: null
2024-11-19 20:48:28,788 [INFO] Argument:325 - Argument : XferAbortCallbackvalue: null
2024-11-19 20:48:28,788 [INFO] Argument:335 - Argument : XferAbortCallbackvalue: null
2024-11-19 20:48:28,788 [INFO] Argument:325 - Argument : ErrorCodevalue: null
2024-11-19 20:48:28,788 [INFO] Argument:335 - Argument : ErrorCodevalue: null
2024-11-19 20:48:28,788 [INFO] Argument:325 - Argument : ChannelIndexvalue: null
2024-11-19 20:48:28,788 [INFO] Argument:335 - Argument : ChannelIndexvalue: null
2024-11-19 20:48:28,788 [INFO] Argument:325 - Argument : DMAmuxChannelvalue: null
2024-11-19 20:48:28,788 [INFO] Argument:335 - Argument : DMAmuxChannelvalue: null
2024-11-19 20:48:28,788 [INFO] Argument:325 - Argument : DMAmuxChannelStatusvalue: null
2024-11-19 20:48:28,788 [INFO] Argument:335 - Argument : DMAmuxChannelStatusvalue: null
2024-11-19 20:48:28,788 [INFO] Argument:325 - Argument : DMAmuxChannelStatusMaskvalue: null
2024-11-19 20:48:28,788 [INFO] Argument:335 - Argument : DMAmuxChannelStatusMaskvalue: null
2024-11-19 20:48:28,788 [INFO] Argument:325 - Argument : DMAmuxRequestGenvalue: null
2024-11-19 20:48:28,788 [INFO] Argument:335 - Argument : DMAmuxRequestGenvalue: null
2024-11-19 20:48:28,788 [INFO] Argument:325 - Argument : DMAmuxRequestGenStatusvalue: null
2024-11-19 20:48:28,788 [INFO] Argument:335 - Argument : DMAmuxRequestGenStatusvalue: null
2024-11-19 20:48:28,788 [INFO] Argument:325 - Argument : DMAmuxRequestGenStatusMaskvalue: null
2024-11-19 20:48:28,788 [INFO] Argument:335 - Argument : DMAmuxRequestGenStatusMaskvalue: null
2024-11-19 20:48:28,789 [INFO] Argument:325 - Argument : hdmavalue: null
2024-11-19 20:48:28,789 [INFO] Argument:327 - 	 sub Args: 
2024-11-19 20:48:28,789 [INFO] Argument:325 - Argument : Instancevalue: DMA1_Channel2
2024-11-19 20:48:28,789 [INFO] Argument:335 - Argument : Instancevalue: DMA1_Channel2
2024-11-19 20:48:28,789 [INFO] Argument:325 - Argument : Initvalue: null
2024-11-19 20:48:28,789 [INFO] Argument:327 - 	 sub Args: 
2024-11-19 20:48:28,789 [INFO] Argument:325 - Argument : Requestvalue: DMA_REQUEST_LPUART1_TX
2024-11-19 20:48:28,789 [INFO] Argument:335 - Argument : Requestvalue: DMA_REQUEST_LPUART1_TX
2024-11-19 20:48:28,789 [INFO] Argument:325 - Argument : Directionvalue: DMA_MEMORY_TO_PERIPH
2024-11-19 20:48:28,789 [INFO] Argument:335 - Argument : Directionvalue: DMA_MEMORY_TO_PERIPH
2024-11-19 20:48:28,789 [INFO] Argument:325 - Argument : PeriphIncvalue: DMA_PINC_DISABLE
2024-11-19 20:48:28,789 [INFO] Argument:335 - Argument : PeriphIncvalue: DMA_PINC_DISABLE
2024-11-19 20:48:28,789 [INFO] Argument:325 - Argument : MemIncvalue: DMA_MINC_ENABLE
2024-11-19 20:48:28,789 [INFO] Argument:335 - Argument : MemIncvalue: DMA_MINC_ENABLE
2024-11-19 20:48:28,789 [INFO] Argument:325 - Argument : PeriphDataAlignmentvalue: DMA_PDATAALIGN_BYTE
2024-11-19 20:48:28,789 [INFO] Argument:335 - Argument : PeriphDataAlignmentvalue: DMA_PDATAALIGN_BYTE
2024-11-19 20:48:28,789 [INFO] Argument:325 - Argument : MemDataAlignmentvalue: DMA_MDATAALIGN_BYTE
2024-11-19 20:48:28,789 [INFO] Argument:335 - Argument : MemDataAlignmentvalue: DMA_MDATAALIGN_BYTE
2024-11-19 20:48:28,789 [INFO] Argument:325 - Argument : Modevalue: DMA_NORMAL
2024-11-19 20:48:28,789 [INFO] Argument:335 - Argument : Modevalue: DMA_NORMAL
2024-11-19 20:48:28,789 [INFO] Argument:325 - Argument : Priorityvalue: DMA_PRIORITY_VERY_HIGH
2024-11-19 20:48:28,789 [INFO] Argument:335 - Argument : Priorityvalue: DMA_PRIORITY_VERY_HIGH
2024-11-19 20:48:28,789 [INFO] Argument:325 - Argument : Lockvalue: null
2024-11-19 20:48:28,789 [INFO] Argument:335 - Argument : Lockvalue: null
2024-11-19 20:48:28,789 [INFO] Argument:325 - Argument : Statevalue: null
2024-11-19 20:48:28,789 [INFO] Argument:335 - Argument : Statevalue: null
2024-11-19 20:48:28,789 [INFO] Argument:325 - Argument : Parentvalue: null
2024-11-19 20:48:28,789 [INFO] Argument:335 - Argument : Parentvalue: null
2024-11-19 20:48:28,789 [INFO] Argument:325 - Argument : XferCpltCallbackvalue: null
2024-11-19 20:48:28,789 [INFO] Argument:335 - Argument : XferCpltCallbackvalue: null
2024-11-19 20:48:28,789 [INFO] Argument:325 - Argument : XferHalfCpltCallbackvalue: null
2024-11-19 20:48:28,789 [INFO] Argument:335 - Argument : XferHalfCpltCallbackvalue: null
2024-11-19 20:48:28,789 [INFO] Argument:325 - Argument : XferErrorCallbackvalue: null
2024-11-19 20:48:28,789 [INFO] Argument:335 - Argument : XferErrorCallbackvalue: null
2024-11-19 20:48:28,789 [INFO] Argument:325 - Argument : XferAbortCallbackvalue: null
2024-11-19 20:48:28,789 [INFO] Argument:335 - Argument : XferAbortCallbackvalue: null
2024-11-19 20:48:28,789 [INFO] Argument:325 - Argument : ErrorCodevalue: null
2024-11-19 20:48:28,789 [INFO] Argument:335 - Argument : ErrorCodevalue: null
2024-11-19 20:48:28,789 [INFO] Argument:325 - Argument : ChannelIndexvalue: null
2024-11-19 20:48:28,789 [INFO] Argument:335 - Argument : ChannelIndexvalue: null
2024-11-19 20:48:28,789 [INFO] Argument:325 - Argument : DMAmuxChannelvalue: null
2024-11-19 20:48:28,789 [INFO] Argument:335 - Argument : DMAmuxChannelvalue: null
2024-11-19 20:48:28,789 [INFO] Argument:325 - Argument : DMAmuxChannelStatusvalue: null
2024-11-19 20:48:28,789 [INFO] Argument:335 - Argument : DMAmuxChannelStatusvalue: null
2024-11-19 20:48:28,789 [INFO] Argument:325 - Argument : DMAmuxChannelStatusMaskvalue: null
2024-11-19 20:48:28,789 [INFO] Argument:335 - Argument : DMAmuxChannelStatusMaskvalue: null
2024-11-19 20:48:28,789 [INFO] Argument:325 - Argument : DMAmuxRequestGenvalue: null
2024-11-19 20:48:28,789 [INFO] Argument:335 - Argument : DMAmuxRequestGenvalue: null
2024-11-19 20:48:28,789 [INFO] Argument:325 - Argument : DMAmuxRequestGenStatusvalue: null
2024-11-19 20:48:28,789 [INFO] Argument:335 - Argument : DMAmuxRequestGenStatusvalue: null
2024-11-19 20:48:28,789 [INFO] Argument:325 - Argument : DMAmuxRequestGenStatusMaskvalue: null
2024-11-19 20:48:28,789 [INFO] Argument:335 - Argument : DMAmuxRequestGenStatusMaskvalue: null
2024-11-19 20:48:28,817 [INFO] Argument:325 - Argument : hdmavalue: null
2024-11-19 20:48:28,817 [INFO] Argument:327 - 	 sub Args: 
2024-11-19 20:48:28,817 [INFO] Argument:325 - Argument : Instancevalue: DMA1_Channel3
2024-11-19 20:48:28,817 [INFO] Argument:335 - Argument : Instancevalue: DMA1_Channel3
2024-11-19 20:48:28,817 [INFO] Argument:325 - Argument : Initvalue: null
2024-11-19 20:48:28,817 [INFO] Argument:327 - 	 sub Args: 
2024-11-19 20:48:28,817 [INFO] Argument:325 - Argument : Requestvalue: DMA_REQUEST_USART1_RX
2024-11-19 20:48:28,817 [INFO] Argument:335 - Argument : Requestvalue: DMA_REQUEST_USART1_RX
2024-11-19 20:48:28,817 [INFO] Argument:325 - Argument : Directionvalue: DMA_PERIPH_TO_MEMORY
2024-11-19 20:48:28,817 [INFO] Argument:335 - Argument : Directionvalue: DMA_PERIPH_TO_MEMORY
2024-11-19 20:48:28,817 [INFO] Argument:325 - Argument : PeriphIncvalue: DMA_PINC_DISABLE
2024-11-19 20:48:28,817 [INFO] Argument:335 - Argument : PeriphIncvalue: DMA_PINC_DISABLE
2024-11-19 20:48:28,817 [INFO] Argument:325 - Argument : MemIncvalue: DMA_MINC_ENABLE
2024-11-19 20:48:28,817 [INFO] Argument:335 - Argument : MemIncvalue: DMA_MINC_ENABLE
2024-11-19 20:48:28,817 [INFO] Argument:325 - Argument : PeriphDataAlignmentvalue: DMA_PDATAALIGN_BYTE
2024-11-19 20:48:28,817 [INFO] Argument:335 - Argument : PeriphDataAlignmentvalue: DMA_PDATAALIGN_BYTE
2024-11-19 20:48:28,817 [INFO] Argument:325 - Argument : MemDataAlignmentvalue: DMA_MDATAALIGN_BYTE
2024-11-19 20:48:28,817 [INFO] Argument:335 - Argument : MemDataAlignmentvalue: DMA_MDATAALIGN_BYTE
2024-11-19 20:48:28,817 [INFO] Argument:325 - Argument : Modevalue: DMA_CIRCULAR
2024-11-19 20:48:28,817 [INFO] Argument:335 - Argument : Modevalue: DMA_CIRCULAR
2024-11-19 20:48:28,817 [INFO] Argument:325 - Argument : Priorityvalue: DMA_PRIORITY_LOW
2024-11-19 20:48:28,817 [INFO] Argument:335 - Argument : Priorityvalue: DMA_PRIORITY_LOW
2024-11-19 20:48:28,817 [INFO] Argument:325 - Argument : Lockvalue: null
2024-11-19 20:48:28,817 [INFO] Argument:335 - Argument : Lockvalue: null
2024-11-19 20:48:28,817 [INFO] Argument:325 - Argument : Statevalue: null
2024-11-19 20:48:28,817 [INFO] Argument:335 - Argument : Statevalue: null
2024-11-19 20:48:28,817 [INFO] Argument:325 - Argument : Parentvalue: null
2024-11-19 20:48:28,818 [INFO] Argument:335 - Argument : Parentvalue: null
2024-11-19 20:48:28,818 [INFO] Argument:325 - Argument : XferCpltCallbackvalue: null
2024-11-19 20:48:28,818 [INFO] Argument:335 - Argument : XferCpltCallbackvalue: null
2024-11-19 20:48:28,818 [INFO] Argument:325 - Argument : XferHalfCpltCallbackvalue: null
2024-11-19 20:48:28,818 [INFO] Argument:335 - Argument : XferHalfCpltCallbackvalue: null
2024-11-19 20:48:28,818 [INFO] Argument:325 - Argument : XferErrorCallbackvalue: null
2024-11-19 20:48:28,818 [INFO] Argument:335 - Argument : XferErrorCallbackvalue: null
2024-11-19 20:48:28,818 [INFO] Argument:325 - Argument : XferAbortCallbackvalue: null
2024-11-19 20:48:28,818 [INFO] Argument:335 - Argument : XferAbortCallbackvalue: null
2024-11-19 20:48:28,818 [INFO] Argument:325 - Argument : ErrorCodevalue: null
2024-11-19 20:48:28,818 [INFO] Argument:335 - Argument : ErrorCodevalue: null
2024-11-19 20:48:28,818 [INFO] Argument:325 - Argument : ChannelIndexvalue: null
2024-11-19 20:48:28,818 [INFO] Argument:335 - Argument : ChannelIndexvalue: null
2024-11-19 20:48:28,818 [INFO] Argument:325 - Argument : DMAmuxChannelvalue: null
2024-11-19 20:48:28,818 [INFO] Argument:335 - Argument : DMAmuxChannelvalue: null
2024-11-19 20:48:28,818 [INFO] Argument:325 - Argument : DMAmuxChannelStatusvalue: null
2024-11-19 20:48:28,818 [INFO] Argument:335 - Argument : DMAmuxChannelStatusvalue: null
2024-11-19 20:48:28,818 [INFO] Argument:325 - Argument : DMAmuxChannelStatusMaskvalue: null
2024-11-19 20:48:28,818 [INFO] Argument:335 - Argument : DMAmuxChannelStatusMaskvalue: null
2024-11-19 20:48:28,818 [INFO] Argument:325 - Argument : DMAmuxRequestGenvalue: null
2024-11-19 20:48:28,818 [INFO] Argument:335 - Argument : DMAmuxRequestGenvalue: null
2024-11-19 20:48:28,818 [INFO] Argument:325 - Argument : DMAmuxRequestGenStatusvalue: null
2024-11-19 20:48:28,818 [INFO] Argument:335 - Argument : DMAmuxRequestGenStatusvalue: null
2024-11-19 20:48:28,818 [INFO] Argument:325 - Argument : DMAmuxRequestGenStatusMaskvalue: null
2024-11-19 20:48:28,818 [INFO] Argument:335 - Argument : DMAmuxRequestGenStatusMaskvalue: null
2024-11-19 20:48:28,818 [INFO] Argument:325 - Argument : hdmavalue: null
2024-11-19 20:48:28,818 [INFO] Argument:327 - 	 sub Args: 
2024-11-19 20:48:28,818 [INFO] Argument:325 - Argument : Instancevalue: DMA1_Channel4
2024-11-19 20:48:28,818 [INFO] Argument:335 - Argument : Instancevalue: DMA1_Channel4
2024-11-19 20:48:28,818 [INFO] Argument:325 - Argument : Initvalue: null
2024-11-19 20:48:28,818 [INFO] Argument:327 - 	 sub Args: 
2024-11-19 20:48:28,818 [INFO] Argument:325 - Argument : Requestvalue: DMA_REQUEST_USART1_TX
2024-11-19 20:48:28,818 [INFO] Argument:335 - Argument : Requestvalue: DMA_REQUEST_USART1_TX
2024-11-19 20:48:28,818 [INFO] Argument:325 - Argument : Directionvalue: DMA_MEMORY_TO_PERIPH
2024-11-19 20:48:28,818 [INFO] Argument:335 - Argument : Directionvalue: DMA_MEMORY_TO_PERIPH
2024-11-19 20:48:28,818 [INFO] Argument:325 - Argument : PeriphIncvalue: DMA_PINC_DISABLE
2024-11-19 20:48:28,818 [INFO] Argument:335 - Argument : PeriphIncvalue: DMA_PINC_DISABLE
2024-11-19 20:48:28,818 [INFO] Argument:325 - Argument : MemIncvalue: DMA_MINC_ENABLE
2024-11-19 20:48:28,818 [INFO] Argument:335 - Argument : MemIncvalue: DMA_MINC_ENABLE
2024-11-19 20:48:28,818 [INFO] Argument:325 - Argument : PeriphDataAlignmentvalue: DMA_PDATAALIGN_BYTE
2024-11-19 20:48:28,818 [INFO] Argument:335 - Argument : PeriphDataAlignmentvalue: DMA_PDATAALIGN_BYTE
2024-11-19 20:48:28,818 [INFO] Argument:325 - Argument : MemDataAlignmentvalue: DMA_MDATAALIGN_BYTE
2024-11-19 20:48:28,818 [INFO] Argument:335 - Argument : MemDataAlignmentvalue: DMA_MDATAALIGN_BYTE
2024-11-19 20:48:28,818 [INFO] Argument:325 - Argument : Modevalue: DMA_NORMAL
2024-11-19 20:48:28,818 [INFO] Argument:335 - Argument : Modevalue: DMA_NORMAL
2024-11-19 20:48:28,818 [INFO] Argument:325 - Argument : Priorityvalue: DMA_PRIORITY_LOW
2024-11-19 20:48:28,818 [INFO] Argument:335 - Argument : Priorityvalue: DMA_PRIORITY_LOW
2024-11-19 20:48:28,818 [INFO] Argument:325 - Argument : Lockvalue: null
2024-11-19 20:48:28,818 [INFO] Argument:335 - Argument : Lockvalue: null
2024-11-19 20:48:28,818 [INFO] Argument:325 - Argument : Statevalue: null
2024-11-19 20:48:28,818 [INFO] Argument:335 - Argument : Statevalue: null
2024-11-19 20:48:28,818 [INFO] Argument:325 - Argument : Parentvalue: null
2024-11-19 20:48:28,818 [INFO] Argument:335 - Argument : Parentvalue: null
2024-11-19 20:48:28,818 [INFO] Argument:325 - Argument : XferCpltCallbackvalue: null
2024-11-19 20:48:28,818 [INFO] Argument:335 - Argument : XferCpltCallbackvalue: null
2024-11-19 20:48:28,818 [INFO] Argument:325 - Argument : XferHalfCpltCallbackvalue: null
2024-11-19 20:48:28,818 [INFO] Argument:335 - Argument : XferHalfCpltCallbackvalue: null
2024-11-19 20:48:28,818 [INFO] Argument:325 - Argument : XferErrorCallbackvalue: null
2024-11-19 20:48:28,818 [INFO] Argument:335 - Argument : XferErrorCallbackvalue: null
2024-11-19 20:48:28,818 [INFO] Argument:325 - Argument : XferAbortCallbackvalue: null
2024-11-19 20:48:28,818 [INFO] Argument:335 - Argument : XferAbortCallbackvalue: null
2024-11-19 20:48:28,818 [INFO] Argument:325 - Argument : ErrorCodevalue: null
2024-11-19 20:48:28,818 [INFO] Argument:335 - Argument : ErrorCodevalue: null
2024-11-19 20:48:28,818 [INFO] Argument:325 - Argument : ChannelIndexvalue: null
2024-11-19 20:48:28,818 [INFO] Argument:335 - Argument : ChannelIndexvalue: null
2024-11-19 20:48:28,818 [INFO] Argument:325 - Argument : DMAmuxChannelvalue: null
2024-11-19 20:48:28,818 [INFO] Argument:335 - Argument : DMAmuxChannelvalue: null
2024-11-19 20:48:28,818 [INFO] Argument:325 - Argument : DMAmuxChannelStatusvalue: null
2024-11-19 20:48:28,818 [INFO] Argument:335 - Argument : DMAmuxChannelStatusvalue: null
2024-11-19 20:48:28,818 [INFO] Argument:325 - Argument : DMAmuxChannelStatusMaskvalue: null
2024-11-19 20:48:28,818 [INFO] Argument:335 - Argument : DMAmuxChannelStatusMaskvalue: null
2024-11-19 20:48:28,819 [INFO] Argument:325 - Argument : DMAmuxRequestGenvalue: null
2024-11-19 20:48:28,819 [INFO] Argument:335 - Argument : DMAmuxRequestGenvalue: null
2024-11-19 20:48:28,819 [INFO] Argument:325 - Argument : DMAmuxRequestGenStatusvalue: null
2024-11-19 20:48:28,819 [INFO] Argument:335 - Argument : DMAmuxRequestGenStatusvalue: null
2024-11-19 20:48:28,819 [INFO] Argument:325 - Argument : DMAmuxRequestGenStatusMaskvalue: null
2024-11-19 20:48:28,819 [INFO] Argument:335 - Argument : DMAmuxRequestGenStatusMaskvalue: null
2024-11-19 20:48:28,883 [INFO] CodeEngine:255 - oldGeneratedFile, /home/kireiji/Documents/GitHub/CARVER/AMT212E-V/AMT212E-V/AMT212E-V_Micro-ROS/firmware/AMT212E-V_Micro-ROS_UART/MXTmpFiles/license.tmp_save
2024-11-19 20:48:28,969 [INFO] CodeEngine:279 - Generated code: /home/kireiji/Documents/GitHub/CARVER/AMT212E-V/AMT212E-V/AMT212E-V_Micro-ROS/firmware/AMT212E-V_Micro-ROS_UART/MXTmpFiles/license.tmp
2024-11-19 20:48:29,008 [INFO] CodeEngine:255 - oldGeneratedFile, /home/kireiji/Documents/GitHub/CARVER/AMT212E-V/AMT212E-V/AMT212E-V_Micro-ROS/firmware/AMT212E-V_Micro-ROS_UART/Core/Src/gpio.c_save
2024-11-19 20:48:29,091 [INFO] CodeEngine:279 - Generated code: /home/kireiji/Documents/GitHub/CARVER/AMT212E-V/AMT212E-V/AMT212E-V_Micro-ROS/firmware/AMT212E-V_Micro-ROS_UART/Core/Src/gpio.c
2024-11-19 20:48:29,094 [INFO] CodeEngine:255 - oldGeneratedFile, /home/kireiji/Documents/GitHub/CARVER/AMT212E-V/AMT212E-V/AMT212E-V_Micro-ROS/firmware/AMT212E-V_Micro-ROS_UART/Core/Inc/gpio.h_save
2024-11-19 20:48:29,157 [INFO] CodeEngine:279 - Generated code: /home/kireiji/Documents/GitHub/CARVER/AMT212E-V/AMT212E-V/AMT212E-V_Micro-ROS/firmware/AMT212E-V_Micro-ROS_UART/Core/Inc/gpio.h
2024-11-19 20:48:29,951 [INFO] Middleware:1439 - No code input for Bsp Dependency
2024-11-19 20:48:29,954 [INFO] CodeEngine:255 - oldGeneratedFile, /home/kireiji/Documents/GitHub/CARVER/AMT212E-V/AMT212E-V/AMT212E-V_Micro-ROS/firmware/AMT212E-V_Micro-ROS_UART/MXTmpFiles/rtos_inc.tmp_save
2024-11-19 20:48:30,005 [INFO] CodeEngine:279 - Generated code: /home/kireiji/Documents/GitHub/CARVER/AMT212E-V/AMT212E-V/AMT212E-V_Micro-ROS/firmware/AMT212E-V_Micro-ROS_UART/MXTmpFiles/rtos_inc.tmp
2024-11-19 20:48:30,006 [INFO] CodeEngine:255 - oldGeneratedFile, /home/kireiji/Documents/GitHub/CARVER/AMT212E-V/AMT212E-V/AMT212E-V_Micro-ROS/firmware/AMT212E-V_Micro-ROS_UART/MXTmpFiles/rtos_kernelInit.tmp_save
2024-11-19 20:48:30,053 [INFO] CodeEngine:279 - Generated code: /home/kireiji/Documents/GitHub/CARVER/AMT212E-V/AMT212E-V/AMT212E-V_Micro-ROS/firmware/AMT212E-V_Micro-ROS_UART/MXTmpFiles/rtos_kernelInit.tmp
2024-11-19 20:48:30,054 [INFO] CodeEngine:255 - oldGeneratedFile, /home/kireiji/Documents/GitHub/CARVER/AMT212E-V/AMT212E-V/AMT212E-V_Micro-ROS/firmware/AMT212E-V_Micro-ROS_UART/MXTmpFiles/rtos_kernelStart.tmp_save
2024-11-19 20:48:30,101 [INFO] CodeEngine:279 - Generated code: /home/kireiji/Documents/GitHub/CARVER/AMT212E-V/AMT212E-V/AMT212E-V_Micro-ROS/firmware/AMT212E-V_Micro-ROS_UART/MXTmpFiles/rtos_kernelStart.tmp
2024-11-19 20:48:30,102 [INFO] CodeEngine:255 - oldGeneratedFile, /home/kireiji/Documents/GitHub/CARVER/AMT212E-V/AMT212E-V/AMT212E-V_Micro-ROS/firmware/AMT212E-V_Micro-ROS_UART/MXTmpFiles/rtos_typedefs.tmp_save
2024-11-19 20:48:30,146 [INFO] CodeEngine:279 - Generated code: /home/kireiji/Documents/GitHub/CARVER/AMT212E-V/AMT212E-V/AMT212E-V_Micro-ROS/firmware/AMT212E-V_Micro-ROS_UART/MXTmpFiles/rtos_typedefs.tmp
2024-11-19 20:48:30,147 [INFO] CodeEngine:255 - oldGeneratedFile, /home/kireiji/Documents/GitHub/CARVER/AMT212E-V/AMT212E-V/AMT212E-V_Micro-ROS/firmware/AMT212E-V_Micro-ROS_UART/MXTmpFiles/rtos_vars.tmp_save
2024-11-19 20:48:30,195 [INFO] CodeEngine:279 - Generated code: /home/kireiji/Documents/GitHub/CARVER/AMT212E-V/AMT212E-V/AMT212E-V_Micro-ROS/firmware/AMT212E-V_Micro-ROS_UART/MXTmpFiles/rtos_vars.tmp
2024-11-19 20:48:30,196 [INFO] CodeEngine:255 - oldGeneratedFile, /home/kireiji/Documents/GitHub/CARVER/AMT212E-V/AMT212E-V/AMT212E-V_Micro-ROS/firmware/AMT212E-V_Micro-ROS_UART/MXTmpFiles/rtos_pfp.tmp_save
2024-11-19 20:48:30,240 [INFO] CodeEngine:279 - Generated code: /home/kireiji/Documents/GitHub/CARVER/AMT212E-V/AMT212E-V/AMT212E-V_Micro-ROS/firmware/AMT212E-V_Micro-ROS_UART/MXTmpFiles/rtos_pfp.tmp
2024-11-19 20:48:30,241 [INFO] CodeEngine:255 - oldGeneratedFile, /home/kireiji/Documents/GitHub/CARVER/AMT212E-V/AMT212E-V/AMT212E-V_Micro-ROS/firmware/AMT212E-V_Micro-ROS_UART/MXTmpFiles/rtos_obj_creat.tmp_save
2024-11-19 20:48:30,291 [INFO] CodeEngine:279 - Generated code: /home/kireiji/Documents/GitHub/CARVER/AMT212E-V/AMT212E-V/AMT212E-V_Micro-ROS/firmware/AMT212E-V_Micro-ROS_UART/MXTmpFiles/rtos_obj_creat.tmp
2024-11-19 20:48:30,292 [INFO] CodeEngine:255 - oldGeneratedFile, /home/kireiji/Documents/GitHub/CARVER/AMT212E-V/AMT212E-V/AMT212E-V_Micro-ROS/firmware/AMT212E-V_Micro-ROS_UART/MXTmpFiles/rtos_default_thread.tmp_save
2024-11-19 20:48:30,342 [INFO] CodeEngine:279 - Generated code: /home/kireiji/Documents/GitHub/CARVER/AMT212E-V/AMT212E-V/AMT212E-V_Micro-ROS/firmware/AMT212E-V_Micro-ROS_UART/MXTmpFiles/rtos_default_thread.tmp
2024-11-19 20:48:30,344 [INFO] CodeEngine:255 - oldGeneratedFile, /home/kireiji/Documents/GitHub/CARVER/AMT212E-V/AMT212E-V/AMT212E-V_Micro-ROS/firmware/AMT212E-V_Micro-ROS_UART/MXTmpFiles/rtos_threads.tmp_save
2024-11-19 20:48:30,390 [INFO] CodeEngine:279 - Generated code: /home/kireiji/Documents/GitHub/CARVER/AMT212E-V/AMT212E-V/AMT212E-V_Micro-ROS/firmware/AMT212E-V_Micro-ROS_UART/MXTmpFiles/rtos_threads.tmp
2024-11-19 20:48:30,403 [INFO] Middleware:1439 - No code input for Bsp Dependency
2024-11-19 20:48:30,405 [INFO] CodeEngine:255 - oldGeneratedFile, /home/kireiji/Documents/GitHub/CARVER/AMT212E-V/AMT212E-V/AMT212E-V_Micro-ROS/firmware/AMT212E-V_Micro-ROS_UART/MXTmpFiles/rtos_inc.tmp_save
2024-11-19 20:48:30,461 [INFO] CodeEngine:279 - Generated code: /home/kireiji/Documents/GitHub/CARVER/AMT212E-V/AMT212E-V/AMT212E-V_Micro-ROS/firmware/AMT212E-V_Micro-ROS_UART/MXTmpFiles/rtos_inc.tmp
2024-11-19 20:48:30,463 [INFO] CodeEngine:255 - oldGeneratedFile, /home/kireiji/Documents/GitHub/CARVER/AMT212E-V/AMT212E-V/AMT212E-V_Micro-ROS/firmware/AMT212E-V_Micro-ROS_UART/MXTmpFiles/rtos_kernelInit.tmp_save
2024-11-19 20:48:30,507 [INFO] CodeEngine:279 - Generated code: /home/kireiji/Documents/GitHub/CARVER/AMT212E-V/AMT212E-V/AMT212E-V_Micro-ROS/firmware/AMT212E-V_Micro-ROS_UART/MXTmpFiles/rtos_kernelInit.tmp
2024-11-19 20:48:30,508 [INFO] CodeEngine:255 - oldGeneratedFile, /home/kireiji/Documents/GitHub/CARVER/AMT212E-V/AMT212E-V/AMT212E-V_Micro-ROS/firmware/AMT212E-V_Micro-ROS_UART/MXTmpFiles/rtos_kernelStart.tmp_save
2024-11-19 20:48:30,555 [INFO] CodeEngine:279 - Generated code: /home/kireiji/Documents/GitHub/CARVER/AMT212E-V/AMT212E-V/AMT212E-V_Micro-ROS/firmware/AMT212E-V_Micro-ROS_UART/MXTmpFiles/rtos_kernelStart.tmp
2024-11-19 20:48:30,555 [INFO] CodeEngine:255 - oldGeneratedFile, /home/kireiji/Documents/GitHub/CARVER/AMT212E-V/AMT212E-V/AMT212E-V_Micro-ROS/firmware/AMT212E-V_Micro-ROS_UART/MXTmpFiles/rtos_typedefs.tmp_save
2024-11-19 20:48:30,601 [INFO] CodeEngine:279 - Generated code: /home/kireiji/Documents/GitHub/CARVER/AMT212E-V/AMT212E-V/AMT212E-V_Micro-ROS/firmware/AMT212E-V_Micro-ROS_UART/MXTmpFiles/rtos_typedefs.tmp
2024-11-19 20:48:30,602 [INFO] CodeEngine:255 - oldGeneratedFile, /home/kireiji/Documents/GitHub/CARVER/AMT212E-V/AMT212E-V/AMT212E-V_Micro-ROS/firmware/AMT212E-V_Micro-ROS_UART/MXTmpFiles/rtos_vars.tmp_save
2024-11-19 20:48:30,649 [INFO] CodeEngine:279 - Generated code: /home/kireiji/Documents/GitHub/CARVER/AMT212E-V/AMT212E-V/AMT212E-V_Micro-ROS/firmware/AMT212E-V_Micro-ROS_UART/MXTmpFiles/rtos_vars.tmp
2024-11-19 20:48:30,650 [INFO] CodeEngine:255 - oldGeneratedFile, /home/kireiji/Documents/GitHub/CARVER/AMT212E-V/AMT212E-V/AMT212E-V_Micro-ROS/firmware/AMT212E-V_Micro-ROS_UART/MXTmpFiles/rtos_pfp.tmp_save
2024-11-19 20:48:30,695 [INFO] CodeEngine:279 - Generated code: /home/kireiji/Documents/GitHub/CARVER/AMT212E-V/AMT212E-V/AMT212E-V_Micro-ROS/firmware/AMT212E-V_Micro-ROS_UART/MXTmpFiles/rtos_pfp.tmp
2024-11-19 20:48:30,695 [INFO] CodeEngine:255 - oldGeneratedFile, /home/kireiji/Documents/GitHub/CARVER/AMT212E-V/AMT212E-V/AMT212E-V_Micro-ROS/firmware/AMT212E-V_Micro-ROS_UART/MXTmpFiles/rtos_obj_creat.tmp_save
2024-11-19 20:48:30,742 [INFO] CodeEngine:279 - Generated code: /home/kireiji/Documents/GitHub/CARVER/AMT212E-V/AMT212E-V/AMT212E-V_Micro-ROS/firmware/AMT212E-V_Micro-ROS_UART/MXTmpFiles/rtos_obj_creat.tmp
2024-11-19 20:48:30,742 [INFO] CodeEngine:255 - oldGeneratedFile, /home/kireiji/Documents/GitHub/CARVER/AMT212E-V/AMT212E-V/AMT212E-V_Micro-ROS/firmware/AMT212E-V_Micro-ROS_UART/MXTmpFiles/rtos_default_thread.tmp_save
2024-11-19 20:48:30,787 [INFO] CodeEngine:279 - Generated code: /home/kireiji/Documents/GitHub/CARVER/AMT212E-V/AMT212E-V/AMT212E-V_Micro-ROS/firmware/AMT212E-V_Micro-ROS_UART/MXTmpFiles/rtos_default_thread.tmp
2024-11-19 20:48:30,788 [INFO] CodeEngine:255 - oldGeneratedFile, /home/kireiji/Documents/GitHub/CARVER/AMT212E-V/AMT212E-V/AMT212E-V_Micro-ROS/firmware/AMT212E-V_Micro-ROS_UART/MXTmpFiles/rtos_threads.tmp_save
2024-11-19 20:48:30,832 [INFO] CodeEngine:279 - Generated code: /home/kireiji/Documents/GitHub/CARVER/AMT212E-V/AMT212E-V/AMT212E-V_Micro-ROS/firmware/AMT212E-V_Micro-ROS_UART/MXTmpFiles/rtos_threads.tmp
2024-11-19 20:48:30,833 [INFO] CodeEngine:255 - oldGeneratedFile, /home/kireiji/Documents/GitHub/CARVER/AMT212E-V/AMT212E-V/AMT212E-V_Micro-ROS/firmware/AMT212E-V_Micro-ROS_UART/Core/Inc/FreeRTOSConfig.h_save
2024-11-19 20:48:30,902 [INFO] CodeEngine:279 - Generated code: /home/kireiji/Documents/GitHub/CARVER/AMT212E-V/AMT212E-V/AMT212E-V_Micro-ROS/firmware/AMT212E-V_Micro-ROS_UART/Core/Inc/FreeRTOSConfig.h
2024-11-19 20:48:30,903 [INFO] CodeEngine:255 - oldGeneratedFile, /home/kireiji/Documents/GitHub/CARVER/AMT212E-V/AMT212E-V/AMT212E-V_Micro-ROS/firmware/AMT212E-V_Micro-ROS_UART/Core/Src/app_freertos.c_save
2024-11-19 20:48:30,961 [INFO] CodeEngine:279 - Generated code: /home/kireiji/Documents/GitHub/CARVER/AMT212E-V/AMT212E-V/AMT212E-V_Micro-ROS/firmware/AMT212E-V_Micro-ROS_UART/Core/Src/app_freertos.c
2024-11-19 20:48:31,071 [INFO] CodeEngine:255 - oldGeneratedFile, /home/kireiji/Documents/GitHub/CARVER/AMT212E-V/AMT212E-V/AMT212E-V_Micro-ROS/firmware/AMT212E-V_Micro-ROS_UART/Core/Src/dma.c_save
2024-11-19 20:48:31,130 [INFO] CodeEngine:279 - Generated code: /home/kireiji/Documents/GitHub/CARVER/AMT212E-V/AMT212E-V/AMT212E-V_Micro-ROS/firmware/AMT212E-V_Micro-ROS_UART/Core/Src/dma.c
2024-11-19 20:48:31,131 [INFO] CodeEngine:255 - oldGeneratedFile, /home/kireiji/Documents/GitHub/CARVER/AMT212E-V/AMT212E-V/AMT212E-V_Micro-ROS/firmware/AMT212E-V_Micro-ROS_UART/Core/Inc/dma.h_save
2024-11-19 20:48:31,181 [INFO] CodeEngine:279 - Generated code: /home/kireiji/Documents/GitHub/CARVER/AMT212E-V/AMT212E-V/AMT212E-V_Micro-ROS/firmware/AMT212E-V_Micro-ROS_UART/Core/Inc/dma.h
2024-11-19 20:48:31,184 [INFO] CodeEngine:255 - oldGeneratedFile, /home/kireiji/Documents/GitHub/CARVER/AMT212E-V/AMT212E-V/AMT212E-V_Micro-ROS/firmware/AMT212E-V_Micro-ROS_UART/Core/Src/iwdg.c_save
2024-11-19 20:48:31,265 [INFO] CodeEngine:279 - Generated code: /home/kireiji/Documents/GitHub/CARVER/AMT212E-V/AMT212E-V/AMT212E-V_Micro-ROS/firmware/AMT212E-V_Micro-ROS_UART/Core/Src/iwdg.c
2024-11-19 20:48:31,267 [INFO] CodeEngine:255 - oldGeneratedFile, /home/kireiji/Documents/GitHub/CARVER/AMT212E-V/AMT212E-V/AMT212E-V_Micro-ROS/firmware/AMT212E-V_Micro-ROS_UART/Core/Inc/iwdg.h_save
2024-11-19 20:48:31,319 [INFO] CodeEngine:279 - Generated code: /home/kireiji/Documents/GitHub/CARVER/AMT212E-V/AMT212E-V/AMT212E-V_Micro-ROS/firmware/AMT212E-V_Micro-ROS_UART/Core/Inc/iwdg.h
2024-11-19 20:48:31,323 [INFO] CodeEngine:255 - oldGeneratedFile, /home/kireiji/Documents/GitHub/CARVER/AMT212E-V/AMT212E-V/AMT212E-V_Micro-ROS/firmware/AMT212E-V_Micro-ROS_UART/Core/Src/usart.c_save
2024-11-19 20:48:31,408 [INFO] CodeEngine:279 - Generated code: /home/kireiji/Documents/GitHub/CARVER/AMT212E-V/AMT212E-V/AMT212E-V_Micro-ROS/firmware/AMT212E-V_Micro-ROS_UART/Core/Src/usart.c
2024-11-19 20:48:31,409 [INFO] CodeEngine:255 - oldGeneratedFile, /home/kireiji/Documents/GitHub/CARVER/AMT212E-V/AMT212E-V/AMT212E-V_Micro-ROS/firmware/AMT212E-V_Micro-ROS_UART/Core/Inc/usart.h_save
2024-11-19 20:48:31,456 [INFO] CodeEngine:279 - Generated code: /home/kireiji/Documents/GitHub/CARVER/AMT212E-V/AMT212E-V/AMT212E-V_Micro-ROS/firmware/AMT212E-V_Micro-ROS_UART/Core/Inc/usart.h
2024-11-19 20:48:31,459 [INFO] CodeEngine:255 - oldGeneratedFile, /home/kireiji/Documents/GitHub/CARVER/AMT212E-V/AMT212E-V/AMT212E-V_Micro-ROS/firmware/AMT212E-V_Micro-ROS_UART/Core/Src/tim.c_save
2024-11-19 20:48:31,543 [INFO] CodeEngine:279 - Generated code: /home/kireiji/Documents/GitHub/CARVER/AMT212E-V/AMT212E-V/AMT212E-V_Micro-ROS/firmware/AMT212E-V_Micro-ROS_UART/Core/Src/tim.c
2024-11-19 20:48:31,544 [INFO] CodeEngine:255 - oldGeneratedFile, /home/kireiji/Documents/GitHub/CARVER/AMT212E-V/AMT212E-V/AMT212E-V_Micro-ROS/firmware/AMT212E-V_Micro-ROS_UART/Core/Inc/tim.h_save
2024-11-19 20:48:31,600 [INFO] CodeEngine:279 - Generated code: /home/kireiji/Documents/GitHub/CARVER/AMT212E-V/AMT212E-V/AMT212E-V_Micro-ROS/firmware/AMT212E-V_Micro-ROS_UART/Core/Inc/tim.h
2024-11-19 20:48:31,613 [INFO] CodeEngine:255 - oldGeneratedFile, /home/kireiji/Documents/GitHub/CARVER/AMT212E-V/AMT212E-V/AMT212E-V_Micro-ROS/firmware/AMT212E-V_Micro-ROS_UART/Core/Src/stm32g4xx_it.c_save
2024-11-19 20:48:31,772 [INFO] CodeEngine:279 - Generated code: /home/kireiji/Documents/GitHub/CARVER/AMT212E-V/AMT212E-V/AMT212E-V_Micro-ROS/firmware/AMT212E-V_Micro-ROS_UART/Core/Src/stm32g4xx_it.c
2024-11-19 20:48:31,774 [INFO] CodeEngine:255 - oldGeneratedFile, /home/kireiji/Documents/GitHub/CARVER/AMT212E-V/AMT212E-V/AMT212E-V_Micro-ROS/firmware/AMT212E-V_Micro-ROS_UART/Core/Inc/stm32g4xx_it.h_save
2024-11-19 20:48:31,825 [INFO] CodeEngine:279 - Generated code: /home/kireiji/Documents/GitHub/CARVER/AMT212E-V/AMT212E-V/AMT212E-V_Micro-ROS/firmware/AMT212E-V_Micro-ROS_UART/Core/Inc/stm32g4xx_it.h
2024-11-19 20:48:31,837 [INFO] CodeEngine:255 - oldGeneratedFile, /home/kireiji/Documents/GitHub/CARVER/AMT212E-V/AMT212E-V/AMT212E-V_Micro-ROS/firmware/AMT212E-V_Micro-ROS_UART/Core/Src/stm32g4xx_hal_msp.c_save
2024-11-19 20:48:31,899 [INFO] CodeEngine:279 - Generated code: /home/kireiji/Documents/GitHub/CARVER/AMT212E-V/AMT212E-V/AMT212E-V_Micro-ROS/firmware/AMT212E-V_Micro-ROS_UART/Core/Src/stm32g4xx_hal_msp.c
2024-11-19 20:48:31,900 [INFO] CodeEngine:255 - oldGeneratedFile, /home/kireiji/Documents/GitHub/CARVER/AMT212E-V/AMT212E-V/AMT212E-V_Micro-ROS/firmware/AMT212E-V_Micro-ROS_UART/MXTmpFiles/system.tmp_save
2024-11-19 20:48:31,945 [INFO] CodeEngine:279 - Generated code: /home/kireiji/Documents/GitHub/CARVER/AMT212E-V/AMT212E-V/AMT212E-V_Micro-ROS/firmware/AMT212E-V_Micro-ROS_UART/MXTmpFiles/system.tmp
2024-11-19 20:48:31,946 [INFO] CodeEngine:255 - oldGeneratedFile, /home/kireiji/Documents/GitHub/CARVER/AMT212E-V/AMT212E-V/AMT212E-V_Micro-ROS/firmware/AMT212E-V_Micro-ROS_UART/Core/Src/stm32g4xx_hal_timebase_tim.c_save
2024-11-19 20:48:31,991 [INFO] CodeEngine:279 - Generated code: /home/kireiji/Documents/GitHub/CARVER/AMT212E-V/AMT212E-V/AMT212E-V_Micro-ROS/firmware/AMT212E-V_Micro-ROS_UART/Core/Src/stm32g4xx_hal_timebase_tim.c
2024-11-19 20:48:31,993 [INFO] CodeEngine:311 - oldGeneratedFile, /home/kireiji/Documents/GitHub/CARVER/AMT212E-V/AMT212E-V/AMT212E-V_Micro-ROS/firmware/AMT212E-V_Micro-ROS_UART/Core/Inc/stm32g4xx_hal_conf.h_save
2024-11-19 20:48:32,042 [INFO] CodeEngine:335 - Generated code: /home/kireiji/Documents/GitHub/CARVER/AMT212E-V/AMT212E-V/AMT212E-V_Micro-ROS/firmware/AMT212E-V_Micro-ROS_UART/Core/Inc/stm32g4xx_hal_conf.h
2024-11-19 20:48:32,052 [WARN] IPConfigManager:3005 - Warning: the RefConfig RCC_CommonPeriphClockConfig is not available in your config.xml file
2024-11-19 20:48:32,059 [INFO] CodeEngine:255 - oldGeneratedFile, /home/kireiji/Documents/GitHub/CARVER/AMT212E-V/AMT212E-V/AMT212E-V_Micro-ROS/firmware/AMT212E-V_Micro-ROS_UART/Core/Inc/main.h_save
2024-11-19 20:48:32,123 [INFO] CodeEngine:279 - Generated code: /home/kireiji/Documents/GitHub/CARVER/AMT212E-V/AMT212E-V/AMT212E-V_Micro-ROS/firmware/AMT212E-V_Micro-ROS_UART/Core/Inc/main.h
2024-11-19 20:48:32,125 [INFO] CodeEngine:255 - oldGeneratedFile, /home/kireiji/Documents/GitHub/CARVER/AMT212E-V/AMT212E-V/AMT212E-V_Micro-ROS/firmware/AMT212E-V_Micro-ROS_UART/Core/Src/main.c_save
2024-11-19 20:48:32,190 [INFO] CodeEngine:279 - Generated code: /home/kireiji/Documents/GitHub/CARVER/AMT212E-V/AMT212E-V/AMT212E-V_Micro-ROS/firmware/AMT212E-V_Micro-ROS_UART/Core/Src/main.c
2024-11-19 20:48:32,351 [INFO] ProjectBuilder:3249 - Time for Copy HAL[1] : 22mS.
2024-11-19 20:48:32,353 [INFO] ProjectBuilder:4828 - Project Generator version: 4.5.0-B34
2024-11-19 20:48:32,420 [INFO] ConfigFileManager:1531 - The Die is : DIE469
2024-11-19 20:48:32,422 [INFO] ApiDbMcu:508 - Load IP Config File for FATFS
2024-11-19 20:48:32,425 [INFO] ApiDbMcu:508 - Load IP Config File for USBPD
2024-11-19 20:48:32,427 [INFO] ApiDbMcu:508 - Load IP Config File for USB_Device
2024-11-19 20:48:33,050 [INFO] ProjectBuilder:5097 - Time for Generating toolchain IDE Files: 697mS.
2024-11-19 20:48:33,050 [INFO] ProjectBuilder:3107 - Time for Copy CMSIS : 0mS.
2024-11-19 20:48:33,051 [INFO] ProjectBuilder:3107 - Time for Copy CMSIS : 0mS.
2024-11-19 20:48:40,805 [INFO] MainUpdater:2873 - connection check result : 10
2024-11-19 20:48:40,805 [INFO] MainUpdater:2873 - connection check result : 10
2024-11-19 20:48:40,833 [INFO] MicroXplorer:468 - Change Database Path : 
2024-11-19 20:48:40,833 [INFO] MicroXplorer:498 - Change Database Version : DB.6.0.121
2024-11-19 20:48:40,838 [ERROR] ProjectManagerView:394 - 
java.lang.NullPointerException: Cannot invoke "javax.swing.JTextField.getText()" because the return value of "java.util.List.get(int)" is null
	at com.st.microxplorer.plugins.projectmanager.gui.ProjectChoiceTab$10.caretUpdate(ProjectChoiceTab.java:2622) ~[filemanager.jar:?]
	at javax.swing.text.JTextComponent.fireCaretUpdate(JTextComponent.java:412) ~[?:?]
	at javax.swing.text.JTextComponent$MutableCaretEvent.fire(JTextComponent.java:4491) ~[?:?]
	at javax.swing.text.JTextComponent$MutableCaretEvent.stateChanged(JTextComponent.java:4513) ~[?:?]
	at javax.swing.text.DefaultCaret.fireStateChanged(DefaultCaret.java:842) ~[?:?]
	at javax.swing.text.DefaultCaret.changeCaretPosition(DefaultCaret.java:1313) ~[?:?]
	at javax.swing.text.DefaultCaret.handleSetDot(DefaultCaret.java:1212) ~[?:?]
	at javax.swing.text.DefaultCaret.setDot(DefaultCaret.java:1193) ~[?:?]
	at javax.swing.text.DefaultCaret$Handler.insertUpdate(DefaultCaret.java:1789) ~[?:?]
	at javax.swing.text.AbstractDocument.fireInsertUpdate(AbstractDocument.java:226) ~[?:?]
	at javax.swing.text.AbstractDocument.handleInsertString(AbstractDocument.java:780) ~[?:?]
	at javax.swing.text.AbstractDocument.insertString(AbstractDocument.java:739) ~[?:?]
	at javax.swing.text.PlainDocument.insertString(PlainDocument.java:131) ~[?:?]
	at javax.swing.text.AbstractDocument.replace(AbstractDocument.java:698) ~[?:?]
	at javax.swing.text.JTextComponent.setText(JTextComponent.java:1729) ~[?:?]
	at com.st.microxplorer.plugins.projectmanager.gui.ProjectChoiceTab.createHeapStackFields(ProjectChoiceTab.java:972) ~[filemanager.jar:?]
	at com.st.microxplorer.plugins.projectmanager.gui.ProjectChoiceTab.buildLinkSettingsPanel(ProjectChoiceTab.java:3597) ~[filemanager.jar:?]
	at com.st.microxplorer.plugins.projectmanager.gui.ProjectChoiceTab.defineWindowsFields(ProjectChoiceTab.java:1940) ~[filemanager.jar:?]
	at com.st.microxplorer.plugins.projectmanager.gui.ProjectChoiceTab.updateSettings(ProjectChoiceTab.java:550) ~[filemanager.jar:?]
	at com.st.microxplorer.plugins.projectmanager.gui.ProjectSettingsPanel.UpdateDialog(ProjectSettingsPanel.java:245) ~[filemanager.jar:?]
	at com.st.microxplorer.plugins.projectmanager.ProjectManagerView.propertyChange(ProjectManagerView.java:391) ~[filemanager.jar:?]
	at java.beans.PropertyChangeSupport.fire(PropertyChangeSupport.java:343) ~[?:?]
	at java.beans.PropertyChangeSupport.firePropertyChange(PropertyChangeSupport.java:335) ~[?:?]
	at java.beans.PropertyChangeSupport.firePropertyChange(PropertyChangeSupport.java:268) ~[?:?]
	at com.st.microxplorer.util.MXPropertyChangeSupport.firePropertyChange(MXPropertyChangeSupport.java:54) ~[STM32CubeMX.jar:?]
	at com.st.microxplorer.mxsystem.MxSystem.closeConfig(MxSystem.java:900) ~[STM32CubeMX.jar:?]
	at com.st.microxplorer.maingui.MainPanel.closeConfig(MainPanel.java:781) ~[STM32CubeMX.jar:?]
	at com.st.microxplorer.plugins.filemanager.engine.OpenFileManager.loadConfigurationFile(OpenFileManager.java:265) ~[filemanager.jar:?]
	at com.st.microxplorer.plugins.filemanager.engine.MainFileManager.userLoadConfig(MainFileManager.java:352) ~[filemanager.jar:?]
	at com.st.microxplorer.plugins.filemanager.engine.MainFileManager.userLoadConfig(MainFileManager.java:330) ~[filemanager.jar:?]
	at com.st.microxplorer.plugins.filemanager.FileManagerView.getSpecificTask(FileManagerView.java:246) ~[filemanager.jar:?]
	at com.st.stm32cube.common.mx.editor.CubeMxEditor.getMxTabbedPaneInstance(CubeMxEditor.java:1198) ~[com.st.stm32cube.common.mx_6.12.1.202409122256/:?]
	at com.st.stm32cube.common.mx.editor.CubeMxEditor$12$1.createSwingComponent(CubeMxEditor.java:1068) ~[com.st.stm32cube.common.mx_6.12.1.202409122256/:?]
	at com.st.stm32cube.common.mx.oss.core.awtswtbridge.EmbeddedSwingComposite.doComponentCreation(EmbeddedSwingComposite.java:492) ~[com.st.stm32cube.common.mx.oss_6.12.1.202409122256/:?]
	at com.st.stm32cube.common.mx.oss.core.awtswtbridge.EmbeddedSwingComposite$4.run(EmbeddedSwingComposite.java:291) ~[com.st.stm32cube.common.mx.oss_6.12.1.202409122256/:?]
	at com.st.stm32cube.common.mx.oss.core.awtswtbridge.AwtEnvironment$2.run(AwtEnvironment.java:166) ~[com.st.stm32cube.common.mx.oss_6.12.1.202409122256/:?]
	at java.awt.event.InvocationEvent.dispatch(InvocationEvent.java:318) ~[?:?]
	at java.awt.EventQueue.dispatchEventImpl(EventQueue.java:773) ~[?:?]
	at java.awt.EventQueue$4.run(EventQueue.java:720) ~[?:?]
	at java.awt.EventQueue$4.run(EventQueue.java:714) ~[?:?]
	at java.security.AccessController.doPrivileged(AccessController.java:399) ~[?:?]
	at java.security.ProtectionDomain$JavaSecurityAccessImpl.doIntersectionPrivilege(ProtectionDomain.java:86) ~[?:?]
	at java.awt.EventQueue.dispatchEvent(EventQueue.java:742) ~[?:?]
	at java.awt.EventDispatchThread.pumpOneEventForFilters(EventDispatchThread.java:203) ~[?:?]
	at java.awt.EventDispatchThread.pumpEventsForFilter(EventDispatchThread.java:124) ~[?:?]
	at java.awt.EventDispatchThread.pumpEventsForHierarchy(EventDispatchThread.java:113) ~[?:?]
	at java.awt.EventDispatchThread.pumpEvents(EventDispatchThread.java:109) ~[?:?]
	at java.awt.EventDispatchThread.pumpEvents(EventDispatchThread.java:101) ~[?:?]
	at java.awt.EventDispatchThread.run(EventDispatchThread.java:90) ~[?:?]
2024-11-19 20:48:40,839 [WARN] ThirdParty:871 - waiting for thirdparty lock release [close project]
2024-11-19 20:48:40,839 [INFO] ThirdParty:873 - entering critical section [close project]
2024-11-19 20:48:40,839 [INFO] ThirdParty:883 - exiting critical section [close project]
2024-11-19 20:48:40,841 [INFO] PinOutPanel:1561 - setPackage(No Configuration,No Configuration)
2024-11-19 20:48:40,844 [INFO] UtilMem:75 - Begin LoadConfig() Used Memory: 890089920 Bytes (1073741824)
2024-11-19 20:48:40,845 [INFO] MicroXplorer:468 - Change Database Path : 
2024-11-19 20:48:40,845 [INFO] MicroXplorer:498 - Change Database Version : DB.6.0.121
2024-11-19 20:48:40,845 [INFO] OpenFileManager:332 - Change cursor
2024-11-19 20:48:40,854 [INFO] RulesReader:64 - Compatibility file has been processed (297 Rules)
2024-11-19 20:48:40,857 [INFO] Mcu:2032 - Initializing MCU STM32G474R(B-C-E)Tx STM32G474RETx STM32G474RET6
2024-11-19 20:48:43,624 [INFO] Context:742 - Trying to add GPIOservice into a context  which must be forbidden
2024-11-19 20:48:44,802 [INFO] ApiDbMcu:508 - Load IP Config File for NUCLEO-G474RE
2024-11-19 20:48:44,915 [INFO] RtosManager:555 - Registered RTOS mode: class=CMSIS, group=RTOS, mode=CMSIS_V1, owner=FREERTOS
2024-11-19 20:48:44,915 [INFO] RtosManager:555 - Registered RTOS mode: class=CMSIS, group=RTOS2, mode=CMSIS_V2, owner=FREERTOS
2024-11-19 20:48:44,915 [INFO] RtosManager:555 - Registered RTOS mode: class=RTOS, group=Core, mode=CMSIS_V1, owner=FREERTOS
2024-11-19 20:48:44,915 [INFO] RtosManager:555 - Registered RTOS mode: class=RTOS, group=Core, mode=CMSIS_V2, owner=FREERTOS
2024-11-19 20:48:44,915 [WARN] ModelIntegratedComponent:184 - Missing modes for component STMicroelectronics:FreeRTOS:0.0.1:STMicroelectronics:RTOS:FreeRTOS:Core:::10.2.0:
2024-11-19 20:48:44,918 [WARN] ModelIntegratedComponent:63 - No mode defined for component null
2024-11-19 20:48:44,918 [WARN] ModelIntegratedComponent:63 - No mode defined for component null
2024-11-19 20:48:44,918 [WARN] ModelIntegratedComponent:63 - No mode defined for component null
2024-11-19 20:48:44,918 [WARN] ModelIntegratedComponent:63 - No mode defined for component null
2024-11-19 20:48:44,918 [WARN] ModelIntegratedComponent:63 - No mode defined for component null
2024-11-19 20:48:44,918 [WARN] ModelIntegratedComponent:63 - No mode defined for component null
2024-11-19 20:48:44,918 [WARN] ModelIntegratedComponent:63 - No mode defined for component null
2024-11-19 20:48:44,918 [WARN] ModelIntegratedComponent:63 - No mode defined for component null
2024-11-19 20:48:44,918 [WARN] ModelIntegratedComponent:63 - No mode defined for component null
2024-11-19 20:48:44,918 [WARN] ModelIntegratedComponent:63 - No mode defined for component null
2024-11-19 20:48:44,919 [WARN] ModelIntegratedComponent:63 - No mode defined for component null
2024-11-19 20:48:44,919 [WARN] ModelIntegratedComponent:63 - No mode defined for component null
2024-11-19 20:48:44,919 [WARN] ModelIntegratedComponent:63 - No mode defined for component null
2024-11-19 20:48:44,919 [WARN] ModelIntegratedComponent:63 - No mode defined for component null
2024-11-19 20:48:44,919 [WARN] ModelIntegratedComponent:63 - No mode defined for component null
2024-11-19 20:48:44,919 [WARN] ModelIntegratedComponent:63 - No mode defined for component null
2024-11-19 20:48:44,919 [WARN] ModelIntegratedComponent:63 - No mode defined for component null
2024-11-19 20:48:44,919 [WARN] ModelIntegratedComponent:63 - No mode defined for component null
2024-11-19 20:48:44,919 [WARN] ModelIntegratedComponent:63 - No mode defined for component null
2024-11-19 20:48:44,919 [WARN] ModelIntegratedComponent:63 - No mode defined for component null
2024-11-19 20:48:44,919 [WARN] ModelIntegratedComponent:63 - No mode defined for component null
2024-11-19 20:48:44,919 [WARN] ModelIntegratedComponent:63 - No mode defined for component null
2024-11-19 20:48:44,919 [WARN] ModelIntegratedComponent:63 - No mode defined for component null
2024-11-19 20:48:44,919 [WARN] ModelIntegratedComponent:63 - No mode defined for component null
2024-11-19 20:48:44,919 [WARN] ModelIntegratedComponent:63 - No mode defined for component null
2024-11-19 20:48:44,919 [WARN] ModelIntegratedComponent:63 - No mode defined for component null
2024-11-19 20:48:44,919 [WARN] ModelIntegratedComponent:63 - No mode defined for component null
2024-11-19 20:48:44,919 [WARN] ModelIntegratedComponent:63 - No mode defined for component null
2024-11-19 20:48:44,919 [WARN] ModelIntegratedComponent:63 - No mode defined for component null
2024-11-19 20:48:44,919 [WARN] ModelIntegratedComponent:63 - No mode defined for component null
2024-11-19 20:48:44,919 [WARN] ModelIntegratedComponent:63 - No mode defined for component null
2024-11-19 20:48:44,919 [WARN] ModelIntegratedComponent:63 - No mode defined for component null
2024-11-19 20:48:44,919 [WARN] ModelIntegratedComponent:63 - No mode defined for component null
2024-11-19 20:48:44,919 [WARN] ModelIntegratedComponent:63 - No mode defined for component null
2024-11-19 20:48:44,919 [WARN] ModelIntegratedComponent:63 - No mode defined for component null
2024-11-19 20:48:44,919 [WARN] ModelPack:524 - Component already loaded: STMicroelectronics:HAL Drivers:0.0.0:STMicroelectronics:Device:STMicro_Driver:XSPI:HAL::0.0.1:HAL_XSPI
2024-11-19 20:48:44,927 [INFO] ThirdPartyModel:298 - Start build external matchings
2024-11-19 20:48:44,972 [INFO] ThirdPartyModel:316 - End build external matchings
2024-11-19 20:48:44,975 [INFO] RtosManager:919 - Current active RTOS is FREERTOS [Cortex-M4NS]
2024-11-19 20:48:44,981 [INFO] ImportTextPane:205 - (OptionalMessage_ERROR) IP (DMA) : Parameter (Instance) has Id (USART1_RX) currently not set
2024-11-19 20:48:44,981 [INFO] ImportTextPane:205 - (OptionalMessage_ERROR) IP (DMA) : Parameter (Request) has Id (USART1_RX) currently not set
2024-11-19 20:48:44,981 [INFO] ImportTextPane:205 - (OptionalMessage_ERROR) IP (DMA) : Parameter (Direction) has Id (USART1_RX) currently not set
2024-11-19 20:48:44,981 [INFO] ImportTextPane:205 - (OptionalMessage_ERROR) IP (DMA) : Parameter (PeriphInc) has Id (USART1_RX) currently not set
2024-11-19 20:48:44,981 [INFO] ImportTextPane:205 - (OptionalMessage_ERROR) IP (DMA) : Parameter (MemInc) has Id (USART1_RX) currently not set
2024-11-19 20:48:44,981 [INFO] ImportTextPane:205 - (OptionalMessage_ERROR) IP (DMA) : Parameter (PeriphDataAlignment) has Id (USART1_RX) currently not set
2024-11-19 20:48:44,982 [INFO] ImportTextPane:205 - (OptionalMessage_ERROR) IP (DMA) : Parameter (MemDataAlignment) has Id (USART1_RX) currently not set
2024-11-19 20:48:44,982 [INFO] ImportTextPane:205 - (OptionalMessage_ERROR) IP (DMA) : Parameter (Mode) has Id (USART1_RX) currently not set
2024-11-19 20:48:44,982 [INFO] ImportTextPane:205 - (OptionalMessage_ERROR) IP (DMA) : Parameter (Priority) has Id (USART1_RX) currently not set
2024-11-19 20:48:44,982 [INFO] ImportTextPane:205 - (OptionalMessage_ERROR) IP (DMA) : Parameter (SignalID) has Id (USART1_RX) currently not set
2024-11-19 20:48:44,982 [INFO] ImportTextPane:205 - (OptionalMessage_ERROR) IP (DMA) : Parameter (Polarity) has Id (USART1_RX) currently not set
2024-11-19 20:48:44,982 [INFO] ImportTextPane:205 - (OptionalMessage_ERROR) IP (DMA) : Parameter (RequestNumber) has Id (USART1_RX) currently not set
2024-11-19 20:48:44,982 [INFO] ImportTextPane:205 - (OptionalMessage_ERROR) IP (DMA) : Parameter (SyncSignalID) has Id (USART1_RX) currently not set
2024-11-19 20:48:44,982 [INFO] ImportTextPane:205 - (OptionalMessage_ERROR) IP (DMA) : Parameter (SyncPolarity) has Id (USART1_RX) currently not set
2024-11-19 20:48:44,982 [INFO] ImportTextPane:205 - (OptionalMessage_ERROR) IP (DMA) : Parameter (SyncEnable) has Id (USART1_RX) currently not set
2024-11-19 20:48:44,982 [INFO] ImportTextPane:205 - (OptionalMessage_ERROR) IP (DMA) : Parameter (EventEnable) has Id (USART1_RX) currently not set
2024-11-19 20:48:44,982 [INFO] ImportTextPane:205 - (OptionalMessage_ERROR) IP (DMA) : Parameter (SyncRequestNumber) has Id (USART1_RX) currently not set
2024-11-19 20:48:44,982 [INFO] ImportTextPane:205 - (OptionalMessage_ERROR) IP (DMA) : Parameter (Instance) has Id (USART1_TX) currently not set
2024-11-19 20:48:44,982 [INFO] ImportTextPane:205 - (OptionalMessage_ERROR) IP (DMA) : Parameter (Request) has Id (USART1_TX) currently not set
2024-11-19 20:48:44,982 [INFO] ImportTextPane:205 - (OptionalMessage_ERROR) IP (DMA) : Parameter (Direction) has Id (USART1_TX) currently not set
2024-11-19 20:48:44,982 [INFO] ImportTextPane:205 - (OptionalMessage_ERROR) IP (DMA) : Parameter (PeriphInc) has Id (USART1_TX) currently not set
2024-11-19 20:48:44,982 [INFO] ImportTextPane:205 - (OptionalMessage_ERROR) IP (DMA) : Parameter (MemInc) has Id (USART1_TX) currently not set
2024-11-19 20:48:44,982 [INFO] ImportTextPane:205 - (OptionalMessage_ERROR) IP (DMA) : Parameter (PeriphDataAlignment) has Id (USART1_TX) currently not set
2024-11-19 20:48:44,982 [INFO] ImportTextPane:205 - (OptionalMessage_ERROR) IP (DMA) : Parameter (MemDataAlignment) has Id (USART1_TX) currently not set
2024-11-19 20:48:44,982 [INFO] ImportTextPane:205 - (OptionalMessage_ERROR) IP (DMA) : Parameter (Mode) has Id (USART1_TX) currently not set
2024-11-19 20:48:44,982 [INFO] ImportTextPane:205 - (OptionalMessage_ERROR) IP (DMA) : Parameter (Priority) has Id (USART1_TX) currently not set
2024-11-19 20:48:44,982 [INFO] ImportTextPane:205 - (OptionalMessage_ERROR) IP (DMA) : Parameter (SignalID) has Id (USART1_TX) currently not set
2024-11-19 20:48:44,982 [INFO] ImportTextPane:205 - (OptionalMessage_ERROR) IP (DMA) : Parameter (Polarity) has Id (USART1_TX) currently not set
2024-11-19 20:48:44,982 [INFO] ImportTextPane:205 - (OptionalMessage_ERROR) IP (DMA) : Parameter (RequestNumber) has Id (USART1_TX) currently not set
2024-11-19 20:48:44,982 [INFO] ImportTextPane:205 - (OptionalMessage_ERROR) IP (DMA) : Parameter (SyncSignalID) has Id (USART1_TX) currently not set
2024-11-19 20:48:44,982 [INFO] ImportTextPane:205 - (OptionalMessage_ERROR) IP (DMA) : Parameter (SyncPolarity) has Id (USART1_TX) currently not set
2024-11-19 20:48:44,982 [INFO] ImportTextPane:205 - (OptionalMessage_ERROR) IP (DMA) : Parameter (SyncEnable) has Id (USART1_TX) currently not set
2024-11-19 20:48:44,982 [INFO] ImportTextPane:205 - (OptionalMessage_ERROR) IP (DMA) : Parameter (EventEnable) has Id (USART1_TX) currently not set
2024-11-19 20:48:44,982 [INFO] ImportTextPane:205 - (OptionalMessage_ERROR) IP (DMA) : Parameter (SyncRequestNumber) has Id (USART1_TX) currently not set
2024-11-19 20:48:44,982 [INFO] ImportTextPane:205 - (OptionalMessage_ERROR) IP (DMA) : Parameter (Instance) has Id (LPUART1_TX) currently not set
2024-11-19 20:48:44,982 [INFO] ImportTextPane:205 - (OptionalMessage_ERROR) IP (DMA) : Parameter (Request) has Id (LPUART1_TX) currently not set
2024-11-19 20:48:44,983 [INFO] ImportTextPane:205 - (OptionalMessage_ERROR) IP (DMA) : Parameter (Direction) has Id (LPUART1_TX) currently not set
2024-11-19 20:48:44,983 [INFO] ImportTextPane:205 - (OptionalMessage_ERROR) IP (DMA) : Parameter (PeriphInc) has Id (LPUART1_TX) currently not set
2024-11-19 20:48:44,983 [INFO] ImportTextPane:205 - (OptionalMessage_ERROR) IP (DMA) : Parameter (MemInc) has Id (LPUART1_TX) currently not set
2024-11-19 20:48:44,983 [INFO] ImportTextPane:205 - (OptionalMessage_ERROR) IP (DMA) : Parameter (PeriphDataAlignment) has Id (LPUART1_TX) currently not set
2024-11-19 20:48:44,983 [INFO] ImportTextPane:205 - (OptionalMessage_ERROR) IP (DMA) : Parameter (MemDataAlignment) has Id (LPUART1_TX) currently not set
2024-11-19 20:48:44,983 [INFO] ImportTextPane:205 - (OptionalMessage_ERROR) IP (DMA) : Parameter (Mode) has Id (LPUART1_TX) currently not set
2024-11-19 20:48:44,983 [INFO] ImportTextPane:205 - (OptionalMessage_ERROR) IP (DMA) : Parameter (Priority) has Id (LPUART1_TX) currently not set
2024-11-19 20:48:44,983 [INFO] ImportTextPane:205 - (OptionalMessage_ERROR) IP (DMA) : Parameter (SignalID) has Id (LPUART1_TX) currently not set
2024-11-19 20:48:44,983 [INFO] ImportTextPane:205 - (OptionalMessage_ERROR) IP (DMA) : Parameter (Polarity) has Id (LPUART1_TX) currently not set
2024-11-19 20:48:44,983 [INFO] ImportTextPane:205 - (OptionalMessage_ERROR) IP (DMA) : Parameter (RequestNumber) has Id (LPUART1_TX) currently not set
2024-11-19 20:48:44,983 [INFO] ImportTextPane:205 - (OptionalMessage_ERROR) IP (DMA) : Parameter (SyncSignalID) has Id (LPUART1_TX) currently not set
2024-11-19 20:48:44,983 [INFO] ImportTextPane:205 - (OptionalMessage_ERROR) IP (DMA) : Parameter (SyncPolarity) has Id (LPUART1_TX) currently not set
2024-11-19 20:48:44,983 [INFO] ImportTextPane:205 - (OptionalMessage_ERROR) IP (DMA) : Parameter (SyncEnable) has Id (LPUART1_TX) currently not set
2024-11-19 20:48:44,983 [INFO] ImportTextPane:205 - (OptionalMessage_ERROR) IP (DMA) : Parameter (EventEnable) has Id (LPUART1_TX) currently not set
2024-11-19 20:48:44,983 [INFO] ImportTextPane:205 - (OptionalMessage_ERROR) IP (DMA) : Parameter (SyncRequestNumber) has Id (LPUART1_TX) currently not set
2024-11-19 20:48:44,983 [INFO] ImportTextPane:205 - (OptionalMessage_ERROR) IP (DMA) : Parameter (Instance) has Id (LPUART1_RX) currently not set
2024-11-19 20:48:44,983 [INFO] ImportTextPane:205 - (OptionalMessage_ERROR) IP (DMA) : Parameter (Request) has Id (LPUART1_RX) currently not set
2024-11-19 20:48:44,983 [INFO] ImportTextPane:205 - (OptionalMessage_ERROR) IP (DMA) : Parameter (Direction) has Id (LPUART1_RX) currently not set
2024-11-19 20:48:44,983 [INFO] ImportTextPane:205 - (OptionalMessage_ERROR) IP (DMA) : Parameter (PeriphInc) has Id (LPUART1_RX) currently not set
2024-11-19 20:48:44,983 [INFO] ImportTextPane:205 - (OptionalMessage_ERROR) IP (DMA) : Parameter (MemInc) has Id (LPUART1_RX) currently not set
2024-11-19 20:48:44,983 [INFO] ImportTextPane:205 - (OptionalMessage_ERROR) IP (DMA) : Parameter (PeriphDataAlignment) has Id (LPUART1_RX) currently not set
2024-11-19 20:48:44,983 [INFO] ImportTextPane:205 - (OptionalMessage_ERROR) IP (DMA) : Parameter (MemDataAlignment) has Id (LPUART1_RX) currently not set
2024-11-19 20:48:44,983 [INFO] ImportTextPane:205 - (OptionalMessage_ERROR) IP (DMA) : Parameter (Mode) has Id (LPUART1_RX) currently not set
2024-11-19 20:48:44,983 [INFO] ImportTextPane:205 - (OptionalMessage_ERROR) IP (DMA) : Parameter (Priority) has Id (LPUART1_RX) currently not set
2024-11-19 20:48:44,983 [INFO] ImportTextPane:205 - (OptionalMessage_ERROR) IP (DMA) : Parameter (SignalID) has Id (LPUART1_RX) currently not set
2024-11-19 20:48:44,983 [INFO] ImportTextPane:205 - (OptionalMessage_ERROR) IP (DMA) : Parameter (Polarity) has Id (LPUART1_RX) currently not set
2024-11-19 20:48:44,983 [INFO] ImportTextPane:205 - (OptionalMessage_ERROR) IP (DMA) : Parameter (RequestNumber) has Id (LPUART1_RX) currently not set
2024-11-19 20:48:44,983 [INFO] ImportTextPane:205 - (OptionalMessage_ERROR) IP (DMA) : Parameter (SyncSignalID) has Id (LPUART1_RX) currently not set
2024-11-19 20:48:44,984 [INFO] ImportTextPane:205 - (OptionalMessage_ERROR) IP (DMA) : Parameter (SyncPolarity) has Id (LPUART1_RX) currently not set
2024-11-19 20:48:44,984 [INFO] ImportTextPane:205 - (OptionalMessage_ERROR) IP (DMA) : Parameter (SyncEnable) has Id (LPUART1_RX) currently not set
2024-11-19 20:48:44,984 [INFO] ImportTextPane:205 - (OptionalMessage_ERROR) IP (DMA) : Parameter (EventEnable) has Id (LPUART1_RX) currently not set
2024-11-19 20:48:44,984 [INFO] ImportTextPane:205 - (OptionalMessage_ERROR) IP (DMA) : Parameter (SyncRequestNumber) has Id (LPUART1_RX) currently not set
2024-11-19 20:48:44,986 [INFO] ImportTextPane:205 - (OptionalMessage_ERROR) IP (RCC) : Invalid parameter (FamilyName)
2024-11-19 20:48:44,987 [INFO] ImportTextPane:205 - (OptionalMessage_ERROR) IP (RCC) : Parameter (RNGFreq_Value) has invalid value (170000000)
2024-11-19 20:48:44,988 [INFO] ImportTextPane:205 - (OptionalMessage_ERROR) IP (RCC) : Parameter (USBFreq_Value) has invalid value (170000000)
2024-11-19 20:48:45,234 [INFO] UtilMem:75 - End LoadConfig() Used Memory: 623641320 Bytes (1073741824)
2024-11-19 20:48:45,240 [WARN] ThirdParty:833 - waiting for thirdparty lock release [change project]
2024-11-19 20:48:45,241 [INFO] ThirdParty:835 - entering critical section [change project]
2024-11-19 20:48:45,241 [INFO] ThirdParty:1030 - CMSIS Pack Vendor :STMicroelectronics USBPD 4.1
2024-11-19 20:48:45,241 [INFO] ThirdParty:1030 - CMSIS Pack Vendor :STMicroelectronics X-CUBE-AZRTOS-H7 3.3.0
2024-11-19 20:48:45,241 [INFO] ThirdParty:1030 - CMSIS Pack Vendor :STMicroelectronics USB_HOST 2.0.0
2024-11-19 20:48:45,241 [INFO] ThirdParty:1030 - CMSIS Pack Vendor :STMicroelectronics FP-SNS-MOTENVWB1 1.4.0
2024-11-19 20:48:45,241 [INFO] ThirdParty:1030 - CMSIS Pack Vendor :STMicroelectronics X-CUBE-AZRTOS-F4 1.1.0
2024-11-19 20:48:45,241 [INFO] ThirdParty:1030 - CMSIS Pack Vendor :STMicroelectronics LIBJPEG 8.0.0
2024-11-19 20:48:45,241 [INFO] ThirdParty:1030 - CMSIS Pack Vendor :STMicroelectronics FP-ATR-ASTRA1 2.0.1
2024-11-19 20:48:45,241 [INFO] ThirdParty:1030 - CMSIS Pack Vendor :STMicroelectronics X-CUBE-SMBUS 2.1.0
2024-11-19 20:48:45,241 [INFO] ThirdParty:1030 - CMSIS Pack Vendor :STMicroelectronics X-CUBE-WB05N 1.1.0
2024-11-19 20:48:45,241 [INFO] ThirdParty:1030 - CMSIS Pack Vendor :STMicroelectronics USB_DEVICE 3.0.0
2024-11-19 20:48:45,241 [INFO] ThirdParty:1030 - CMSIS Pack Vendor :STMicroelectronics X-CUBE-TCPP 4.1.0
2024-11-19 20:48:45,241 [INFO] ThirdParty:1030 - CMSIS Pack Vendor :STMicroelectronics X-CUBE-FREERTOS 1.2.0
2024-11-19 20:48:45,241 [INFO] ThirdParty:1030 - CMSIS Pack Vendor :STMicroelectronics X-CUBE-AZRTOS-WB 2.0.0
2024-11-19 20:48:45,241 [INFO] ThirdParty:1030 - CMSIS Pack Vendor :STMicroelectronics X-CUBE-AZRTOS-F7 1.1.0
2024-11-19 20:48:45,241 [INFO] ThirdParty:1030 - CMSIS Pack Vendor :STMicroelectronics X-CUBE-AZRTOS-L5 2.0.0
2024-11-19 20:48:45,241 [INFO] ThirdParty:1030 - CMSIS Pack Vendor :STMicroelectronics USB_DEVICE 2.0.0
2024-11-19 20:48:45,241 [INFO] ThirdParty:1030 - CMSIS Pack Vendor :STMicroelectronics X-CUBE-NFC6 3.1.0
2024-11-19 20:48:45,241 [INFO] ThirdParty:1030 - CMSIS Pack Vendor :STMicroelectronics FreeRTOS 0.0.1
2024-11-19 20:48:45,241 [INFO] ThirdParty:1030 - CMSIS Pack Vendor :STMicroelectronics X-CUBE-AZRTOS-G0 1.1.0
2024-11-19 20:48:45,241 [INFO] ThirdParty:1030 - CMSIS Pack Vendor :STMicroelectronics X-CUBE-SAFEA1 1.2.2
2024-11-19 20:48:45,241 [INFO] ThirdParty:1030 - CMSIS Pack Vendor :STMicroelectronics X-CUBE-NFC4 3.0.0
2024-11-19 20:48:45,241 [INFO] ThirdParty:1030 - CMSIS Pack Vendor :STMicroelectronics X-CUBE-SUBG2 5.0.0
2024-11-19 20:48:45,241 [INFO] ThirdParty:1030 - CMSIS Pack Vendor :STMicroelectronics STM32_WPAN 1.0.0
2024-11-19 20:48:45,241 [INFO] ThirdParty:1030 - CMSIS Pack Vendor :EmbeddedOffice I-CUBE-FS-RTOS 1.0.1
2024-11-19 20:48:45,241 [INFO] ThirdParty:1030 - CMSIS Pack Vendor :STMicroelectronics lwIP 2.0.3
2024-11-19 20:48:45,241 [INFO] ThirdParty:1030 - CMSIS Pack Vendor :STMicroelectronics FP-SNS-FLIGHT1 5.0.2
2024-11-19 20:48:45,241 [INFO] ThirdParty:1030 - CMSIS Pack Vendor :Cesanta I-CUBE-Mongoose 7.13.0
2024-11-19 20:48:45,241 [INFO] ThirdParty:1030 - CMSIS Pack Vendor :STMicroelectronics USB_HOST 1.0.0
2024-11-19 20:48:45,241 [INFO] ThirdParty:1030 - CMSIS Pack Vendor :STMicroelectronics X-CUBE-AZRTOS-G4 2.0.0
2024-11-19 20:48:45,241 [INFO] ThirdParty:1030 - CMSIS Pack Vendor :STMicroelectronics PDM2PCM 3.1.0
2024-11-19 20:48:45,241 [INFO] ThirdParty:1030 - CMSIS Pack Vendor :STMicroelectronics PDM2PCM 3.3.0
2024-11-19 20:48:45,241 [INFO] ThirdParty:1030 - CMSIS Pack Vendor :STMicroelectronics X-CUBE-DISPLAY 3.0.0
2024-11-19 20:48:45,241 [INFO] ThirdParty:1030 - CMSIS Pack Vendor :RealThread X-CUBE-RT-Thread_Nano 4.1.1
2024-11-19 20:48:45,241 [INFO] ThirdParty:1030 - CMSIS Pack Vendor :STMicroelectronics X-CUBE-BLE1 7.0.0
2024-11-19 20:48:45,241 [INFO] ThirdParty:1030 - CMSIS Pack Vendor :STMicroelectronics FP-ATR-SIGFOX1 3.2.0
2024-11-19 20:48:45,241 [INFO] ThirdParty:1030 - CMSIS Pack Vendor :quantropi X-CUBE-qispace-sdk-base 1.9.3
2024-11-19 20:48:45,241 [INFO] ThirdParty:1030 - CMSIS Pack Vendor :STMicroelectronics X-CUBE-EEPRMA1 5.1.0
2024-11-19 20:48:45,241 [INFO] ThirdParty:1030 - CMSIS Pack Vendor :STMicroelectronics HAL Drivers 0.0.0
2024-11-19 20:48:45,241 [INFO] ThirdParty:1030 - CMSIS Pack Vendor :STMicroelectronics MBEDTLS 2.16.2
2024-11-19 20:48:45,241 [INFO] ThirdParty:1030 - CMSIS Pack Vendor :STMicroelectronics X-CUBE-ALS 1.0.2
2024-11-19 20:48:45,241 [INFO] ThirdParty:1030 - CMSIS Pack Vendor :emotas I-CUBE-CANOPEN 1.3.0
2024-11-19 20:48:45,241 [INFO] ThirdParty:1030 - CMSIS Pack Vendor :wolfSSL I-CUBE-wolfSSL 5.7.4
2024-11-19 20:48:45,241 [INFO] ThirdParty:1030 - CMSIS Pack Vendor :STMicroelectronics X-CUBE-NFC7 1.0.1
2024-11-19 20:48:45,241 [INFO] ThirdParty:1030 - CMSIS Pack Vendor :STMicroelectronics MBEDTLS 2.14.1
2024-11-19 20:48:45,241 [INFO] ThirdParty:1030 - CMSIS Pack Vendor :ITTIA_DB I-CUBE-ITTIADB 8.9.0
2024-11-19 20:48:45,241 [INFO] ThirdParty:1030 - CMSIS Pack Vendor :STMicroelectronics X-CUBE-TOUCHGFX 4.24.1
2024-11-19 20:48:45,241 [INFO] ThirdParty:1030 - CMSIS Pack Vendor :wolfSSL I-CUBE-wolfTPM 3.4.0
2024-11-19 20:48:45,241 [INFO] ThirdParty:1030 - CMSIS Pack Vendor :portGmbH I-Cube-SoM-uGOAL 1.1.0
2024-11-19 20:48:45,241 [INFO] ThirdParty:1030 - CMSIS Pack Vendor :STMicroelectronics X-CUBE-BLEMGR 3.1.0
2024-11-19 20:48:45,241 [INFO] ThirdParty:1030 - CMSIS Pack Vendor :STMicroelectronics ThreadX 1.0.0
2024-11-19 20:48:45,241 [INFO] ThirdParty:1030 - CMSIS Pack Vendor :STMicroelectronics FP-SNS-SMARTAG2 1.2.0
2024-11-19 20:48:45,241 [INFO] ThirdParty:1030 - CMSIS Pack Vendor :STMicroelectronics X-CUBE-AZRTOS-WL 2.0.0
2024-11-19 20:48:45,241 [INFO] ThirdParty:1030 - CMSIS Pack Vendor :SEGGER I-CUBE-embOS 1.3.1
2024-11-19 20:48:45,241 [INFO] ThirdParty:1030 - CMSIS Pack Vendor :STMicroelectronics X-CUBE-ALGOBUILD 1.4.0
2024-11-19 20:48:45,241 [INFO] ThirdParty:1030 - CMSIS Pack Vendor :STMicroelectronics FP-SNS-MOTENV1 5.0.0
2024-11-19 20:48:45,241 [INFO] ThirdParty:1030 - CMSIS Pack Vendor :STMicroelectronics USB_DEVICE 1.0.0
2024-11-19 20:48:45,241 [INFO] ThirdParty:1030 - CMSIS Pack Vendor :STMicroelectronics X-CUBE-AZRTOS-H7RS 1.0.0
2024-11-19 20:48:45,241 [INFO] ThirdParty:1030 - CMSIS Pack Vendor :wolfSSL I-CUBE-wolfMQTT 1.19.0
2024-11-19 20:48:45,241 [INFO] ThirdParty:1030 - CMSIS Pack Vendor :STMicroelectronics X-CUBE-AZRTOS-L4 2.0.0
2024-11-19 20:48:45,241 [INFO] ThirdParty:1030 - CMSIS Pack Vendor :STMicroelectronics ThreadX 0.0.2
2024-11-19 20:48:45,242 [INFO] ThirdParty:1030 - CMSIS Pack Vendor :WES I-CUBE-Cesium 1.3.0
2024-11-19 20:48:45,242 [INFO] ThirdParty:1030 - CMSIS Pack Vendor :STMicroelectronics FP-ATR-ASTRA1 2.0.0
2024-11-19 20:48:45,242 [INFO] ThirdParty:1030 - CMSIS Pack Vendor :STMicroelectronics lwIP 2.1.2
2024-11-19 20:48:45,242 [INFO] ThirdParty:1030 - CMSIS Pack Vendor :STMicroelectronics X-CUBE-SFXS2LP1 4.0.0
2024-11-19 20:48:45,242 [INFO] ThirdParty:1030 - CMSIS Pack Vendor :STMicroelectronics X-CUBE-BLE2 3.3.0
2024-11-19 20:48:45,242 [INFO] ThirdParty:1030 - CMSIS Pack Vendor :Infineon AIROC-Wi-Fi-Bluetooth-STM32 1.6.1
2024-11-19 20:48:45,242 [INFO] ThirdParty:1030 - CMSIS Pack Vendor :STMicroelectronics PDM2PCM 3.2.0
2024-11-19 20:48:45,242 [INFO] ThirdParty:1030 - CMSIS Pack Vendor :wolfSSL I-CUBE-wolfSSH 1.4.17
2024-11-19 20:48:45,242 [INFO] ThirdParty:841 - exiting critical section [change project]
2024-11-19 20:48:45,472 [INFO] PinOutPanel:1561 - setPackage(No Configuration,No Configuration)
2024-11-19 20:48:45,472 [INFO] PinOutPanel:1561 - setPackage(STM32G474RETx,LQFP64)
2024-11-19 20:48:45,727 [INFO] UtilMem:75 - Before build in PCC Used Memory: 956701376 Bytes (1073741824)
2024-11-19 20:48:45,918 [INFO] UtilMem:75 - After build in PCC Used Memory: 429027040 Bytes (1073741824)
2024-11-19 20:48:45,921 [INFO] ApiDbMcu:508 - Load IP Config File for FREERTOS
2024-11-19 20:48:45,939 [INFO] IPUIPlugin:80 - create IPUIPlugin
2024-11-19 20:48:45,939 [INFO] IPUIPlugin:80 - create IPUIPlugin
2024-11-19 20:48:45,939 [INFO] IPUIPlugin:80 - create IPUIPlugin
2024-11-19 20:48:45,939 [INFO] IPUIPlugin:80 - create IPUIPlugin
2024-11-19 20:48:45,939 [INFO] IPUIPlugin:80 - create IPUIPlugin
2024-11-19 20:48:45,940 [INFO] IPUIPlugin:80 - create IPUIPlugin
2024-11-19 20:48:45,940 [INFO] IPUIPlugin:80 - create IPUIPlugin
2024-11-19 20:48:45,940 [INFO] IPUIPlugin:80 - create IPUIPlugin
2024-11-19 20:48:45,940 [INFO] IPUIPlugin:80 - create IPUIPlugin
2024-11-19 20:48:45,940 [INFO] IPUIPlugin:80 - create IPUIPlugin
2024-11-19 20:48:45,940 [INFO] IPUIPlugin:80 - create IPUIPlugin
2024-11-19 20:48:45,940 [INFO] IPUIPlugin:80 - create IPUIPlugin
2024-11-19 20:48:45,941 [INFO] IPUIPlugin:80 - create IPUIPlugin
2024-11-19 20:48:45,941 [INFO] IPUIPlugin:80 - create IPUIPlugin
2024-11-19 20:48:45,941 [INFO] IPUIPlugin:80 - create IPUIPlugin
2024-11-19 20:48:45,941 [INFO] IPUIPlugin:80 - create IPUIPlugin
2024-11-19 20:48:45,941 [INFO] IPUIPlugin:80 - create IPUIPlugin
2024-11-19 20:48:45,941 [INFO] IPUIPlugin:80 - create IPUIPlugin
2024-11-19 20:48:45,942 [INFO] IPUIPlugin:80 - create IPUIPlugin
2024-11-19 20:48:45,942 [INFO] IPUIPlugin:80 - create IPUIPlugin
2024-11-19 20:48:45,942 [INFO] IPUIPlugin:80 - create IPUIPlugin
2024-11-19 20:48:45,942 [INFO] IPUIPlugin:80 - create IPUIPlugin
2024-11-19 20:48:45,942 [INFO] IPUIPlugin:80 - create IPUIPlugin
2024-11-19 20:48:45,942 [INFO] IPUIPlugin:80 - create IPUIPlugin
2024-11-19 20:48:45,942 [INFO] IPUIPlugin:80 - create IPUIPlugin
2024-11-19 20:48:45,942 [INFO] IPUIPlugin:80 - create IPUIPlugin
2024-11-19 20:48:45,942 [INFO] IPUIPlugin:80 - create IPUIPlugin
2024-11-19 20:48:45,942 [INFO] IPUIPlugin:80 - create IPUIPlugin
2024-11-19 20:48:45,943 [INFO] IPUIPlugin:80 - create IPUIPlugin
2024-11-19 20:48:45,943 [INFO] IPUIPlugin:80 - create IPUIPlugin
2024-11-19 20:48:45,943 [INFO] IPUIPlugin:80 - create IPUIPlugin
2024-11-19 20:48:45,943 [INFO] IPUIPlugin:80 - create IPUIPlugin
2024-11-19 20:48:45,943 [INFO] IPUIPlugin:80 - create IPUIPlugin
2024-11-19 20:48:45,943 [INFO] IPUIPlugin:80 - create IPUIPlugin
2024-11-19 20:48:45,943 [INFO] IPUIPlugin:80 - create IPUIPlugin
2024-11-19 20:48:45,944 [INFO] IPUIPlugin:80 - create IPUIPlugin
2024-11-19 20:48:45,944 [INFO] IPUIPlugin:80 - create IPUIPlugin
2024-11-19 20:48:45,944 [INFO] IPUIPlugin:80 - create IPUIPlugin
2024-11-19 20:48:45,944 [INFO] IPUIPlugin:80 - create IPUIPlugin
2024-11-19 20:48:45,944 [INFO] IPUIPlugin:80 - create IPUIPlugin
2024-11-19 20:48:45,944 [INFO] IPUIPlugin:80 - create IPUIPlugin
2024-11-19 20:48:45,944 [INFO] IPUIPlugin:80 - create IPUIPlugin
2024-11-19 20:48:45,944 [INFO] IPUIPlugin:80 - create IPUIPlugin
2024-11-19 20:48:45,945 [INFO] IPUIPlugin:80 - create IPUIPlugin
2024-11-19 20:48:45,945 [INFO] IPUIPlugin:80 - create IPUIPlugin
2024-11-19 20:48:45,945 [INFO] IPUIPlugin:80 - create IPUIPlugin
2024-11-19 20:48:45,945 [INFO] IPUIPlugin:80 - create IPUIPlugin
2024-11-19 20:48:45,945 [INFO] IPUIPlugin:80 - create IPUIPlugin
2024-11-19 20:48:45,945 [INFO] IPUIPlugin:80 - create IPUIPlugin
2024-11-19 20:48:45,946 [INFO] IPUIPlugin:80 - create IPUIPlugin
2024-11-19 20:48:45,946 [INFO] IPUIPlugin:80 - create IPUIPlugin
2024-11-19 20:48:45,946 [INFO] IPUIPlugin:80 - create IPUIPlugin
2024-11-19 20:48:45,946 [INFO] IPUIPlugin:80 - create IPUIPlugin
2024-11-19 20:48:45,946 [INFO] IPUIPlugin:80 - create IPUIPlugin
2024-11-19 20:48:45,947 [INFO] IPUIPlugin:80 - create IPUIPlugin
2024-11-19 20:48:45,947 [INFO] IPUIPlugin:80 - create IPUIPlugin
2024-11-19 20:48:45,947 [INFO] IPUIPlugin:80 - create IPUIPlugin
2024-11-19 20:48:45,947 [INFO] IPUIPlugin:80 - create IPUIPlugin
2024-11-19 20:48:45,948 [INFO] IPUIPlugin:80 - create IPUIPlugin
2024-11-19 20:48:45,949 [INFO] IPUIPlugin:80 - create IPUIPlugin
2024-11-19 20:48:45,949 [INFO] IPUIPlugin:80 - create IPUIPlugin
2024-11-19 20:48:45,949 [INFO] IPUIPlugin:80 - create IPUIPlugin
2024-11-19 20:48:45,949 [INFO] IPUIPlugin:80 - create IPUIPlugin
2024-11-19 20:48:45,950 [INFO] IPUIPlugin:80 - create IPUIPlugin
2024-11-19 20:48:45,950 [INFO] IPUIPlugin:80 - create IPUIPlugin
2024-11-19 20:48:45,950 [INFO] IPUIPlugin:80 - create IPUIPlugin
2024-11-19 20:48:45,950 [INFO] IPUIPlugin:80 - create IPUIPlugin
2024-11-19 20:48:45,951 [INFO] IPUIPlugin:80 - create IPUIPlugin
2024-11-19 20:48:45,951 [INFO] IPUIPlugin:80 - create IPUIPlugin
2024-11-19 20:48:45,951 [INFO] IPUIPlugin:80 - create IPUIPlugin
2024-11-19 20:48:45,951 [INFO] IPUIPlugin:80 - create IPUIPlugin
2024-11-19 20:48:45,951 [INFO] IPUIPlugin:80 - create IPUIPlugin
2024-11-19 20:48:45,951 [INFO] IPUIPlugin:80 - create IPUIPlugin
2024-11-19 20:48:45,951 [INFO] IPUIPlugin:80 - create IPUIPlugin
2024-11-19 20:48:45,952 [INFO] IPUIPlugin:80 - create IPUIPlugin
2024-11-19 20:48:45,952 [INFO] IPUIPlugin:80 - create IPUIPlugin
2024-11-19 20:48:45,952 [INFO] IPUIPlugin:80 - create IPUIPlugin
2024-11-19 20:48:45,953 [INFO] IPUIPlugin:80 - create IPUIPlugin
2024-11-19 20:48:45,961 [WARN] FreeRTOS:1023 - Null or empty value: should not occur! (nothing added to the table)
2024-11-19 20:48:46,006 [INFO] CADModel:165 - CPN selected for project levelSTM32G474RET6
2024-11-19 20:48:46,006 [INFO] CADModel:114 - Register for checkConnection events
2024-11-19 20:48:46,008 [INFO] RtosManager:697 - Active RTOS found at IOC load: FREERTOS [Cortex-M4NS]
2024-11-19 20:48:46,047 [INFO] OpenFileManager:363 - Restore cursor
2024-11-19 20:48:48,354 [INFO] NvicIntPanel:101 - NVIC parent = com.st.microxplorer.plugins.ip.nvic.MultiNvicIntPanel[,0,0,0x0,invalid,layout=javax.swing.BoxLayout,alignmentX=0.0,alignmentY=0.0,border=,flags=9,maximumSize=,minimumSize=,preferredSize=]
2024-11-19 20:48:50,936 [INFO] NvicIntPanel:101 - NVIC parent = com.st.microxplorer.plugins.ip.nvic.MultiNvicIntPanel[,0,0,0x0,invalid,layout=javax.swing.BoxLayout,alignmentX=0.0,alignmentY=0.0,border=,flags=9,maximumSize=,minimumSize=,preferredSize=]
2024-11-19 20:48:51,043 [INFO] NvicIntPanel:101 - NVIC parent = com.st.microxplorer.plugins.ip.nvic.MultiNvicIntPanel[,0,0,0x0,invalid,layout=javax.swing.BoxLayout,alignmentX=0.0,alignmentY=0.0,border=,flags=9,maximumSize=,minimumSize=,preferredSize=]
2024-11-19 20:48:57,848 [INFO] NvicIntPanel:101 - NVIC parent = com.st.microxplorer.plugins.ip.nvic.MultiNvicIntPanel[,0,0,0x0,invalid,layout=javax.swing.BoxLayout,alignmentX=0.0,alignmentY=0.0,border=,flags=9,maximumSize=,minimumSize=,preferredSize=]
2024-11-19 20:49:01,510 [INFO] NvicIntPanel:101 - NVIC parent = com.st.microxplorer.plugins.ip.nvic.MultiNvicIntPanel[,0,0,0x0,invalid,layout=javax.swing.BoxLayout,alignmentX=0.0,alignmentY=0.0,border=,flags=9,maximumSize=,minimumSize=,preferredSize=]
2024-11-19 20:49:01,650 [INFO] NvicIntPanel:101 - NVIC parent = com.st.microxplorer.plugins.ip.nvic.MultiNvicIntPanel[,0,0,0x0,invalid,layout=javax.swing.BoxLayout,alignmentX=0.0,alignmentY=0.0,border=,flags=9,maximumSize=,minimumSize=,preferredSize=]
2024-11-19 21:05:28,351 [INFO] UtilMem:75 - End SaveConfig() Used Memory: 913506176 Bytes (1073741824)
2024-11-19 21:05:28,688 [INFO] UtilMem:75 - End SaveConfig() Used Memory: 375188296 Bytes (1073741824)
2024-11-19 21:05:28,772 [INFO] BlockDiagram:2766 - set Specific Code input for plugin: FREERTOS
2024-11-19 21:05:28,772 [INFO] BlockDiagram:2766 - set Specific Code input for plugin: IWDG
2024-11-19 21:05:28,772 [INFO] BlockDiagram:2766 - set Specific Code input for plugin: TIM1_8G4
2024-11-19 21:05:28,772 [INFO] BlockDiagram:2766 - set Specific Code input for plugin: SYS
2024-11-19 21:05:28,772 [INFO] BlockDiagram:2766 - set Specific Code input for plugin: RCC
2024-11-19 21:05:28,772 [INFO] BlockDiagram:2766 - set Specific Code input for plugin: LPUART
2024-11-19 21:05:28,772 [INFO] BlockDiagram:2766 - set Specific Code input for plugin: NVIC
2024-11-19 21:05:28,772 [INFO] BlockDiagram:2766 - set Specific Code input for plugin: USART
2024-11-19 21:05:28,772 [INFO] BlockDiagram:2766 - set Specific Code input for plugin: DMA
2024-11-19 21:05:28,772 [INFO] BlockDiagram:2766 - set Specific Code input for plugin: TIM1_8G4
2024-11-19 21:05:28,772 [INFO] BlockDiagram:2766 - set Specific Code input for plugin: GPIO
2024-11-19 21:05:28,772 [INFO] CodeGenerator:807 - code generatio: config db path: /opt/st/stm32cubeide_1.16.1/plugins/com.st.stm32cube.common.mx_6.12.1.202409122256//db/
2024-11-19 21:05:28,777 [INFO] Argument:325 - Argument : hdmavalue: null
2024-11-19 21:05:28,777 [INFO] Argument:327 - 	 sub Args: 
2024-11-19 21:05:28,777 [INFO] Argument:325 - Argument : Instancevalue: DMA1_Channel2
2024-11-19 21:05:28,777 [INFO] Argument:335 - Argument : Instancevalue: DMA1_Channel2
2024-11-19 21:05:28,777 [INFO] Argument:325 - Argument : Initvalue: null
2024-11-19 21:05:28,777 [INFO] Argument:327 - 	 sub Args: 
2024-11-19 21:05:28,777 [INFO] Argument:325 - Argument : Requestvalue: DMA_REQUEST_LPUART1_TX
2024-11-19 21:05:28,777 [INFO] Argument:335 - Argument : Requestvalue: DMA_REQUEST_LPUART1_TX
2024-11-19 21:05:28,777 [INFO] Argument:325 - Argument : Directionvalue: DMA_MEMORY_TO_PERIPH
2024-11-19 21:05:28,777 [INFO] Argument:335 - Argument : Directionvalue: DMA_MEMORY_TO_PERIPH
2024-11-19 21:05:28,777 [INFO] Argument:325 - Argument : PeriphIncvalue: DMA_PINC_DISABLE
2024-11-19 21:05:28,777 [INFO] Argument:335 - Argument : PeriphIncvalue: DMA_PINC_DISABLE
2024-11-19 21:05:28,777 [INFO] Argument:325 - Argument : MemIncvalue: DMA_MINC_ENABLE
2024-11-19 21:05:28,777 [INFO] Argument:335 - Argument : MemIncvalue: DMA_MINC_ENABLE
2024-11-19 21:05:28,777 [INFO] Argument:325 - Argument : PeriphDataAlignmentvalue: DMA_PDATAALIGN_BYTE
2024-11-19 21:05:28,777 [INFO] Argument:335 - Argument : PeriphDataAlignmentvalue: DMA_PDATAALIGN_BYTE
2024-11-19 21:05:28,777 [INFO] Argument:325 - Argument : MemDataAlignmentvalue: DMA_MDATAALIGN_BYTE
2024-11-19 21:05:28,777 [INFO] Argument:335 - Argument : MemDataAlignmentvalue: DMA_MDATAALIGN_BYTE
2024-11-19 21:05:28,777 [INFO] Argument:325 - Argument : Modevalue: DMA_NORMAL
2024-11-19 21:05:28,777 [INFO] Argument:335 - Argument : Modevalue: DMA_NORMAL
2024-11-19 21:05:28,777 [INFO] Argument:325 - Argument : Priorityvalue: DMA_PRIORITY_VERY_HIGH
2024-11-19 21:05:28,777 [INFO] Argument:335 - Argument : Priorityvalue: DMA_PRIORITY_VERY_HIGH
2024-11-19 21:05:28,777 [INFO] Argument:325 - Argument : Lockvalue: null
2024-11-19 21:05:28,777 [INFO] Argument:335 - Argument : Lockvalue: null
2024-11-19 21:05:28,777 [INFO] Argument:325 - Argument : Statevalue: null
2024-11-19 21:05:28,777 [INFO] Argument:335 - Argument : Statevalue: null
2024-11-19 21:05:28,777 [INFO] Argument:325 - Argument : Parentvalue: null
2024-11-19 21:05:28,777 [INFO] Argument:335 - Argument : Parentvalue: null
2024-11-19 21:05:28,777 [INFO] Argument:325 - Argument : XferCpltCallbackvalue: null
2024-11-19 21:05:28,778 [INFO] Argument:335 - Argument : XferCpltCallbackvalue: null
2024-11-19 21:05:28,778 [INFO] Argument:325 - Argument : XferHalfCpltCallbackvalue: null
2024-11-19 21:05:28,778 [INFO] Argument:335 - Argument : XferHalfCpltCallbackvalue: null
2024-11-19 21:05:28,778 [INFO] Argument:325 - Argument : XferErrorCallbackvalue: null
2024-11-19 21:05:28,778 [INFO] Argument:335 - Argument : XferErrorCallbackvalue: null
2024-11-19 21:05:28,778 [INFO] Argument:325 - Argument : XferAbortCallbackvalue: null
2024-11-19 21:05:28,778 [INFO] Argument:335 - Argument : XferAbortCallbackvalue: null
2024-11-19 21:05:28,778 [INFO] Argument:325 - Argument : ErrorCodevalue: null
2024-11-19 21:05:28,778 [INFO] Argument:335 - Argument : ErrorCodevalue: null
2024-11-19 21:05:28,778 [INFO] Argument:325 - Argument : ChannelIndexvalue: null
2024-11-19 21:05:28,778 [INFO] Argument:335 - Argument : ChannelIndexvalue: null
2024-11-19 21:05:28,778 [INFO] Argument:325 - Argument : DMAmuxChannelvalue: null
2024-11-19 21:05:28,778 [INFO] Argument:335 - Argument : DMAmuxChannelvalue: null
2024-11-19 21:05:28,778 [INFO] Argument:325 - Argument : DMAmuxChannelStatusvalue: null
2024-11-19 21:05:28,778 [INFO] Argument:335 - Argument : DMAmuxChannelStatusvalue: null
2024-11-19 21:05:28,778 [INFO] Argument:325 - Argument : DMAmuxChannelStatusMaskvalue: null
2024-11-19 21:05:28,778 [INFO] Argument:335 - Argument : DMAmuxChannelStatusMaskvalue: null
2024-11-19 21:05:28,778 [INFO] Argument:325 - Argument : DMAmuxRequestGenvalue: null
2024-11-19 21:05:28,778 [INFO] Argument:335 - Argument : DMAmuxRequestGenvalue: null
2024-11-19 21:05:28,778 [INFO] Argument:325 - Argument : DMAmuxRequestGenStatusvalue: null
2024-11-19 21:05:28,778 [INFO] Argument:335 - Argument : DMAmuxRequestGenStatusvalue: null
2024-11-19 21:05:28,778 [INFO] Argument:325 - Argument : DMAmuxRequestGenStatusMaskvalue: null
2024-11-19 21:05:28,778 [INFO] Argument:335 - Argument : DMAmuxRequestGenStatusMaskvalue: null
2024-11-19 21:05:28,778 [INFO] Argument:325 - Argument : hdmavalue: null
2024-11-19 21:05:28,778 [INFO] Argument:327 - 	 sub Args: 
2024-11-19 21:05:28,778 [INFO] Argument:325 - Argument : Instancevalue: DMA1_Channel1
2024-11-19 21:05:28,778 [INFO] Argument:335 - Argument : Instancevalue: DMA1_Channel1
2024-11-19 21:05:28,778 [INFO] Argument:325 - Argument : Initvalue: null
2024-11-19 21:05:28,778 [INFO] Argument:327 - 	 sub Args: 
2024-11-19 21:05:28,778 [INFO] Argument:325 - Argument : Requestvalue: DMA_REQUEST_LPUART1_RX
2024-11-19 21:05:28,778 [INFO] Argument:335 - Argument : Requestvalue: DMA_REQUEST_LPUART1_RX
2024-11-19 21:05:28,778 [INFO] Argument:325 - Argument : Directionvalue: DMA_PERIPH_TO_MEMORY
2024-11-19 21:05:28,778 [INFO] Argument:335 - Argument : Directionvalue: DMA_PERIPH_TO_MEMORY
2024-11-19 21:05:28,778 [INFO] Argument:325 - Argument : PeriphIncvalue: DMA_PINC_DISABLE
2024-11-19 21:05:28,778 [INFO] Argument:335 - Argument : PeriphIncvalue: DMA_PINC_DISABLE
2024-11-19 21:05:28,778 [INFO] Argument:325 - Argument : MemIncvalue: DMA_MINC_ENABLE
2024-11-19 21:05:28,778 [INFO] Argument:335 - Argument : MemIncvalue: DMA_MINC_ENABLE
2024-11-19 21:05:28,778 [INFO] Argument:325 - Argument : PeriphDataAlignmentvalue: DMA_PDATAALIGN_BYTE
2024-11-19 21:05:28,778 [INFO] Argument:335 - Argument : PeriphDataAlignmentvalue: DMA_PDATAALIGN_BYTE
2024-11-19 21:05:28,778 [INFO] Argument:325 - Argument : MemDataAlignmentvalue: DMA_MDATAALIGN_BYTE
2024-11-19 21:05:28,778 [INFO] Argument:335 - Argument : MemDataAlignmentvalue: DMA_MDATAALIGN_BYTE
2024-11-19 21:05:28,778 [INFO] Argument:325 - Argument : Modevalue: DMA_CIRCULAR
2024-11-19 21:05:28,778 [INFO] Argument:335 - Argument : Modevalue: DMA_CIRCULAR
2024-11-19 21:05:28,778 [INFO] Argument:325 - Argument : Priorityvalue: DMA_PRIORITY_VERY_HIGH
2024-11-19 21:05:28,778 [INFO] Argument:335 - Argument : Priorityvalue: DMA_PRIORITY_VERY_HIGH
2024-11-19 21:05:28,778 [INFO] Argument:325 - Argument : Lockvalue: null
2024-11-19 21:05:28,778 [INFO] Argument:335 - Argument : Lockvalue: null
2024-11-19 21:05:28,778 [INFO] Argument:325 - Argument : Statevalue: null
2024-11-19 21:05:28,778 [INFO] Argument:335 - Argument : Statevalue: null
2024-11-19 21:05:28,778 [INFO] Argument:325 - Argument : Parentvalue: null
2024-11-19 21:05:28,778 [INFO] Argument:335 - Argument : Parentvalue: null
2024-11-19 21:05:28,778 [INFO] Argument:325 - Argument : XferCpltCallbackvalue: null
2024-11-19 21:05:28,778 [INFO] Argument:335 - Argument : XferCpltCallbackvalue: null
2024-11-19 21:05:28,778 [INFO] Argument:325 - Argument : XferHalfCpltCallbackvalue: null
2024-11-19 21:05:28,778 [INFO] Argument:335 - Argument : XferHalfCpltCallbackvalue: null
2024-11-19 21:05:28,778 [INFO] Argument:325 - Argument : XferErrorCallbackvalue: null
2024-11-19 21:05:28,778 [INFO] Argument:335 - Argument : XferErrorCallbackvalue: null
2024-11-19 21:05:28,778 [INFO] Argument:325 - Argument : XferAbortCallbackvalue: null
2024-11-19 21:05:28,778 [INFO] Argument:335 - Argument : XferAbortCallbackvalue: null
2024-11-19 21:05:28,778 [INFO] Argument:325 - Argument : ErrorCodevalue: null
2024-11-19 21:05:28,778 [INFO] Argument:335 - Argument : ErrorCodevalue: null
2024-11-19 21:05:28,778 [INFO] Argument:325 - Argument : ChannelIndexvalue: null
2024-11-19 21:05:28,778 [INFO] Argument:335 - Argument : ChannelIndexvalue: null
2024-11-19 21:05:28,778 [INFO] Argument:325 - Argument : DMAmuxChannelvalue: null
2024-11-19 21:05:28,778 [INFO] Argument:335 - Argument : DMAmuxChannelvalue: null
2024-11-19 21:05:28,778 [INFO] Argument:325 - Argument : DMAmuxChannelStatusvalue: null
2024-11-19 21:05:28,778 [INFO] Argument:335 - Argument : DMAmuxChannelStatusvalue: null
2024-11-19 21:05:28,778 [INFO] Argument:325 - Argument : DMAmuxChannelStatusMaskvalue: null
2024-11-19 21:05:28,778 [INFO] Argument:335 - Argument : DMAmuxChannelStatusMaskvalue: null
2024-11-19 21:05:28,778 [INFO] Argument:325 - Argument : DMAmuxRequestGenvalue: null
2024-11-19 21:05:28,778 [INFO] Argument:335 - Argument : DMAmuxRequestGenvalue: null
2024-11-19 21:05:28,778 [INFO] Argument:325 - Argument : DMAmuxRequestGenStatusvalue: null
2024-11-19 21:05:28,778 [INFO] Argument:335 - Argument : DMAmuxRequestGenStatusvalue: null
2024-11-19 21:05:28,778 [INFO] Argument:325 - Argument : DMAmuxRequestGenStatusMaskvalue: null
2024-11-19 21:05:28,778 [INFO] Argument:335 - Argument : DMAmuxRequestGenStatusMaskvalue: null
2024-11-19 21:05:28,804 [INFO] Argument:325 - Argument : hdmavalue: null
2024-11-19 21:05:28,805 [INFO] Argument:327 - 	 sub Args: 
2024-11-19 21:05:28,805 [INFO] Argument:325 - Argument : Instancevalue: DMA1_Channel3
2024-11-19 21:05:28,805 [INFO] Argument:335 - Argument : Instancevalue: DMA1_Channel3
2024-11-19 21:05:28,805 [INFO] Argument:325 - Argument : Initvalue: null
2024-11-19 21:05:28,805 [INFO] Argument:327 - 	 sub Args: 
2024-11-19 21:05:28,805 [INFO] Argument:325 - Argument : Requestvalue: DMA_REQUEST_USART1_RX
2024-11-19 21:05:28,805 [INFO] Argument:335 - Argument : Requestvalue: DMA_REQUEST_USART1_RX
2024-11-19 21:05:28,805 [INFO] Argument:325 - Argument : Directionvalue: DMA_PERIPH_TO_MEMORY
2024-11-19 21:05:28,805 [INFO] Argument:335 - Argument : Directionvalue: DMA_PERIPH_TO_MEMORY
2024-11-19 21:05:28,805 [INFO] Argument:325 - Argument : PeriphIncvalue: DMA_PINC_DISABLE
2024-11-19 21:05:28,805 [INFO] Argument:335 - Argument : PeriphIncvalue: DMA_PINC_DISABLE
2024-11-19 21:05:28,805 [INFO] Argument:325 - Argument : MemIncvalue: DMA_MINC_ENABLE
2024-11-19 21:05:28,805 [INFO] Argument:335 - Argument : MemIncvalue: DMA_MINC_ENABLE
2024-11-19 21:05:28,805 [INFO] Argument:325 - Argument : PeriphDataAlignmentvalue: DMA_PDATAALIGN_BYTE
2024-11-19 21:05:28,805 [INFO] Argument:335 - Argument : PeriphDataAlignmentvalue: DMA_PDATAALIGN_BYTE
2024-11-19 21:05:28,805 [INFO] Argument:325 - Argument : MemDataAlignmentvalue: DMA_MDATAALIGN_BYTE
2024-11-19 21:05:28,805 [INFO] Argument:335 - Argument : MemDataAlignmentvalue: DMA_MDATAALIGN_BYTE
2024-11-19 21:05:28,805 [INFO] Argument:325 - Argument : Modevalue: DMA_CIRCULAR
2024-11-19 21:05:28,805 [INFO] Argument:335 - Argument : Modevalue: DMA_CIRCULAR
2024-11-19 21:05:28,805 [INFO] Argument:325 - Argument : Priorityvalue: DMA_PRIORITY_LOW
2024-11-19 21:05:28,805 [INFO] Argument:335 - Argument : Priorityvalue: DMA_PRIORITY_LOW
2024-11-19 21:05:28,805 [INFO] Argument:325 - Argument : Lockvalue: null
2024-11-19 21:05:28,805 [INFO] Argument:335 - Argument : Lockvalue: null
2024-11-19 21:05:28,805 [INFO] Argument:325 - Argument : Statevalue: null
2024-11-19 21:05:28,805 [INFO] Argument:335 - Argument : Statevalue: null
2024-11-19 21:05:28,805 [INFO] Argument:325 - Argument : Parentvalue: null
2024-11-19 21:05:28,805 [INFO] Argument:335 - Argument : Parentvalue: null
2024-11-19 21:05:28,805 [INFO] Argument:325 - Argument : XferCpltCallbackvalue: null
2024-11-19 21:05:28,805 [INFO] Argument:335 - Argument : XferCpltCallbackvalue: null
2024-11-19 21:05:28,805 [INFO] Argument:325 - Argument : XferHalfCpltCallbackvalue: null
2024-11-19 21:05:28,805 [INFO] Argument:335 - Argument : XferHalfCpltCallbackvalue: null
2024-11-19 21:05:28,805 [INFO] Argument:325 - Argument : XferErrorCallbackvalue: null
2024-11-19 21:05:28,805 [INFO] Argument:335 - Argument : XferErrorCallbackvalue: null
2024-11-19 21:05:28,805 [INFO] Argument:325 - Argument : XferAbortCallbackvalue: null
2024-11-19 21:05:28,805 [INFO] Argument:335 - Argument : XferAbortCallbackvalue: null
2024-11-19 21:05:28,805 [INFO] Argument:325 - Argument : ErrorCodevalue: null
2024-11-19 21:05:28,805 [INFO] Argument:335 - Argument : ErrorCodevalue: null
2024-11-19 21:05:28,805 [INFO] Argument:325 - Argument : ChannelIndexvalue: null
2024-11-19 21:05:28,805 [INFO] Argument:335 - Argument : ChannelIndexvalue: null
2024-11-19 21:05:28,805 [INFO] Argument:325 - Argument : DMAmuxChannelvalue: null
2024-11-19 21:05:28,805 [INFO] Argument:335 - Argument : DMAmuxChannelvalue: null
2024-11-19 21:05:28,805 [INFO] Argument:325 - Argument : DMAmuxChannelStatusvalue: null
2024-11-19 21:05:28,805 [INFO] Argument:335 - Argument : DMAmuxChannelStatusvalue: null
2024-11-19 21:05:28,805 [INFO] Argument:325 - Argument : DMAmuxChannelStatusMaskvalue: null
2024-11-19 21:05:28,805 [INFO] Argument:335 - Argument : DMAmuxChannelStatusMaskvalue: null
2024-11-19 21:05:28,805 [INFO] Argument:325 - Argument : DMAmuxRequestGenvalue: null
2024-11-19 21:05:28,805 [INFO] Argument:335 - Argument : DMAmuxRequestGenvalue: null
2024-11-19 21:05:28,805 [INFO] Argument:325 - Argument : DMAmuxRequestGenStatusvalue: null
2024-11-19 21:05:28,805 [INFO] Argument:335 - Argument : DMAmuxRequestGenStatusvalue: null
2024-11-19 21:05:28,805 [INFO] Argument:325 - Argument : DMAmuxRequestGenStatusMaskvalue: null
2024-11-19 21:05:28,805 [INFO] Argument:335 - Argument : DMAmuxRequestGenStatusMaskvalue: null
2024-11-19 21:05:28,805 [INFO] Argument:325 - Argument : hdmavalue: null
2024-11-19 21:05:28,805 [INFO] Argument:327 - 	 sub Args: 
2024-11-19 21:05:28,805 [INFO] Argument:325 - Argument : Instancevalue: DMA1_Channel4
2024-11-19 21:05:28,805 [INFO] Argument:335 - Argument : Instancevalue: DMA1_Channel4
2024-11-19 21:05:28,805 [INFO] Argument:325 - Argument : Initvalue: null
2024-11-19 21:05:28,805 [INFO] Argument:327 - 	 sub Args: 
2024-11-19 21:05:28,805 [INFO] Argument:325 - Argument : Requestvalue: DMA_REQUEST_USART1_TX
2024-11-19 21:05:28,805 [INFO] Argument:335 - Argument : Requestvalue: DMA_REQUEST_USART1_TX
2024-11-19 21:05:28,805 [INFO] Argument:325 - Argument : Directionvalue: DMA_MEMORY_TO_PERIPH
2024-11-19 21:05:28,805 [INFO] Argument:335 - Argument : Directionvalue: DMA_MEMORY_TO_PERIPH
2024-11-19 21:05:28,805 [INFO] Argument:325 - Argument : PeriphIncvalue: DMA_PINC_DISABLE
2024-11-19 21:05:28,805 [INFO] Argument:335 - Argument : PeriphIncvalue: DMA_PINC_DISABLE
2024-11-19 21:05:28,805 [INFO] Argument:325 - Argument : MemIncvalue: DMA_MINC_ENABLE
2024-11-19 21:05:28,805 [INFO] Argument:335 - Argument : MemIncvalue: DMA_MINC_ENABLE
2024-11-19 21:05:28,805 [INFO] Argument:325 - Argument : PeriphDataAlignmentvalue: DMA_PDATAALIGN_BYTE
2024-11-19 21:05:28,805 [INFO] Argument:335 - Argument : PeriphDataAlignmentvalue: DMA_PDATAALIGN_BYTE
2024-11-19 21:05:28,805 [INFO] Argument:325 - Argument : MemDataAlignmentvalue: DMA_MDATAALIGN_BYTE
2024-11-19 21:05:28,805 [INFO] Argument:335 - Argument : MemDataAlignmentvalue: DMA_MDATAALIGN_BYTE
2024-11-19 21:05:28,805 [INFO] Argument:325 - Argument : Modevalue: DMA_NORMAL
2024-11-19 21:05:28,805 [INFO] Argument:335 - Argument : Modevalue: DMA_NORMAL
2024-11-19 21:05:28,805 [INFO] Argument:325 - Argument : Priorityvalue: DMA_PRIORITY_LOW
2024-11-19 21:05:28,805 [INFO] Argument:335 - Argument : Priorityvalue: DMA_PRIORITY_LOW
2024-11-19 21:05:28,805 [INFO] Argument:325 - Argument : Lockvalue: null
2024-11-19 21:05:28,805 [INFO] Argument:335 - Argument : Lockvalue: null
2024-11-19 21:05:28,805 [INFO] Argument:325 - Argument : Statevalue: null
2024-11-19 21:05:28,805 [INFO] Argument:335 - Argument : Statevalue: null
2024-11-19 21:05:28,805 [INFO] Argument:325 - Argument : Parentvalue: null
2024-11-19 21:05:28,805 [INFO] Argument:335 - Argument : Parentvalue: null
2024-11-19 21:05:28,805 [INFO] Argument:325 - Argument : XferCpltCallbackvalue: null
2024-11-19 21:05:28,805 [INFO] Argument:335 - Argument : XferCpltCallbackvalue: null
2024-11-19 21:05:28,805 [INFO] Argument:325 - Argument : XferHalfCpltCallbackvalue: null
2024-11-19 21:05:28,805 [INFO] Argument:335 - Argument : XferHalfCpltCallbackvalue: null
2024-11-19 21:05:28,805 [INFO] Argument:325 - Argument : XferErrorCallbackvalue: null
2024-11-19 21:05:28,805 [INFO] Argument:335 - Argument : XferErrorCallbackvalue: null
2024-11-19 21:05:28,805 [INFO] Argument:325 - Argument : XferAbortCallbackvalue: null
2024-11-19 21:05:28,806 [INFO] Argument:335 - Argument : XferAbortCallbackvalue: null
2024-11-19 21:05:28,806 [INFO] Argument:325 - Argument : ErrorCodevalue: null
2024-11-19 21:05:28,806 [INFO] Argument:335 - Argument : ErrorCodevalue: null
2024-11-19 21:05:28,806 [INFO] Argument:325 - Argument : ChannelIndexvalue: null
2024-11-19 21:05:28,806 [INFO] Argument:335 - Argument : ChannelIndexvalue: null
2024-11-19 21:05:28,806 [INFO] Argument:325 - Argument : DMAmuxChannelvalue: null
2024-11-19 21:05:28,806 [INFO] Argument:335 - Argument : DMAmuxChannelvalue: null
2024-11-19 21:05:28,806 [INFO] Argument:325 - Argument : DMAmuxChannelStatusvalue: null
2024-11-19 21:05:28,806 [INFO] Argument:335 - Argument : DMAmuxChannelStatusvalue: null
2024-11-19 21:05:28,806 [INFO] Argument:325 - Argument : DMAmuxChannelStatusMaskvalue: null
2024-11-19 21:05:28,806 [INFO] Argument:335 - Argument : DMAmuxChannelStatusMaskvalue: null
2024-11-19 21:05:28,806 [INFO] Argument:325 - Argument : DMAmuxRequestGenvalue: null
2024-11-19 21:05:28,806 [INFO] Argument:335 - Argument : DMAmuxRequestGenvalue: null
2024-11-19 21:05:28,806 [INFO] Argument:325 - Argument : DMAmuxRequestGenStatusvalue: null
2024-11-19 21:05:28,806 [INFO] Argument:335 - Argument : DMAmuxRequestGenStatusvalue: null
2024-11-19 21:05:28,806 [INFO] Argument:325 - Argument : DMAmuxRequestGenStatusMaskvalue: null
2024-11-19 21:05:28,806 [INFO] Argument:335 - Argument : DMAmuxRequestGenStatusMaskvalue: null
2024-11-19 21:05:28,907 [INFO] CodeEngine:255 - oldGeneratedFile, /home/kireiji/Documents/GitHub/CARVER/AMT212E-V/AMT212E-V/AMT212E-V_Micro-ROS/firmware/AMT212E-V_Micro-ROS_USB/MXTmpFiles/license.tmp_save
2024-11-19 21:05:28,969 [INFO] CodeEngine:279 - Generated code: /home/kireiji/Documents/GitHub/CARVER/AMT212E-V/AMT212E-V/AMT212E-V_Micro-ROS/firmware/AMT212E-V_Micro-ROS_USB/MXTmpFiles/license.tmp
2024-11-19 21:05:28,998 [INFO] CodeEngine:255 - oldGeneratedFile, /home/kireiji/Documents/GitHub/CARVER/AMT212E-V/AMT212E-V/AMT212E-V_Micro-ROS/firmware/AMT212E-V_Micro-ROS_USB/Core/Src/gpio.c_save
2024-11-19 21:05:29,042 [INFO] CodeEngine:279 - Generated code: /home/kireiji/Documents/GitHub/CARVER/AMT212E-V/AMT212E-V/AMT212E-V_Micro-ROS/firmware/AMT212E-V_Micro-ROS_USB/Core/Src/gpio.c
2024-11-19 21:05:29,043 [INFO] CodeEngine:255 - oldGeneratedFile, /home/kireiji/Documents/GitHub/CARVER/AMT212E-V/AMT212E-V/AMT212E-V_Micro-ROS/firmware/AMT212E-V_Micro-ROS_USB/Core/Inc/gpio.h_save
2024-11-19 21:05:29,079 [INFO] CodeEngine:279 - Generated code: /home/kireiji/Documents/GitHub/CARVER/AMT212E-V/AMT212E-V/AMT212E-V_Micro-ROS/firmware/AMT212E-V_Micro-ROS_USB/Core/Inc/gpio.h
2024-11-19 21:05:29,637 [INFO] Middleware:1439 - No code input for Bsp Dependency
2024-11-19 21:05:29,638 [INFO] CodeEngine:255 - oldGeneratedFile, /home/kireiji/Documents/GitHub/CARVER/AMT212E-V/AMT212E-V/AMT212E-V_Micro-ROS/firmware/AMT212E-V_Micro-ROS_USB/MXTmpFiles/rtos_inc.tmp_save
2024-11-19 21:05:29,671 [INFO] CodeEngine:279 - Generated code: /home/kireiji/Documents/GitHub/CARVER/AMT212E-V/AMT212E-V/AMT212E-V_Micro-ROS/firmware/AMT212E-V_Micro-ROS_USB/MXTmpFiles/rtos_inc.tmp
2024-11-19 21:05:29,672 [INFO] CodeEngine:255 - oldGeneratedFile, /home/kireiji/Documents/GitHub/CARVER/AMT212E-V/AMT212E-V/AMT212E-V_Micro-ROS/firmware/AMT212E-V_Micro-ROS_USB/MXTmpFiles/rtos_kernelInit.tmp_save
2024-11-19 21:05:29,704 [INFO] CodeEngine:279 - Generated code: /home/kireiji/Documents/GitHub/CARVER/AMT212E-V/AMT212E-V/AMT212E-V_Micro-ROS/firmware/AMT212E-V_Micro-ROS_USB/MXTmpFiles/rtos_kernelInit.tmp
2024-11-19 21:05:29,705 [INFO] CodeEngine:255 - oldGeneratedFile, /home/kireiji/Documents/GitHub/CARVER/AMT212E-V/AMT212E-V/AMT212E-V_Micro-ROS/firmware/AMT212E-V_Micro-ROS_USB/MXTmpFiles/rtos_kernelStart.tmp_save
2024-11-19 21:05:29,737 [INFO] CodeEngine:279 - Generated code: /home/kireiji/Documents/GitHub/CARVER/AMT212E-V/AMT212E-V/AMT212E-V_Micro-ROS/firmware/AMT212E-V_Micro-ROS_USB/MXTmpFiles/rtos_kernelStart.tmp
2024-11-19 21:05:29,738 [INFO] CodeEngine:255 - oldGeneratedFile, /home/kireiji/Documents/GitHub/CARVER/AMT212E-V/AMT212E-V/AMT212E-V_Micro-ROS/firmware/AMT212E-V_Micro-ROS_USB/MXTmpFiles/rtos_typedefs.tmp_save
2024-11-19 21:05:29,771 [INFO] CodeEngine:279 - Generated code: /home/kireiji/Documents/GitHub/CARVER/AMT212E-V/AMT212E-V/AMT212E-V_Micro-ROS/firmware/AMT212E-V_Micro-ROS_USB/MXTmpFiles/rtos_typedefs.tmp
2024-11-19 21:05:29,772 [INFO] CodeEngine:255 - oldGeneratedFile, /home/kireiji/Documents/GitHub/CARVER/AMT212E-V/AMT212E-V/AMT212E-V_Micro-ROS/firmware/AMT212E-V_Micro-ROS_USB/MXTmpFiles/rtos_vars.tmp_save
2024-11-19 21:05:29,806 [INFO] CodeEngine:279 - Generated code: /home/kireiji/Documents/GitHub/CARVER/AMT212E-V/AMT212E-V/AMT212E-V_Micro-ROS/firmware/AMT212E-V_Micro-ROS_USB/MXTmpFiles/rtos_vars.tmp
2024-11-19 21:05:29,806 [INFO] CodeEngine:255 - oldGeneratedFile, /home/kireiji/Documents/GitHub/CARVER/AMT212E-V/AMT212E-V/AMT212E-V_Micro-ROS/firmware/AMT212E-V_Micro-ROS_USB/MXTmpFiles/rtos_pfp.tmp_save
2024-11-19 21:05:29,838 [INFO] CodeEngine:279 - Generated code: /home/kireiji/Documents/GitHub/CARVER/AMT212E-V/AMT212E-V/AMT212E-V_Micro-ROS/firmware/AMT212E-V_Micro-ROS_USB/MXTmpFiles/rtos_pfp.tmp
2024-11-19 21:05:29,839 [INFO] CodeEngine:255 - oldGeneratedFile, /home/kireiji/Documents/GitHub/CARVER/AMT212E-V/AMT212E-V/AMT212E-V_Micro-ROS/firmware/AMT212E-V_Micro-ROS_USB/MXTmpFiles/rtos_obj_creat.tmp_save
2024-11-19 21:05:29,872 [INFO] CodeEngine:279 - Generated code: /home/kireiji/Documents/GitHub/CARVER/AMT212E-V/AMT212E-V/AMT212E-V_Micro-ROS/firmware/AMT212E-V_Micro-ROS_USB/MXTmpFiles/rtos_obj_creat.tmp
2024-11-19 21:05:29,873 [INFO] CodeEngine:255 - oldGeneratedFile, /home/kireiji/Documents/GitHub/CARVER/AMT212E-V/AMT212E-V/AMT212E-V_Micro-ROS/firmware/AMT212E-V_Micro-ROS_USB/MXTmpFiles/rtos_default_thread.tmp_save
2024-11-19 21:05:29,905 [INFO] CodeEngine:279 - Generated code: /home/kireiji/Documents/GitHub/CARVER/AMT212E-V/AMT212E-V/AMT212E-V_Micro-ROS/firmware/AMT212E-V_Micro-ROS_USB/MXTmpFiles/rtos_default_thread.tmp
2024-11-19 21:05:29,906 [INFO] CodeEngine:255 - oldGeneratedFile, /home/kireiji/Documents/GitHub/CARVER/AMT212E-V/AMT212E-V/AMT212E-V_Micro-ROS/firmware/AMT212E-V_Micro-ROS_USB/MXTmpFiles/rtos_threads.tmp_save
2024-11-19 21:05:29,938 [INFO] CodeEngine:279 - Generated code: /home/kireiji/Documents/GitHub/CARVER/AMT212E-V/AMT212E-V/AMT212E-V_Micro-ROS/firmware/AMT212E-V_Micro-ROS_USB/MXTmpFiles/rtos_threads.tmp
2024-11-19 21:05:29,944 [INFO] Middleware:1439 - No code input for Bsp Dependency
2024-11-19 21:05:29,945 [INFO] CodeEngine:255 - oldGeneratedFile, /home/kireiji/Documents/GitHub/CARVER/AMT212E-V/AMT212E-V/AMT212E-V_Micro-ROS/firmware/AMT212E-V_Micro-ROS_USB/MXTmpFiles/rtos_inc.tmp_save
2024-11-19 21:05:29,977 [INFO] CodeEngine:279 - Generated code: /home/kireiji/Documents/GitHub/CARVER/AMT212E-V/AMT212E-V/AMT212E-V_Micro-ROS/firmware/AMT212E-V_Micro-ROS_USB/MXTmpFiles/rtos_inc.tmp
2024-11-19 21:05:29,978 [INFO] CodeEngine:255 - oldGeneratedFile, /home/kireiji/Documents/GitHub/CARVER/AMT212E-V/AMT212E-V/AMT212E-V_Micro-ROS/firmware/AMT212E-V_Micro-ROS_USB/MXTmpFiles/rtos_kernelInit.tmp_save
2024-11-19 21:05:30,009 [INFO] CodeEngine:279 - Generated code: /home/kireiji/Documents/GitHub/CARVER/AMT212E-V/AMT212E-V/AMT212E-V_Micro-ROS/firmware/AMT212E-V_Micro-ROS_USB/MXTmpFiles/rtos_kernelInit.tmp
2024-11-19 21:05:30,010 [INFO] CodeEngine:255 - oldGeneratedFile, /home/kireiji/Documents/GitHub/CARVER/AMT212E-V/AMT212E-V/AMT212E-V_Micro-ROS/firmware/AMT212E-V_Micro-ROS_USB/MXTmpFiles/rtos_kernelStart.tmp_save
2024-11-19 21:05:30,042 [INFO] CodeEngine:279 - Generated code: /home/kireiji/Documents/GitHub/CARVER/AMT212E-V/AMT212E-V/AMT212E-V_Micro-ROS/firmware/AMT212E-V_Micro-ROS_USB/MXTmpFiles/rtos_kernelStart.tmp
2024-11-19 21:05:30,043 [INFO] CodeEngine:255 - oldGeneratedFile, /home/kireiji/Documents/GitHub/CARVER/AMT212E-V/AMT212E-V/AMT212E-V_Micro-ROS/firmware/AMT212E-V_Micro-ROS_USB/MXTmpFiles/rtos_typedefs.tmp_save
2024-11-19 21:05:30,076 [INFO] CodeEngine:279 - Generated code: /home/kireiji/Documents/GitHub/CARVER/AMT212E-V/AMT212E-V/AMT212E-V_Micro-ROS/firmware/AMT212E-V_Micro-ROS_USB/MXTmpFiles/rtos_typedefs.tmp
2024-11-19 21:05:30,077 [INFO] CodeEngine:255 - oldGeneratedFile, /home/kireiji/Documents/GitHub/CARVER/AMT212E-V/AMT212E-V/AMT212E-V_Micro-ROS/firmware/AMT212E-V_Micro-ROS_USB/MXTmpFiles/rtos_vars.tmp_save
2024-11-19 21:05:30,111 [INFO] CodeEngine:279 - Generated code: /home/kireiji/Documents/GitHub/CARVER/AMT212E-V/AMT212E-V/AMT212E-V_Micro-ROS/firmware/AMT212E-V_Micro-ROS_USB/MXTmpFiles/rtos_vars.tmp
2024-11-19 21:05:30,111 [INFO] CodeEngine:255 - oldGeneratedFile, /home/kireiji/Documents/GitHub/CARVER/AMT212E-V/AMT212E-V/AMT212E-V_Micro-ROS/firmware/AMT212E-V_Micro-ROS_USB/MXTmpFiles/rtos_pfp.tmp_save
2024-11-19 21:05:30,143 [INFO] CodeEngine:279 - Generated code: /home/kireiji/Documents/GitHub/CARVER/AMT212E-V/AMT212E-V/AMT212E-V_Micro-ROS/firmware/AMT212E-V_Micro-ROS_USB/MXTmpFiles/rtos_pfp.tmp
2024-11-19 21:05:30,144 [INFO] CodeEngine:255 - oldGeneratedFile, /home/kireiji/Documents/GitHub/CARVER/AMT212E-V/AMT212E-V/AMT212E-V_Micro-ROS/firmware/AMT212E-V_Micro-ROS_USB/MXTmpFiles/rtos_obj_creat.tmp_save
2024-11-19 21:05:30,178 [INFO] CodeEngine:279 - Generated code: /home/kireiji/Documents/GitHub/CARVER/AMT212E-V/AMT212E-V/AMT212E-V_Micro-ROS/firmware/AMT212E-V_Micro-ROS_USB/MXTmpFiles/rtos_obj_creat.tmp
2024-11-19 21:05:30,178 [INFO] CodeEngine:255 - oldGeneratedFile, /home/kireiji/Documents/GitHub/CARVER/AMT212E-V/AMT212E-V/AMT212E-V_Micro-ROS/firmware/AMT212E-V_Micro-ROS_USB/MXTmpFiles/rtos_default_thread.tmp_save
2024-11-19 21:05:30,210 [INFO] CodeEngine:279 - Generated code: /home/kireiji/Documents/GitHub/CARVER/AMT212E-V/AMT212E-V/AMT212E-V_Micro-ROS/firmware/AMT212E-V_Micro-ROS_USB/MXTmpFiles/rtos_default_thread.tmp
2024-11-19 21:05:30,211 [INFO] CodeEngine:255 - oldGeneratedFile, /home/kireiji/Documents/GitHub/CARVER/AMT212E-V/AMT212E-V/AMT212E-V_Micro-ROS/firmware/AMT212E-V_Micro-ROS_USB/MXTmpFiles/rtos_threads.tmp_save
2024-11-19 21:05:30,243 [INFO] CodeEngine:279 - Generated code: /home/kireiji/Documents/GitHub/CARVER/AMT212E-V/AMT212E-V/AMT212E-V_Micro-ROS/firmware/AMT212E-V_Micro-ROS_USB/MXTmpFiles/rtos_threads.tmp
2024-11-19 21:05:30,244 [INFO] CodeEngine:255 - oldGeneratedFile, /home/kireiji/Documents/GitHub/CARVER/AMT212E-V/AMT212E-V/AMT212E-V_Micro-ROS/firmware/AMT212E-V_Micro-ROS_USB/Core/Inc/FreeRTOSConfig.h_save
2024-11-19 21:05:30,290 [INFO] CodeEngine:279 - Generated code: /home/kireiji/Documents/GitHub/CARVER/AMT212E-V/AMT212E-V/AMT212E-V_Micro-ROS/firmware/AMT212E-V_Micro-ROS_USB/Core/Inc/FreeRTOSConfig.h
2024-11-19 21:05:30,291 [INFO] CodeEngine:255 - oldGeneratedFile, /home/kireiji/Documents/GitHub/CARVER/AMT212E-V/AMT212E-V/AMT212E-V_Micro-ROS/firmware/AMT212E-V_Micro-ROS_USB/Core/Src/app_freertos.c_save
2024-11-19 21:05:30,329 [INFO] CodeEngine:279 - Generated code: /home/kireiji/Documents/GitHub/CARVER/AMT212E-V/AMT212E-V/AMT212E-V_Micro-ROS/firmware/AMT212E-V_Micro-ROS_USB/Core/Src/app_freertos.c
2024-11-19 21:05:30,406 [INFO] CodeEngine:255 - oldGeneratedFile, /home/kireiji/Documents/GitHub/CARVER/AMT212E-V/AMT212E-V/AMT212E-V_Micro-ROS/firmware/AMT212E-V_Micro-ROS_USB/Core/Src/dma.c_save
2024-11-19 21:05:30,439 [INFO] CodeEngine:279 - Generated code: /home/kireiji/Documents/GitHub/CARVER/AMT212E-V/AMT212E-V/AMT212E-V_Micro-ROS/firmware/AMT212E-V_Micro-ROS_USB/Core/Src/dma.c
2024-11-19 21:05:30,440 [INFO] CodeEngine:255 - oldGeneratedFile, /home/kireiji/Documents/GitHub/CARVER/AMT212E-V/AMT212E-V/AMT212E-V_Micro-ROS/firmware/AMT212E-V_Micro-ROS_USB/Core/Inc/dma.h_save
2024-11-19 21:05:30,472 [INFO] CodeEngine:279 - Generated code: /home/kireiji/Documents/GitHub/CARVER/AMT212E-V/AMT212E-V/AMT212E-V_Micro-ROS/firmware/AMT212E-V_Micro-ROS_USB/Core/Inc/dma.h
2024-11-19 21:05:30,474 [INFO] CodeEngine:255 - oldGeneratedFile, /home/kireiji/Documents/GitHub/CARVER/AMT212E-V/AMT212E-V/AMT212E-V_Micro-ROS/firmware/AMT212E-V_Micro-ROS_USB/Core/Src/iwdg.c_save
2024-11-19 21:05:30,528 [INFO] CodeEngine:279 - Generated code: /home/kireiji/Documents/GitHub/CARVER/AMT212E-V/AMT212E-V/AMT212E-V_Micro-ROS/firmware/AMT212E-V_Micro-ROS_USB/Core/Src/iwdg.c
2024-11-19 21:05:30,529 [INFO] CodeEngine:255 - oldGeneratedFile, /home/kireiji/Documents/GitHub/CARVER/AMT212E-V/AMT212E-V/AMT212E-V_Micro-ROS/firmware/AMT212E-V_Micro-ROS_USB/Core/Inc/iwdg.h_save
2024-11-19 21:05:30,563 [INFO] CodeEngine:279 - Generated code: /home/kireiji/Documents/GitHub/CARVER/AMT212E-V/AMT212E-V/AMT212E-V_Micro-ROS/firmware/AMT212E-V_Micro-ROS_USB/Core/Inc/iwdg.h
2024-11-19 21:05:30,565 [INFO] CodeEngine:255 - oldGeneratedFile, /home/kireiji/Documents/GitHub/CARVER/AMT212E-V/AMT212E-V/AMT212E-V_Micro-ROS/firmware/AMT212E-V_Micro-ROS_USB/Core/Src/usart.c_save
2024-11-19 21:05:30,620 [INFO] CodeEngine:279 - Generated code: /home/kireiji/Documents/GitHub/CARVER/AMT212E-V/AMT212E-V/AMT212E-V_Micro-ROS/firmware/AMT212E-V_Micro-ROS_USB/Core/Src/usart.c
2024-11-19 21:05:30,621 [INFO] CodeEngine:255 - oldGeneratedFile, /home/kireiji/Documents/GitHub/CARVER/AMT212E-V/AMT212E-V/AMT212E-V_Micro-ROS/firmware/AMT212E-V_Micro-ROS_USB/Core/Inc/usart.h_save
2024-11-19 21:05:30,658 [INFO] CodeEngine:279 - Generated code: /home/kireiji/Documents/GitHub/CARVER/AMT212E-V/AMT212E-V/AMT212E-V_Micro-ROS/firmware/AMT212E-V_Micro-ROS_USB/Core/Inc/usart.h
2024-11-19 21:05:30,660 [INFO] CodeEngine:255 - oldGeneratedFile, /home/kireiji/Documents/GitHub/CARVER/AMT212E-V/AMT212E-V/AMT212E-V_Micro-ROS/firmware/AMT212E-V_Micro-ROS_USB/Core/Src/tim.c_save
2024-11-19 21:05:30,712 [INFO] CodeEngine:279 - Generated code: /home/kireiji/Documents/GitHub/CARVER/AMT212E-V/AMT212E-V/AMT212E-V_Micro-ROS/firmware/AMT212E-V_Micro-ROS_USB/Core/Src/tim.c
2024-11-19 21:05:30,713 [INFO] CodeEngine:255 - oldGeneratedFile, /home/kireiji/Documents/GitHub/CARVER/AMT212E-V/AMT212E-V/AMT212E-V_Micro-ROS/firmware/AMT212E-V_Micro-ROS_USB/Core/Inc/tim.h_save
2024-11-19 21:05:30,746 [INFO] CodeEngine:279 - Generated code: /home/kireiji/Documents/GitHub/CARVER/AMT212E-V/AMT212E-V/AMT212E-V_Micro-ROS/firmware/AMT212E-V_Micro-ROS_USB/Core/Inc/tim.h
2024-11-19 21:05:30,753 [INFO] CodeEngine:255 - oldGeneratedFile, /home/kireiji/Documents/GitHub/CARVER/AMT212E-V/AMT212E-V/AMT212E-V_Micro-ROS/firmware/AMT212E-V_Micro-ROS_USB/Core/Src/stm32g4xx_it.c_save
2024-11-19 21:05:30,832 [INFO] CodeEngine:279 - Generated code: /home/kireiji/Documents/GitHub/CARVER/AMT212E-V/AMT212E-V/AMT212E-V_Micro-ROS/firmware/AMT212E-V_Micro-ROS_USB/Core/Src/stm32g4xx_it.c
2024-11-19 21:05:30,833 [INFO] CodeEngine:255 - oldGeneratedFile, /home/kireiji/Documents/GitHub/CARVER/AMT212E-V/AMT212E-V/AMT212E-V_Micro-ROS/firmware/AMT212E-V_Micro-ROS_USB/Core/Inc/stm32g4xx_it.h_save
2024-11-19 21:05:30,866 [INFO] CodeEngine:279 - Generated code: /home/kireiji/Documents/GitHub/CARVER/AMT212E-V/AMT212E-V/AMT212E-V_Micro-ROS/firmware/AMT212E-V_Micro-ROS_USB/Core/Inc/stm32g4xx_it.h
2024-11-19 21:05:30,874 [INFO] CodeEngine:255 - oldGeneratedFile, /home/kireiji/Documents/GitHub/CARVER/AMT212E-V/AMT212E-V/AMT212E-V_Micro-ROS/firmware/AMT212E-V_Micro-ROS_USB/Core/Src/stm32g4xx_hal_msp.c_save
2024-11-19 21:05:30,924 [INFO] CodeEngine:279 - Generated code: /home/kireiji/Documents/GitHub/CARVER/AMT212E-V/AMT212E-V/AMT212E-V_Micro-ROS/firmware/AMT212E-V_Micro-ROS_USB/Core/Src/stm32g4xx_hal_msp.c
2024-11-19 21:05:30,925 [INFO] CodeEngine:255 - oldGeneratedFile, /home/kireiji/Documents/GitHub/CARVER/AMT212E-V/AMT212E-V/AMT212E-V_Micro-ROS/firmware/AMT212E-V_Micro-ROS_USB/MXTmpFiles/system.tmp_save
2024-11-19 21:05:30,957 [INFO] CodeEngine:279 - Generated code: /home/kireiji/Documents/GitHub/CARVER/AMT212E-V/AMT212E-V/AMT212E-V_Micro-ROS/firmware/AMT212E-V_Micro-ROS_USB/MXTmpFiles/system.tmp
2024-11-19 21:05:30,958 [INFO] CodeEngine:255 - oldGeneratedFile, /home/kireiji/Documents/GitHub/CARVER/AMT212E-V/AMT212E-V/AMT212E-V_Micro-ROS/firmware/AMT212E-V_Micro-ROS_USB/Core/Src/stm32g4xx_hal_timebase_tim.c_save
2024-11-19 21:05:30,995 [INFO] CodeEngine:279 - Generated code: /home/kireiji/Documents/GitHub/CARVER/AMT212E-V/AMT212E-V/AMT212E-V_Micro-ROS/firmware/AMT212E-V_Micro-ROS_USB/Core/Src/stm32g4xx_hal_timebase_tim.c
2024-11-19 21:05:30,997 [INFO] CodeEngine:311 - oldGeneratedFile, /home/kireiji/Documents/GitHub/CARVER/AMT212E-V/AMT212E-V/AMT212E-V_Micro-ROS/firmware/AMT212E-V_Micro-ROS_USB/Core/Inc/stm32g4xx_hal_conf.h_save
2024-11-19 21:05:31,033 [INFO] CodeEngine:335 - Generated code: /home/kireiji/Documents/GitHub/CARVER/AMT212E-V/AMT212E-V/AMT212E-V_Micro-ROS/firmware/AMT212E-V_Micro-ROS_USB/Core/Inc/stm32g4xx_hal_conf.h
2024-11-19 21:05:31,040 [WARN] IPConfigManager:3005 - Warning: the RefConfig RCC_CommonPeriphClockConfig is not available in your config.xml file
2024-11-19 21:05:31,046 [INFO] CodeEngine:255 - oldGeneratedFile, /home/kireiji/Documents/GitHub/CARVER/AMT212E-V/AMT212E-V/AMT212E-V_Micro-ROS/firmware/AMT212E-V_Micro-ROS_USB/Core/Inc/main.h_save
2024-11-19 21:05:31,092 [INFO] CodeEngine:279 - Generated code: /home/kireiji/Documents/GitHub/CARVER/AMT212E-V/AMT212E-V/AMT212E-V_Micro-ROS/firmware/AMT212E-V_Micro-ROS_USB/Core/Inc/main.h
2024-11-19 21:05:31,093 [INFO] CodeEngine:255 - oldGeneratedFile, /home/kireiji/Documents/GitHub/CARVER/AMT212E-V/AMT212E-V/AMT212E-V_Micro-ROS/firmware/AMT212E-V_Micro-ROS_USB/Core/Src/main.c_save
2024-11-19 21:05:31,141 [INFO] CodeEngine:279 - Generated code: /home/kireiji/Documents/GitHub/CARVER/AMT212E-V/AMT212E-V/AMT212E-V_Micro-ROS/firmware/AMT212E-V_Micro-ROS_USB/Core/Src/main.c
2024-11-19 21:05:31,281 [INFO] ProjectBuilder:3249 - Time for Copy HAL[1] : 15mS.
2024-11-19 21:05:31,282 [INFO] ProjectBuilder:4828 - Project Generator version: 4.5.0-B34
2024-11-19 21:05:31,333 [INFO] ConfigFileManager:1531 - The Die is : DIE469
2024-11-19 21:05:31,334 [INFO] ApiDbMcu:508 - Load IP Config File for FATFS
2024-11-19 21:05:31,336 [INFO] ApiDbMcu:508 - Load IP Config File for USBPD
2024-11-19 21:05:31,338 [INFO] ApiDbMcu:508 - Load IP Config File for USB_Device
2024-11-19 21:05:31,812 [INFO] ProjectBuilder:5097 - Time for Generating toolchain IDE Files: 530mS.
2024-11-19 21:05:31,812 [INFO] ProjectBuilder:3107 - Time for Copy CMSIS : 0mS.
2024-11-19 21:05:31,813 [INFO] ProjectBuilder:3107 - Time for Copy CMSIS : 0mS.
2024-11-19 22:56:56,826 [INFO] WebApp:189 - Connection lost
2024-11-19 22:56:57,015 [INFO] WebApp:186 - Connection restablished
2024-11-19 22:57:08,244 [INFO] WebApp:189 - Connection lost
2024-11-19 22:57:08,365 [INFO] WebApp:186 - Connection restablished
2024-11-19 22:57:32,204 [INFO] WebApp:189 - Connection lost
2024-11-19 22:57:32,321 [INFO] WebApp:186 - Connection restablished
2024-11-19 22:58:51,609 [INFO] WebApp:189 - Connection lost
2024-11-19 22:58:51,736 [INFO] WebApp:186 - Connection restablished
2024-11-19 23:01:53,591 [INFO] WebApp:189 - Connection lost
2024-11-19 23:01:53,708 [INFO] WebApp:186 - Connection restablished
2024-11-19 23:04:36,679 [INFO] WebApp:189 - Connection lost
2024-11-19 23:04:36,804 [INFO] WebApp:186 - Connection restablished
2024-11-19 23:08:08,605 [INFO] WebApp:189 - Connection lost
2024-11-19 23:08:08,728 [INFO] WebApp:186 - Connection restablished
2024-11-19 23:09:55,593 [INFO] MainUpdater:2873 - connection check result : 10
2024-11-19 23:09:55,594 [INFO] MainUpdater:2873 - connection check result : 10
2024-11-19 23:09:55,637 [INFO] MicroXplorer:468 - Change Database Path : 
2024-11-19 23:09:55,637 [INFO] MicroXplorer:498 - Change Database Version : DB.6.0.121
2024-11-19 23:09:55,644 [ERROR] ProjectManagerView:394 - 
java.lang.NullPointerException: Cannot invoke "javax.swing.JTextField.getText()" because the return value of "java.util.List.get(int)" is null
	at com.st.microxplorer.plugins.projectmanager.gui.ProjectChoiceTab$10.caretUpdate(ProjectChoiceTab.java:2622) ~[filemanager.jar:?]
	at javax.swing.text.JTextComponent.fireCaretUpdate(JTextComponent.java:412) ~[?:?]
	at javax.swing.text.JTextComponent$MutableCaretEvent.fire(JTextComponent.java:4491) ~[?:?]
	at javax.swing.text.JTextComponent$MutableCaretEvent.stateChanged(JTextComponent.java:4513) ~[?:?]
	at javax.swing.text.DefaultCaret.fireStateChanged(DefaultCaret.java:842) ~[?:?]
	at javax.swing.text.DefaultCaret.changeCaretPosition(DefaultCaret.java:1313) ~[?:?]
	at javax.swing.text.DefaultCaret.handleSetDot(DefaultCaret.java:1212) ~[?:?]
	at javax.swing.text.DefaultCaret.setDot(DefaultCaret.java:1193) ~[?:?]
	at javax.swing.text.DefaultCaret$Handler.insertUpdate(DefaultCaret.java:1789) ~[?:?]
	at javax.swing.text.AbstractDocument.fireInsertUpdate(AbstractDocument.java:226) ~[?:?]
	at javax.swing.text.AbstractDocument.handleInsertString(AbstractDocument.java:780) ~[?:?]
	at javax.swing.text.AbstractDocument.insertString(AbstractDocument.java:739) ~[?:?]
	at javax.swing.text.PlainDocument.insertString(PlainDocument.java:131) ~[?:?]
	at javax.swing.text.AbstractDocument.replace(AbstractDocument.java:698) ~[?:?]
	at javax.swing.text.JTextComponent.setText(JTextComponent.java:1729) ~[?:?]
	at com.st.microxplorer.plugins.projectmanager.gui.ProjectChoiceTab.createHeapStackFields(ProjectChoiceTab.java:972) ~[filemanager.jar:?]
	at com.st.microxplorer.plugins.projectmanager.gui.ProjectChoiceTab.buildLinkSettingsPanel(ProjectChoiceTab.java:3597) ~[filemanager.jar:?]
	at com.st.microxplorer.plugins.projectmanager.gui.ProjectChoiceTab.defineWindowsFields(ProjectChoiceTab.java:1940) ~[filemanager.jar:?]
	at com.st.microxplorer.plugins.projectmanager.gui.ProjectChoiceTab.updateSettings(ProjectChoiceTab.java:550) ~[filemanager.jar:?]
	at com.st.microxplorer.plugins.projectmanager.gui.ProjectSettingsPanel.UpdateDialog(ProjectSettingsPanel.java:245) ~[filemanager.jar:?]
	at com.st.microxplorer.plugins.projectmanager.ProjectManagerView.propertyChange(ProjectManagerView.java:391) ~[filemanager.jar:?]
	at java.beans.PropertyChangeSupport.fire(PropertyChangeSupport.java:343) ~[?:?]
	at java.beans.PropertyChangeSupport.firePropertyChange(PropertyChangeSupport.java:335) ~[?:?]
	at java.beans.PropertyChangeSupport.firePropertyChange(PropertyChangeSupport.java:268) ~[?:?]
	at com.st.microxplorer.util.MXPropertyChangeSupport.firePropertyChange(MXPropertyChangeSupport.java:54) ~[STM32CubeMX.jar:?]
	at com.st.microxplorer.mxsystem.MxSystem.closeConfig(MxSystem.java:900) ~[STM32CubeMX.jar:?]
	at com.st.microxplorer.maingui.MainPanel.closeConfig(MainPanel.java:781) ~[STM32CubeMX.jar:?]
	at com.st.microxplorer.plugins.filemanager.engine.OpenFileManager.loadConfigurationFile(OpenFileManager.java:265) ~[filemanager.jar:?]
	at com.st.microxplorer.plugins.filemanager.engine.MainFileManager.userLoadConfig(MainFileManager.java:352) ~[filemanager.jar:?]
	at com.st.microxplorer.plugins.filemanager.engine.MainFileManager.userLoadConfig(MainFileManager.java:330) ~[filemanager.jar:?]
	at com.st.microxplorer.plugins.filemanager.FileManagerView.getSpecificTask(FileManagerView.java:246) ~[filemanager.jar:?]
	at com.st.stm32cube.common.mx.editor.CubeMxEditor.getMxTabbedPaneInstance(CubeMxEditor.java:1198) ~[com.st.stm32cube.common.mx_6.12.1.202409122256/:?]
	at com.st.stm32cube.common.mx.editor.CubeMxEditor$12$1.createSwingComponent(CubeMxEditor.java:1068) ~[com.st.stm32cube.common.mx_6.12.1.202409122256/:?]
	at com.st.stm32cube.common.mx.oss.core.awtswtbridge.EmbeddedSwingComposite.doComponentCreation(EmbeddedSwingComposite.java:492) ~[com.st.stm32cube.common.mx.oss_6.12.1.202409122256/:?]
	at com.st.stm32cube.common.mx.oss.core.awtswtbridge.EmbeddedSwingComposite$4.run(EmbeddedSwingComposite.java:291) ~[com.st.stm32cube.common.mx.oss_6.12.1.202409122256/:?]
	at com.st.stm32cube.common.mx.oss.core.awtswtbridge.AwtEnvironment$2.run(AwtEnvironment.java:166) ~[com.st.stm32cube.common.mx.oss_6.12.1.202409122256/:?]
	at java.awt.event.InvocationEvent.dispatch(InvocationEvent.java:318) ~[?:?]
	at java.awt.EventQueue.dispatchEventImpl(EventQueue.java:773) ~[?:?]
	at java.awt.EventQueue$4.run(EventQueue.java:720) ~[?:?]
	at java.awt.EventQueue$4.run(EventQueue.java:714) ~[?:?]
	at java.security.AccessController.doPrivileged(AccessController.java:399) ~[?:?]
	at java.security.ProtectionDomain$JavaSecurityAccessImpl.doIntersectionPrivilege(ProtectionDomain.java:86) ~[?:?]
	at java.awt.EventQueue.dispatchEvent(EventQueue.java:742) ~[?:?]
	at java.awt.EventDispatchThread.pumpOneEventForFilters(EventDispatchThread.java:203) ~[?:?]
	at java.awt.EventDispatchThread.pumpEventsForFilter(EventDispatchThread.java:124) ~[?:?]
	at java.awt.EventDispatchThread.pumpEventsForHierarchy(EventDispatchThread.java:113) ~[?:?]
	at java.awt.EventDispatchThread.pumpEvents(EventDispatchThread.java:109) ~[?:?]
	at java.awt.EventDispatchThread.pumpEvents(EventDispatchThread.java:101) ~[?:?]
	at java.awt.EventDispatchThread.run(EventDispatchThread.java:90) ~[?:?]
2024-11-19 23:09:55,646 [WARN] ThirdParty:871 - waiting for thirdparty lock release [close project]
2024-11-19 23:09:55,646 [INFO] ThirdParty:873 - entering critical section [close project]
2024-11-19 23:09:55,646 [INFO] ThirdParty:883 - exiting critical section [close project]
2024-11-19 23:09:55,648 [INFO] PinOutPanel:1561 - setPackage(No Configuration,No Configuration)
2024-11-19 23:09:55,652 [INFO] UtilMem:75 - Begin LoadConfig() Used Memory: 530480632 Bytes (1073741824)
2024-11-19 23:09:55,653 [INFO] MicroXplorer:468 - Change Database Path : 
2024-11-19 23:09:55,653 [INFO] MicroXplorer:498 - Change Database Version : DB.6.0.121
2024-11-19 23:09:55,653 [INFO] OpenFileManager:332 - Change cursor
2024-11-19 23:09:55,667 [INFO] RulesReader:64 - Compatibility file has been processed (297 Rules)
2024-11-19 23:09:55,669 [INFO] Mcu:2032 - Initializing MCU STM32G474R(B-C-E)Tx STM32G474RETx STM32G474RET6
2024-11-19 23:09:59,701 [INFO] Context:742 - Trying to add GPIOservice into a context  which must be forbidden
2024-11-19 23:10:01,637 [INFO] ApiDbMcu:508 - Load IP Config File for NUCLEO-G474RE
2024-11-19 23:10:01,802 [INFO] RtosManager:555 - Registered RTOS mode: class=CMSIS, group=RTOS, mode=CMSIS_V1, owner=FREERTOS
2024-11-19 23:10:01,802 [INFO] RtosManager:555 - Registered RTOS mode: class=CMSIS, group=RTOS2, mode=CMSIS_V2, owner=FREERTOS
2024-11-19 23:10:01,802 [INFO] RtosManager:555 - Registered RTOS mode: class=RTOS, group=Core, mode=CMSIS_V1, owner=FREERTOS
2024-11-19 23:10:01,802 [INFO] RtosManager:555 - Registered RTOS mode: class=RTOS, group=Core, mode=CMSIS_V2, owner=FREERTOS
2024-11-19 23:10:01,802 [WARN] ModelIntegratedComponent:184 - Missing modes for component STMicroelectronics:FreeRTOS:0.0.1:STMicroelectronics:RTOS:FreeRTOS:Core:::10.2.0:
2024-11-19 23:10:01,805 [WARN] ModelIntegratedComponent:63 - No mode defined for component null
2024-11-19 23:10:01,805 [WARN] ModelIntegratedComponent:63 - No mode defined for component null
2024-11-19 23:10:01,806 [WARN] ModelIntegratedComponent:63 - No mode defined for component null
2024-11-19 23:10:01,806 [WARN] ModelIntegratedComponent:63 - No mode defined for component null
2024-11-19 23:10:01,806 [WARN] ModelIntegratedComponent:63 - No mode defined for component null
2024-11-19 23:10:01,806 [WARN] ModelIntegratedComponent:63 - No mode defined for component null
2024-11-19 23:10:01,806 [WARN] ModelIntegratedComponent:63 - No mode defined for component null
2024-11-19 23:10:01,806 [WARN] ModelIntegratedComponent:63 - No mode defined for component null
2024-11-19 23:10:01,806 [WARN] ModelIntegratedComponent:63 - No mode defined for component null
2024-11-19 23:10:01,806 [WARN] ModelIntegratedComponent:63 - No mode defined for component null
2024-11-19 23:10:01,806 [WARN] ModelIntegratedComponent:63 - No mode defined for component null
2024-11-19 23:10:01,806 [WARN] ModelIntegratedComponent:63 - No mode defined for component null
2024-11-19 23:10:01,806 [WARN] ModelIntegratedComponent:63 - No mode defined for component null
2024-11-19 23:10:01,806 [WARN] ModelIntegratedComponent:63 - No mode defined for component null
2024-11-19 23:10:01,806 [WARN] ModelIntegratedComponent:63 - No mode defined for component null
2024-11-19 23:10:01,806 [WARN] ModelIntegratedComponent:63 - No mode defined for component null
2024-11-19 23:10:01,806 [WARN] ModelIntegratedComponent:63 - No mode defined for component null
2024-11-19 23:10:01,806 [WARN] ModelIntegratedComponent:63 - No mode defined for component null
2024-11-19 23:10:01,806 [WARN] ModelIntegratedComponent:63 - No mode defined for component null
2024-11-19 23:10:01,807 [WARN] ModelIntegratedComponent:63 - No mode defined for component null
2024-11-19 23:10:01,807 [WARN] ModelIntegratedComponent:63 - No mode defined for component null
2024-11-19 23:10:01,807 [WARN] ModelIntegratedComponent:63 - No mode defined for component null
2024-11-19 23:10:01,807 [WARN] ModelIntegratedComponent:63 - No mode defined for component null
2024-11-19 23:10:01,807 [WARN] ModelIntegratedComponent:63 - No mode defined for component null
2024-11-19 23:10:01,807 [WARN] ModelIntegratedComponent:63 - No mode defined for component null
2024-11-19 23:10:01,807 [WARN] ModelIntegratedComponent:63 - No mode defined for component null
2024-11-19 23:10:01,807 [WARN] ModelIntegratedComponent:63 - No mode defined for component null
2024-11-19 23:10:01,807 [WARN] ModelIntegratedComponent:63 - No mode defined for component null
2024-11-19 23:10:01,807 [WARN] ModelIntegratedComponent:63 - No mode defined for component null
2024-11-19 23:10:01,807 [WARN] ModelIntegratedComponent:63 - No mode defined for component null
2024-11-19 23:10:01,807 [WARN] ModelIntegratedComponent:63 - No mode defined for component null
2024-11-19 23:10:01,807 [WARN] ModelIntegratedComponent:63 - No mode defined for component null
2024-11-19 23:10:01,807 [WARN] ModelIntegratedComponent:63 - No mode defined for component null
2024-11-19 23:10:01,807 [WARN] ModelIntegratedComponent:63 - No mode defined for component null
2024-11-19 23:10:01,807 [WARN] ModelIntegratedComponent:63 - No mode defined for component null
2024-11-19 23:10:01,807 [WARN] ModelPack:524 - Component already loaded: STMicroelectronics:HAL Drivers:0.0.0:STMicroelectronics:Device:STMicro_Driver:XSPI:HAL::0.0.1:HAL_XSPI
2024-11-19 23:10:01,817 [INFO] ThirdPartyModel:298 - Start build external matchings
2024-11-19 23:10:01,884 [INFO] ThirdPartyModel:316 - End build external matchings
2024-11-19 23:10:01,888 [INFO] RtosManager:919 - Current active RTOS is FREERTOS [Cortex-M4NS]
2024-11-19 23:10:01,898 [INFO] ImportTextPane:205 - (OptionalMessage_ERROR) IP (DMA) : Parameter (Instance) has Id (LPUART1_RX) currently not set
2024-11-19 23:10:01,898 [INFO] ImportTextPane:205 - (OptionalMessage_ERROR) IP (DMA) : Parameter (Request) has Id (LPUART1_RX) currently not set
2024-11-19 23:10:01,898 [INFO] ImportTextPane:205 - (OptionalMessage_ERROR) IP (DMA) : Parameter (Direction) has Id (LPUART1_RX) currently not set
2024-11-19 23:10:01,898 [INFO] ImportTextPane:205 - (OptionalMessage_ERROR) IP (DMA) : Parameter (PeriphInc) has Id (LPUART1_RX) currently not set
2024-11-19 23:10:01,898 [INFO] ImportTextPane:205 - (OptionalMessage_ERROR) IP (DMA) : Parameter (MemInc) has Id (LPUART1_RX) currently not set
2024-11-19 23:10:01,899 [INFO] ImportTextPane:205 - (OptionalMessage_ERROR) IP (DMA) : Parameter (PeriphDataAlignment) has Id (LPUART1_RX) currently not set
2024-11-19 23:10:01,899 [INFO] ImportTextPane:205 - (OptionalMessage_ERROR) IP (DMA) : Parameter (MemDataAlignment) has Id (LPUART1_RX) currently not set
2024-11-19 23:10:01,899 [INFO] ImportTextPane:205 - (OptionalMessage_ERROR) IP (DMA) : Parameter (Mode) has Id (LPUART1_RX) currently not set
2024-11-19 23:10:01,899 [INFO] ImportTextPane:205 - (OptionalMessage_ERROR) IP (DMA) : Parameter (Priority) has Id (LPUART1_RX) currently not set
2024-11-19 23:10:01,899 [INFO] ImportTextPane:205 - (OptionalMessage_ERROR) IP (DMA) : Parameter (SignalID) has Id (LPUART1_RX) currently not set
2024-11-19 23:10:01,899 [INFO] ImportTextPane:205 - (OptionalMessage_ERROR) IP (DMA) : Parameter (Polarity) has Id (LPUART1_RX) currently not set
2024-11-19 23:10:01,899 [INFO] ImportTextPane:205 - (OptionalMessage_ERROR) IP (DMA) : Parameter (RequestNumber) has Id (LPUART1_RX) currently not set
2024-11-19 23:10:01,899 [INFO] ImportTextPane:205 - (OptionalMessage_ERROR) IP (DMA) : Parameter (SyncSignalID) has Id (LPUART1_RX) currently not set
2024-11-19 23:10:01,899 [INFO] ImportTextPane:205 - (OptionalMessage_ERROR) IP (DMA) : Parameter (SyncPolarity) has Id (LPUART1_RX) currently not set
2024-11-19 23:10:01,899 [INFO] ImportTextPane:205 - (OptionalMessage_ERROR) IP (DMA) : Parameter (SyncEnable) has Id (LPUART1_RX) currently not set
2024-11-19 23:10:01,899 [INFO] ImportTextPane:205 - (OptionalMessage_ERROR) IP (DMA) : Parameter (EventEnable) has Id (LPUART1_RX) currently not set
2024-11-19 23:10:01,899 [INFO] ImportTextPane:205 - (OptionalMessage_ERROR) IP (DMA) : Parameter (SyncRequestNumber) has Id (LPUART1_RX) currently not set
2024-11-19 23:10:01,899 [INFO] ImportTextPane:205 - (OptionalMessage_ERROR) IP (DMA) : Parameter (Instance) has Id (LPUART1_TX) currently not set
2024-11-19 23:10:01,899 [INFO] ImportTextPane:205 - (OptionalMessage_ERROR) IP (DMA) : Parameter (Request) has Id (LPUART1_TX) currently not set
2024-11-19 23:10:01,900 [INFO] ImportTextPane:205 - (OptionalMessage_ERROR) IP (DMA) : Parameter (Direction) has Id (LPUART1_TX) currently not set
2024-11-19 23:10:01,900 [INFO] ImportTextPane:205 - (OptionalMessage_ERROR) IP (DMA) : Parameter (PeriphInc) has Id (LPUART1_TX) currently not set
2024-11-19 23:10:01,900 [INFO] ImportTextPane:205 - (OptionalMessage_ERROR) IP (DMA) : Parameter (MemInc) has Id (LPUART1_TX) currently not set
2024-11-19 23:10:01,900 [INFO] ImportTextPane:205 - (OptionalMessage_ERROR) IP (DMA) : Parameter (PeriphDataAlignment) has Id (LPUART1_TX) currently not set
2024-11-19 23:10:01,900 [INFO] ImportTextPane:205 - (OptionalMessage_ERROR) IP (DMA) : Parameter (MemDataAlignment) has Id (LPUART1_TX) currently not set
2024-11-19 23:10:01,900 [INFO] ImportTextPane:205 - (OptionalMessage_ERROR) IP (DMA) : Parameter (Mode) has Id (LPUART1_TX) currently not set
2024-11-19 23:10:01,900 [INFO] ImportTextPane:205 - (OptionalMessage_ERROR) IP (DMA) : Parameter (Priority) has Id (LPUART1_TX) currently not set
2024-11-19 23:10:01,900 [INFO] ImportTextPane:205 - (OptionalMessage_ERROR) IP (DMA) : Parameter (SignalID) has Id (LPUART1_TX) currently not set
2024-11-19 23:10:01,900 [INFO] ImportTextPane:205 - (OptionalMessage_ERROR) IP (DMA) : Parameter (Polarity) has Id (LPUART1_TX) currently not set
2024-11-19 23:10:01,900 [INFO] ImportTextPane:205 - (OptionalMessage_ERROR) IP (DMA) : Parameter (RequestNumber) has Id (LPUART1_TX) currently not set
2024-11-19 23:10:01,900 [INFO] ImportTextPane:205 - (OptionalMessage_ERROR) IP (DMA) : Parameter (SyncSignalID) has Id (LPUART1_TX) currently not set
2024-11-19 23:10:01,900 [INFO] ImportTextPane:205 - (OptionalMessage_ERROR) IP (DMA) : Parameter (SyncPolarity) has Id (LPUART1_TX) currently not set
2024-11-19 23:10:01,900 [INFO] ImportTextPane:205 - (OptionalMessage_ERROR) IP (DMA) : Parameter (SyncEnable) has Id (LPUART1_TX) currently not set
2024-11-19 23:10:01,900 [INFO] ImportTextPane:205 - (OptionalMessage_ERROR) IP (DMA) : Parameter (EventEnable) has Id (LPUART1_TX) currently not set
2024-11-19 23:10:01,900 [INFO] ImportTextPane:205 - (OptionalMessage_ERROR) IP (DMA) : Parameter (SyncRequestNumber) has Id (LPUART1_TX) currently not set
2024-11-19 23:10:01,900 [INFO] ImportTextPane:205 - (OptionalMessage_ERROR) IP (DMA) : Parameter (Instance) has Id (USART1_RX) currently not set
2024-11-19 23:10:01,900 [INFO] ImportTextPane:205 - (OptionalMessage_ERROR) IP (DMA) : Parameter (Request) has Id (USART1_RX) currently not set
2024-11-19 23:10:01,900 [INFO] ImportTextPane:205 - (OptionalMessage_ERROR) IP (DMA) : Parameter (Direction) has Id (USART1_RX) currently not set
2024-11-19 23:10:01,900 [INFO] ImportTextPane:205 - (OptionalMessage_ERROR) IP (DMA) : Parameter (PeriphInc) has Id (USART1_RX) currently not set
2024-11-19 23:10:01,900 [INFO] ImportTextPane:205 - (OptionalMessage_ERROR) IP (DMA) : Parameter (MemInc) has Id (USART1_RX) currently not set
2024-11-19 23:10:01,900 [INFO] ImportTextPane:205 - (OptionalMessage_ERROR) IP (DMA) : Parameter (PeriphDataAlignment) has Id (USART1_RX) currently not set
2024-11-19 23:10:01,900 [INFO] ImportTextPane:205 - (OptionalMessage_ERROR) IP (DMA) : Parameter (MemDataAlignment) has Id (USART1_RX) currently not set
2024-11-19 23:10:01,900 [INFO] ImportTextPane:205 - (OptionalMessage_ERROR) IP (DMA) : Parameter (Mode) has Id (USART1_RX) currently not set
2024-11-19 23:10:01,900 [INFO] ImportTextPane:205 - (OptionalMessage_ERROR) IP (DMA) : Parameter (Priority) has Id (USART1_RX) currently not set
2024-11-19 23:10:01,900 [INFO] ImportTextPane:205 - (OptionalMessage_ERROR) IP (DMA) : Parameter (SignalID) has Id (USART1_RX) currently not set
2024-11-19 23:10:01,900 [INFO] ImportTextPane:205 - (OptionalMessage_ERROR) IP (DMA) : Parameter (Polarity) has Id (USART1_RX) currently not set
2024-11-19 23:10:01,900 [INFO] ImportTextPane:205 - (OptionalMessage_ERROR) IP (DMA) : Parameter (RequestNumber) has Id (USART1_RX) currently not set
2024-11-19 23:10:01,900 [INFO] ImportTextPane:205 - (OptionalMessage_ERROR) IP (DMA) : Parameter (SyncSignalID) has Id (USART1_RX) currently not set
2024-11-19 23:10:01,900 [INFO] ImportTextPane:205 - (OptionalMessage_ERROR) IP (DMA) : Parameter (SyncPolarity) has Id (USART1_RX) currently not set
2024-11-19 23:10:01,900 [INFO] ImportTextPane:205 - (OptionalMessage_ERROR) IP (DMA) : Parameter (SyncEnable) has Id (USART1_RX) currently not set
2024-11-19 23:10:01,900 [INFO] ImportTextPane:205 - (OptionalMessage_ERROR) IP (DMA) : Parameter (EventEnable) has Id (USART1_RX) currently not set
2024-11-19 23:10:01,900 [INFO] ImportTextPane:205 - (OptionalMessage_ERROR) IP (DMA) : Parameter (SyncRequestNumber) has Id (USART1_RX) currently not set
2024-11-19 23:10:01,900 [INFO] ImportTextPane:205 - (OptionalMessage_ERROR) IP (DMA) : Parameter (Instance) has Id (USART1_TX) currently not set
2024-11-19 23:10:01,900 [INFO] ImportTextPane:205 - (OptionalMessage_ERROR) IP (DMA) : Parameter (Request) has Id (USART1_TX) currently not set
2024-11-19 23:10:01,900 [INFO] ImportTextPane:205 - (OptionalMessage_ERROR) IP (DMA) : Parameter (Direction) has Id (USART1_TX) currently not set
2024-11-19 23:10:01,900 [INFO] ImportTextPane:205 - (OptionalMessage_ERROR) IP (DMA) : Parameter (PeriphInc) has Id (USART1_TX) currently not set
2024-11-19 23:10:01,900 [INFO] ImportTextPane:205 - (OptionalMessage_ERROR) IP (DMA) : Parameter (MemInc) has Id (USART1_TX) currently not set
2024-11-19 23:10:01,900 [INFO] ImportTextPane:205 - (OptionalMessage_ERROR) IP (DMA) : Parameter (PeriphDataAlignment) has Id (USART1_TX) currently not set
2024-11-19 23:10:01,900 [INFO] ImportTextPane:205 - (OptionalMessage_ERROR) IP (DMA) : Parameter (MemDataAlignment) has Id (USART1_TX) currently not set
2024-11-19 23:10:01,900 [INFO] ImportTextPane:205 - (OptionalMessage_ERROR) IP (DMA) : Parameter (Mode) has Id (USART1_TX) currently not set
2024-11-19 23:10:01,900 [INFO] ImportTextPane:205 - (OptionalMessage_ERROR) IP (DMA) : Parameter (Priority) has Id (USART1_TX) currently not set
2024-11-19 23:10:01,900 [INFO] ImportTextPane:205 - (OptionalMessage_ERROR) IP (DMA) : Parameter (SignalID) has Id (USART1_TX) currently not set
2024-11-19 23:10:01,900 [INFO] ImportTextPane:205 - (OptionalMessage_ERROR) IP (DMA) : Parameter (Polarity) has Id (USART1_TX) currently not set
2024-11-19 23:10:01,900 [INFO] ImportTextPane:205 - (OptionalMessage_ERROR) IP (DMA) : Parameter (RequestNumber) has Id (USART1_TX) currently not set
2024-11-19 23:10:01,900 [INFO] ImportTextPane:205 - (OptionalMessage_ERROR) IP (DMA) : Parameter (SyncSignalID) has Id (USART1_TX) currently not set
2024-11-19 23:10:01,900 [INFO] ImportTextPane:205 - (OptionalMessage_ERROR) IP (DMA) : Parameter (SyncPolarity) has Id (USART1_TX) currently not set
2024-11-19 23:10:01,900 [INFO] ImportTextPane:205 - (OptionalMessage_ERROR) IP (DMA) : Parameter (SyncEnable) has Id (USART1_TX) currently not set
2024-11-19 23:10:01,900 [INFO] ImportTextPane:205 - (OptionalMessage_ERROR) IP (DMA) : Parameter (EventEnable) has Id (USART1_TX) currently not set
2024-11-19 23:10:01,901 [INFO] ImportTextPane:205 - (OptionalMessage_ERROR) IP (DMA) : Parameter (SyncRequestNumber) has Id (USART1_TX) currently not set
2024-11-19 23:10:01,905 [INFO] ImportTextPane:205 - (OptionalMessage_ERROR) IP (RCC) : Invalid parameter (FamilyName)
2024-11-19 23:10:01,906 [INFO] ImportTextPane:205 - (OptionalMessage_ERROR) IP (RCC) : Parameter (RNGFreq_Value) has invalid value (170000000)
2024-11-19 23:10:01,906 [INFO] ImportTextPane:205 - (OptionalMessage_ERROR) IP (RCC) : Parameter (USBFreq_Value) has invalid value (170000000)
2024-11-19 23:10:02,267 [INFO] UtilMem:75 - End LoadConfig() Used Memory: 414230416 Bytes (1073741824)
2024-11-19 23:10:02,275 [WARN] ThirdParty:833 - waiting for thirdparty lock release [change project]
2024-11-19 23:10:02,275 [INFO] ThirdParty:835 - entering critical section [change project]
2024-11-19 23:10:02,275 [INFO] ThirdParty:1030 - CMSIS Pack Vendor :STMicroelectronics USBPD 4.1
2024-11-19 23:10:02,275 [INFO] ThirdParty:1030 - CMSIS Pack Vendor :STMicroelectronics X-CUBE-AZRTOS-H7 3.3.0
2024-11-19 23:10:02,275 [INFO] ThirdParty:1030 - CMSIS Pack Vendor :STMicroelectronics USB_HOST 2.0.0
2024-11-19 23:10:02,275 [INFO] ThirdParty:1030 - CMSIS Pack Vendor :STMicroelectronics FP-SNS-MOTENVWB1 1.4.0
2024-11-19 23:10:02,275 [INFO] ThirdParty:1030 - CMSIS Pack Vendor :STMicroelectronics X-CUBE-AZRTOS-F4 1.1.0
2024-11-19 23:10:02,275 [INFO] ThirdParty:1030 - CMSIS Pack Vendor :STMicroelectronics LIBJPEG 8.0.0
2024-11-19 23:10:02,275 [INFO] ThirdParty:1030 - CMSIS Pack Vendor :STMicroelectronics FP-ATR-ASTRA1 2.0.1
2024-11-19 23:10:02,275 [INFO] ThirdParty:1030 - CMSIS Pack Vendor :STMicroelectronics X-CUBE-SMBUS 2.1.0
2024-11-19 23:10:02,275 [INFO] ThirdParty:1030 - CMSIS Pack Vendor :STMicroelectronics X-CUBE-WB05N 1.1.0
2024-11-19 23:10:02,275 [INFO] ThirdParty:1030 - CMSIS Pack Vendor :STMicroelectronics USB_DEVICE 3.0.0
2024-11-19 23:10:02,275 [INFO] ThirdParty:1030 - CMSIS Pack Vendor :STMicroelectronics X-CUBE-TCPP 4.1.0
2024-11-19 23:10:02,275 [INFO] ThirdParty:1030 - CMSIS Pack Vendor :STMicroelectronics X-CUBE-FREERTOS 1.2.0
2024-11-19 23:10:02,275 [INFO] ThirdParty:1030 - CMSIS Pack Vendor :STMicroelectronics X-CUBE-AZRTOS-WB 2.0.0
2024-11-19 23:10:02,275 [INFO] ThirdParty:1030 - CMSIS Pack Vendor :STMicroelectronics X-CUBE-AZRTOS-F7 1.1.0
2024-11-19 23:10:02,275 [INFO] ThirdParty:1030 - CMSIS Pack Vendor :STMicroelectronics X-CUBE-AZRTOS-L5 2.0.0
2024-11-19 23:10:02,275 [INFO] ThirdParty:1030 - CMSIS Pack Vendor :STMicroelectronics USB_DEVICE 2.0.0
2024-11-19 23:10:02,275 [INFO] ThirdParty:1030 - CMSIS Pack Vendor :STMicroelectronics X-CUBE-NFC6 3.1.0
2024-11-19 23:10:02,275 [INFO] ThirdParty:1030 - CMSIS Pack Vendor :STMicroelectronics FreeRTOS 0.0.1
2024-11-19 23:10:02,275 [INFO] ThirdParty:1030 - CMSIS Pack Vendor :STMicroelectronics X-CUBE-AZRTOS-G0 1.1.0
2024-11-19 23:10:02,275 [INFO] ThirdParty:1030 - CMSIS Pack Vendor :STMicroelectronics X-CUBE-SAFEA1 1.2.2
2024-11-19 23:10:02,275 [INFO] ThirdParty:1030 - CMSIS Pack Vendor :STMicroelectronics X-CUBE-NFC4 3.0.0
2024-11-19 23:10:02,275 [INFO] ThirdParty:1030 - CMSIS Pack Vendor :STMicroelectronics X-CUBE-SUBG2 5.0.0
2024-11-19 23:10:02,275 [INFO] ThirdParty:1030 - CMSIS Pack Vendor :STMicroelectronics STM32_WPAN 1.0.0
2024-11-19 23:10:02,275 [INFO] ThirdParty:1030 - CMSIS Pack Vendor :EmbeddedOffice I-CUBE-FS-RTOS 1.0.1
2024-11-19 23:10:02,275 [INFO] ThirdParty:1030 - CMSIS Pack Vendor :STMicroelectronics lwIP 2.0.3
2024-11-19 23:10:02,275 [INFO] ThirdParty:1030 - CMSIS Pack Vendor :STMicroelectronics FP-SNS-FLIGHT1 5.0.2
2024-11-19 23:10:02,275 [INFO] ThirdParty:1030 - CMSIS Pack Vendor :Cesanta I-CUBE-Mongoose 7.13.0
2024-11-19 23:10:02,275 [INFO] ThirdParty:1030 - CMSIS Pack Vendor :STMicroelectronics USB_HOST 1.0.0
2024-11-19 23:10:02,275 [INFO] ThirdParty:1030 - CMSIS Pack Vendor :STMicroelectronics X-CUBE-AZRTOS-G4 2.0.0
2024-11-19 23:10:02,275 [INFO] ThirdParty:1030 - CMSIS Pack Vendor :STMicroelectronics PDM2PCM 3.1.0
2024-11-19 23:10:02,275 [INFO] ThirdParty:1030 - CMSIS Pack Vendor :STMicroelectronics PDM2PCM 3.3.0
2024-11-19 23:10:02,275 [INFO] ThirdParty:1030 - CMSIS Pack Vendor :STMicroelectronics X-CUBE-DISPLAY 3.0.0
2024-11-19 23:10:02,275 [INFO] ThirdParty:1030 - CMSIS Pack Vendor :RealThread X-CUBE-RT-Thread_Nano 4.1.1
2024-11-19 23:10:02,275 [INFO] ThirdParty:1030 - CMSIS Pack Vendor :STMicroelectronics X-CUBE-BLE1 7.0.0
2024-11-19 23:10:02,276 [INFO] ThirdParty:1030 - CMSIS Pack Vendor :STMicroelectronics FP-ATR-SIGFOX1 3.2.0
2024-11-19 23:10:02,276 [INFO] ThirdParty:1030 - CMSIS Pack Vendor :quantropi X-CUBE-qispace-sdk-base 1.9.3
2024-11-19 23:10:02,276 [INFO] ThirdParty:1030 - CMSIS Pack Vendor :STMicroelectronics X-CUBE-EEPRMA1 5.1.0
2024-11-19 23:10:02,276 [INFO] ThirdParty:1030 - CMSIS Pack Vendor :STMicroelectronics HAL Drivers 0.0.0
2024-11-19 23:10:02,276 [INFO] ThirdParty:1030 - CMSIS Pack Vendor :STMicroelectronics MBEDTLS 2.16.2
2024-11-19 23:10:02,276 [INFO] ThirdParty:1030 - CMSIS Pack Vendor :STMicroelectronics X-CUBE-ALS 1.0.2
2024-11-19 23:10:02,276 [INFO] ThirdParty:1030 - CMSIS Pack Vendor :emotas I-CUBE-CANOPEN 1.3.0
2024-11-19 23:10:02,276 [INFO] ThirdParty:1030 - CMSIS Pack Vendor :wolfSSL I-CUBE-wolfSSL 5.7.4
2024-11-19 23:10:02,276 [INFO] ThirdParty:1030 - CMSIS Pack Vendor :STMicroelectronics X-CUBE-NFC7 1.0.1
2024-11-19 23:10:02,276 [INFO] ThirdParty:1030 - CMSIS Pack Vendor :STMicroelectronics MBEDTLS 2.14.1
2024-11-19 23:10:02,276 [INFO] ThirdParty:1030 - CMSIS Pack Vendor :ITTIA_DB I-CUBE-ITTIADB 8.9.0
2024-11-19 23:10:02,276 [INFO] ThirdParty:1030 - CMSIS Pack Vendor :STMicroelectronics X-CUBE-TOUCHGFX 4.24.1
2024-11-19 23:10:02,276 [INFO] ThirdParty:1030 - CMSIS Pack Vendor :wolfSSL I-CUBE-wolfTPM 3.4.0
2024-11-19 23:10:02,276 [INFO] ThirdParty:1030 - CMSIS Pack Vendor :portGmbH I-Cube-SoM-uGOAL 1.1.0
2024-11-19 23:10:02,276 [INFO] ThirdParty:1030 - CMSIS Pack Vendor :STMicroelectronics X-CUBE-BLEMGR 3.1.0
2024-11-19 23:10:02,276 [INFO] ThirdParty:1030 - CMSIS Pack Vendor :STMicroelectronics ThreadX 1.0.0
2024-11-19 23:10:02,276 [INFO] ThirdParty:1030 - CMSIS Pack Vendor :STMicroelectronics FP-SNS-SMARTAG2 1.2.0
2024-11-19 23:10:02,276 [INFO] ThirdParty:1030 - CMSIS Pack Vendor :STMicroelectronics X-CUBE-AZRTOS-WL 2.0.0
2024-11-19 23:10:02,276 [INFO] ThirdParty:1030 - CMSIS Pack Vendor :SEGGER I-CUBE-embOS 1.3.1
2024-11-19 23:10:02,276 [INFO] ThirdParty:1030 - CMSIS Pack Vendor :STMicroelectronics X-CUBE-ALGOBUILD 1.4.0
2024-11-19 23:10:02,276 [INFO] ThirdParty:1030 - CMSIS Pack Vendor :STMicroelectronics FP-SNS-MOTENV1 5.0.0
2024-11-19 23:10:02,276 [INFO] ThirdParty:1030 - CMSIS Pack Vendor :STMicroelectronics USB_DEVICE 1.0.0
2024-11-19 23:10:02,276 [INFO] ThirdParty:1030 - CMSIS Pack Vendor :STMicroelectronics X-CUBE-AZRTOS-H7RS 1.0.0
2024-11-19 23:10:02,276 [INFO] ThirdParty:1030 - CMSIS Pack Vendor :wolfSSL I-CUBE-wolfMQTT 1.19.0
2024-11-19 23:10:02,276 [INFO] ThirdParty:1030 - CMSIS Pack Vendor :STMicroelectronics X-CUBE-AZRTOS-L4 2.0.0
2024-11-19 23:10:02,276 [INFO] ThirdParty:1030 - CMSIS Pack Vendor :STMicroelectronics ThreadX 0.0.2
2024-11-19 23:10:02,276 [INFO] ThirdParty:1030 - CMSIS Pack Vendor :WES I-CUBE-Cesium 1.3.0
2024-11-19 23:10:02,276 [INFO] ThirdParty:1030 - CMSIS Pack Vendor :STMicroelectronics FP-ATR-ASTRA1 2.0.0
2024-11-19 23:10:02,276 [INFO] ThirdParty:1030 - CMSIS Pack Vendor :STMicroelectronics lwIP 2.1.2
2024-11-19 23:10:02,276 [INFO] ThirdParty:1030 - CMSIS Pack Vendor :STMicroelectronics X-CUBE-SFXS2LP1 4.0.0
2024-11-19 23:10:02,276 [INFO] ThirdParty:1030 - CMSIS Pack Vendor :STMicroelectronics X-CUBE-BLE2 3.3.0
2024-11-19 23:10:02,276 [INFO] ThirdParty:1030 - CMSIS Pack Vendor :Infineon AIROC-Wi-Fi-Bluetooth-STM32 1.6.1
2024-11-19 23:10:02,276 [INFO] ThirdParty:1030 - CMSIS Pack Vendor :STMicroelectronics PDM2PCM 3.2.0
2024-11-19 23:10:02,276 [INFO] ThirdParty:1030 - CMSIS Pack Vendor :wolfSSL I-CUBE-wolfSSH 1.4.17
2024-11-19 23:10:02,276 [INFO] ThirdParty:841 - exiting critical section [change project]
2024-11-19 23:10:02,629 [INFO] PinOutPanel:1561 - setPackage(No Configuration,No Configuration)
2024-11-19 23:10:02,630 [INFO] PinOutPanel:1561 - setPackage(STM32G474RETx,LQFP64)
2024-11-19 23:10:03,066 [INFO] UtilMem:75 - Before build in PCC Used Memory: 528161840 Bytes (1073741824)
2024-11-19 23:10:03,376 [INFO] UtilMem:75 - After build in PCC Used Memory: 626727976 Bytes (1073741824)
2024-11-19 23:10:03,381 [INFO] ApiDbMcu:508 - Load IP Config File for FREERTOS
2024-11-19 23:10:03,408 [INFO] IPUIPlugin:80 - create IPUIPlugin
2024-11-19 23:10:03,408 [INFO] IPUIPlugin:80 - create IPUIPlugin
2024-11-19 23:10:03,408 [INFO] IPUIPlugin:80 - create IPUIPlugin
2024-11-19 23:10:03,408 [INFO] IPUIPlugin:80 - create IPUIPlugin
2024-11-19 23:10:03,408 [INFO] IPUIPlugin:80 - create IPUIPlugin
2024-11-19 23:10:03,408 [INFO] IPUIPlugin:80 - create IPUIPlugin
2024-11-19 23:10:03,408 [INFO] IPUIPlugin:80 - create IPUIPlugin
2024-11-19 23:10:03,408 [INFO] IPUIPlugin:80 - create IPUIPlugin
2024-11-19 23:10:03,408 [INFO] IPUIPlugin:80 - create IPUIPlugin
2024-11-19 23:10:03,408 [INFO] IPUIPlugin:80 - create IPUIPlugin
2024-11-19 23:10:03,409 [INFO] IPUIPlugin:80 - create IPUIPlugin
2024-11-19 23:10:03,409 [INFO] IPUIPlugin:80 - create IPUIPlugin
2024-11-19 23:10:03,409 [INFO] IPUIPlugin:80 - create IPUIPlugin
2024-11-19 23:10:03,409 [INFO] IPUIPlugin:80 - create IPUIPlugin
2024-11-19 23:10:03,409 [INFO] IPUIPlugin:80 - create IPUIPlugin
2024-11-19 23:10:03,409 [INFO] IPUIPlugin:80 - create IPUIPlugin
2024-11-19 23:10:03,410 [INFO] IPUIPlugin:80 - create IPUIPlugin
2024-11-19 23:10:03,410 [INFO] IPUIPlugin:80 - create IPUIPlugin
2024-11-19 23:10:03,410 [INFO] IPUIPlugin:80 - create IPUIPlugin
2024-11-19 23:10:03,410 [INFO] IPUIPlugin:80 - create IPUIPlugin
2024-11-19 23:10:03,410 [INFO] IPUIPlugin:80 - create IPUIPlugin
2024-11-19 23:10:03,411 [INFO] IPUIPlugin:80 - create IPUIPlugin
2024-11-19 23:10:03,411 [INFO] IPUIPlugin:80 - create IPUIPlugin
2024-11-19 23:10:03,411 [INFO] IPUIPlugin:80 - create IPUIPlugin
2024-11-19 23:10:03,411 [INFO] IPUIPlugin:80 - create IPUIPlugin
2024-11-19 23:10:03,412 [INFO] IPUIPlugin:80 - create IPUIPlugin
2024-11-19 23:10:03,412 [INFO] IPUIPlugin:80 - create IPUIPlugin
2024-11-19 23:10:03,412 [INFO] IPUIPlugin:80 - create IPUIPlugin
2024-11-19 23:10:03,412 [INFO] IPUIPlugin:80 - create IPUIPlugin
2024-11-19 23:10:03,412 [INFO] IPUIPlugin:80 - create IPUIPlugin
2024-11-19 23:10:03,413 [INFO] IPUIPlugin:80 - create IPUIPlugin
2024-11-19 23:10:03,413 [INFO] IPUIPlugin:80 - create IPUIPlugin
2024-11-19 23:10:03,413 [INFO] IPUIPlugin:80 - create IPUIPlugin
2024-11-19 23:10:03,413 [INFO] IPUIPlugin:80 - create IPUIPlugin
2024-11-19 23:10:03,413 [INFO] IPUIPlugin:80 - create IPUIPlugin
2024-11-19 23:10:03,414 [INFO] IPUIPlugin:80 - create IPUIPlugin
2024-11-19 23:10:03,414 [INFO] IPUIPlugin:80 - create IPUIPlugin
2024-11-19 23:10:03,414 [INFO] IPUIPlugin:80 - create IPUIPlugin
2024-11-19 23:10:03,414 [INFO] IPUIPlugin:80 - create IPUIPlugin
2024-11-19 23:10:03,414 [INFO] IPUIPlugin:80 - create IPUIPlugin
2024-11-19 23:10:03,414 [INFO] IPUIPlugin:80 - create IPUIPlugin
2024-11-19 23:10:03,415 [INFO] IPUIPlugin:80 - create IPUIPlugin
2024-11-19 23:10:03,415 [INFO] IPUIPlugin:80 - create IPUIPlugin
2024-11-19 23:10:03,415 [INFO] IPUIPlugin:80 - create IPUIPlugin
2024-11-19 23:10:03,415 [INFO] IPUIPlugin:80 - create IPUIPlugin
2024-11-19 23:10:03,415 [INFO] IPUIPlugin:80 - create IPUIPlugin
2024-11-19 23:10:03,415 [INFO] IPUIPlugin:80 - create IPUIPlugin
2024-11-19 23:10:03,416 [INFO] IPUIPlugin:80 - create IPUIPlugin
2024-11-19 23:10:03,416 [INFO] IPUIPlugin:80 - create IPUIPlugin
2024-11-19 23:10:03,417 [INFO] IPUIPlugin:80 - create IPUIPlugin
2024-11-19 23:10:03,417 [INFO] IPUIPlugin:80 - create IPUIPlugin
2024-11-19 23:10:03,418 [INFO] IPUIPlugin:80 - create IPUIPlugin
2024-11-19 23:10:03,418 [INFO] IPUIPlugin:80 - create IPUIPlugin
2024-11-19 23:10:03,418 [INFO] IPUIPlugin:80 - create IPUIPlugin
2024-11-19 23:10:03,418 [INFO] IPUIPlugin:80 - create IPUIPlugin
2024-11-19 23:10:03,419 [INFO] IPUIPlugin:80 - create IPUIPlugin
2024-11-19 23:10:03,419 [INFO] IPUIPlugin:80 - create IPUIPlugin
2024-11-19 23:10:03,419 [INFO] IPUIPlugin:80 - create IPUIPlugin
2024-11-19 23:10:03,420 [INFO] IPUIPlugin:80 - create IPUIPlugin
2024-11-19 23:10:03,420 [INFO] IPUIPlugin:80 - create IPUIPlugin
2024-11-19 23:10:03,420 [INFO] IPUIPlugin:80 - create IPUIPlugin
2024-11-19 23:10:03,420 [INFO] IPUIPlugin:80 - create IPUIPlugin
2024-11-19 23:10:03,421 [INFO] IPUIPlugin:80 - create IPUIPlugin
2024-11-19 23:10:03,421 [INFO] IPUIPlugin:80 - create IPUIPlugin
2024-11-19 23:10:03,421 [INFO] IPUIPlugin:80 - create IPUIPlugin
2024-11-19 23:10:03,422 [INFO] IPUIPlugin:80 - create IPUIPlugin
2024-11-19 23:10:03,422 [INFO] IPUIPlugin:80 - create IPUIPlugin
2024-11-19 23:10:03,423 [INFO] IPUIPlugin:80 - create IPUIPlugin
2024-11-19 23:10:03,423 [INFO] IPUIPlugin:80 - create IPUIPlugin
2024-11-19 23:10:03,423 [INFO] IPUIPlugin:80 - create IPUIPlugin
2024-11-19 23:10:03,423 [INFO] IPUIPlugin:80 - create IPUIPlugin
2024-11-19 23:10:03,424 [INFO] IPUIPlugin:80 - create IPUIPlugin
2024-11-19 23:10:03,424 [INFO] IPUIPlugin:80 - create IPUIPlugin
2024-11-19 23:10:03,424 [INFO] IPUIPlugin:80 - create IPUIPlugin
2024-11-19 23:10:03,425 [INFO] IPUIPlugin:80 - create IPUIPlugin
2024-11-19 23:10:03,425 [INFO] IPUIPlugin:80 - create IPUIPlugin
2024-11-19 23:10:03,426 [INFO] IPUIPlugin:80 - create IPUIPlugin
2024-11-19 23:10:03,426 [INFO] IPUIPlugin:80 - create IPUIPlugin
2024-11-19 23:10:03,438 [WARN] FreeRTOS:1023 - Null or empty value: should not occur! (nothing added to the table)
2024-11-19 23:10:03,519 [INFO] CADModel:165 - CPN selected for project levelSTM32G474RET6
2024-11-19 23:10:03,520 [INFO] CADModel:114 - Register for checkConnection events
2024-11-19 23:10:03,524 [INFO] RtosManager:697 - Active RTOS found at IOC load: FREERTOS [Cortex-M4NS]
2024-11-19 23:10:03,565 [INFO] OpenFileManager:363 - Restore cursor
2024-11-19 23:10:08,458 [INFO] Gpio:277 - dependency for GPIO [LPUART1, RCC, TIM8, USART1]
2024-11-19 23:12:05,642 [INFO] WebApp:189 - Connection lost
2024-11-19 23:12:05,770 [INFO] WebApp:186 - Connection restablished
2024-11-19 23:12:48,723 [INFO] WebApp:189 - Connection lost
2024-11-19 23:12:48,850 [INFO] WebApp:186 - Connection restablished
2024-11-19 23:13:00,400 [INFO] WebApp:189 - Connection lost
2024-11-19 23:13:00,548 [INFO] WebApp:186 - Connection restablished
2024-11-19 23:13:10,374 [INFO] WebApp:189 - Connection lost
2024-11-19 23:13:10,522 [INFO] WebApp:186 - Connection restablished
2024-11-19 23:16:04,120 [INFO] WebApp:189 - Connection lost
2024-11-19 23:16:04,250 [INFO] WebApp:186 - Connection restablished
2024-11-19 23:19:09,966 [INFO] WebApp:189 - Connection lost
2024-11-19 23:19:10,089 [INFO] WebApp:186 - Connection restablished
2024-11-19 23:20:55,493 [INFO] WebApp:189 - Connection lost
2024-11-19 23:20:55,614 [INFO] WebApp:186 - Connection restablished
2024-11-19 23:22:46,766 [INFO] WebApp:189 - Connection lost
2024-11-19 23:22:46,902 [INFO] WebApp:186 - Connection restablished
2024-11-19 23:23:46,719 [INFO] WebApp:189 - Connection lost
2024-11-19 23:23:46,845 [INFO] WebApp:186 - Connection restablished
2024-11-19 23:26:17,875 [INFO] WebApp:189 - Connection lost
2024-11-19 23:26:17,994 [INFO] WebApp:186 - Connection restablished
2024-11-19 23:42:33,351 [INFO] WebApp:189 - Connection lost
2024-11-19 23:42:33,482 [INFO] WebApp:186 - Connection restablished
2024-11-19 23:46:42,990 [INFO] WebApp:189 - Connection lost
2024-11-19 23:46:43,106 [INFO] WebApp:186 - Connection restablished
2024-11-19 23:49:43,329 [INFO] WebApp:189 - Connection lost
2024-11-19 23:49:43,442 [INFO] WebApp:186 - Connection restablished
2024-11-19 23:51:16,927 [INFO] WebApp:189 - Connection lost
2024-11-19 23:51:17,042 [INFO] WebApp:186 - Connection restablished
2024-11-19 23:52:57,556 [INFO] WebApp:189 - Connection lost
2024-11-19 23:52:57,671 [INFO] WebApp:186 - Connection restablished
