2024-12-01 17:31:20,042 [INFO] Activator:176 - 


2024-12-01 17:31:20,045 [INFO] Activator:177 - !SESSION log4j initialized
2024-12-01 17:31:23,395 [INFO] LogOutputStream:77 - [STDOUT_REDIRECT] 
2024-12-01 17:31:24,006 [INFO] ApplicationProperties:184 - Using Application install path: /opt/st/stm32cubeide_1.16.1/plugins/com.st.stm32cube.common.mx_6.12.1.202409122256
2024-12-01 17:31:24,018 [INFO] DbMcusXml:78 - Set database path to: /opt/st/stm32cubeide_1.16.1/plugins/com.st.stm32cube.common.mx_6.12.1.202409122256//db//mcu/
2024-12-01 17:31:24,018 [INFO] ApiDb:274 - Set plugin database path to: /opt/st/stm32cubeide_1.16.1/plugins/com.st.stm32cube.common.mx_6.12.1.202409122256//db//plugins/boardmanager/
2024-12-01 17:31:24,018 [WARN] ApiDb:259 - Overriding images path with different value:  => /opt/st/stm32cubeide_1.16.1/plugins/com.st.stm32cube.common.mx_6.12.1.202409122256//db//plugins/mcufinder/images/
2024-12-01 17:31:24,023 [INFO] ApiDb:250 - Set database path to: /home/kireiji/.stmcufinder/plugins/mcufinder//mcu/
2024-12-01 17:31:24,024 [INFO] DbMcusAds:125 - Set database path to: /home/kireiji/.stmcufinder/plugins/mcufinder//mcu/
2024-12-01 17:31:24,025 [INFO] CrossReferenceDbSqlite:203 - Set database path to: /home/kireiji/.stmcufinder/plugins/mcufinder//mcu/cs/
2024-12-01 17:31:24,085 [INFO] RulesReader:64 - Compatibility file has been processed (297 Rules)
2024-12-01 17:31:24,128 [INFO] DbMcusXml:78 - Set database path to: /opt/st/stm32cubeide_1.16.1/plugins/com.st.stm32cube.common.mx_6.12.1.202409122256//db//mcu/
2024-12-01 17:31:24,128 [INFO] ApiDb:274 - Set plugin database path to: /opt/st/stm32cubeide_1.16.1/plugins/com.st.stm32cube.common.mx_6.12.1.202409122256//db//plugins/boardmanager/
2024-12-01 17:31:24,128 [INFO] ApiDb:261 - Set plugin images path to: /opt/st/stm32cubeide_1.16.1/plugins/com.st.stm32cube.common.mx_6.12.1.202409122256//db//plugins/mcufinder/images/
2024-12-01 17:31:24,128 [WARN] DbFile:41 - Overriding database path with different value: /home/kireiji/.stmcufinder/plugins/mcufinder/ => /home/kireiji/.stmcufinder/plugins/mcufinder
2024-12-01 17:31:24,128 [INFO] ApiDb:250 - Set database path to: /home/kireiji/.stmcufinder/plugins/mcufinder//mcu/
2024-12-01 17:31:24,128 [WARN] DbFile:41 - Overriding database path with different value: /home/kireiji/.stmcufinder/plugins/mcufinder/ => /home/kireiji/.stmcufinder/plugins/mcufinder
2024-12-01 17:31:24,128 [INFO] DbMcusAds:125 - Set database path to: /home/kireiji/.stmcufinder/plugins/mcufinder//mcu/
2024-12-01 17:31:24,128 [WARN] DbFile:41 - Overriding database path with different value: /home/kireiji/.stmcufinder/plugins/mcufinder/ => /home/kireiji/.stmcufinder/plugins/mcufinder
2024-12-01 17:31:24,129 [WARN] DbFile:41 - Overriding database path with different value: /home/kireiji/.stmcufinder/plugins/mcufinder/ => /home/kireiji/.stmcufinder/plugins/mcufinder
2024-12-01 17:31:24,129 [INFO] CrossReferenceDbSqlite:203 - Set database path to: /home/kireiji/.stmcufinder/plugins/mcufinder//mcu/cs/
2024-12-01 17:31:24,174 [INFO] MainPanel:268 - HeapMemory: 268435456
2024-12-01 17:31:24,255 [INFO] DbMcusXml:78 - Set database path to: /opt/st/stm32cubeide_1.16.1/plugins/com.st.stm32cube.common.mx_6.12.1.202409122256//db//mcu/
2024-12-01 17:31:24,255 [INFO] ApiDb:274 - Set plugin database path to: /opt/st/stm32cubeide_1.16.1/plugins/com.st.stm32cube.common.mx_6.12.1.202409122256//db//plugins/boardmanager/
2024-12-01 17:31:24,255 [INFO] ApiDb:261 - Set plugin images path to: /opt/st/stm32cubeide_1.16.1/plugins/com.st.stm32cube.common.mx_6.12.1.202409122256//db//plugins/mcufinder/images/
2024-12-01 17:31:24,255 [WARN] DbFile:41 - Overriding database path with different value: /home/kireiji/.stmcufinder/plugins/mcufinder/ => /home/kireiji/.stmcufinder/plugins/mcufinder
2024-12-01 17:31:24,255 [INFO] ApiDb:250 - Set database path to: /home/kireiji/.stmcufinder/plugins/mcufinder//mcu/
2024-12-01 17:31:24,255 [WARN] DbFile:41 - Overriding database path with different value: /home/kireiji/.stmcufinder/plugins/mcufinder/ => /home/kireiji/.stmcufinder/plugins/mcufinder
2024-12-01 17:31:24,255 [INFO] DbMcusAds:125 - Set database path to: /home/kireiji/.stmcufinder/plugins/mcufinder//mcu/
2024-12-01 17:31:24,255 [WARN] DbFile:41 - Overriding database path with different value: /home/kireiji/.stmcufinder/plugins/mcufinder/ => /home/kireiji/.stmcufinder/plugins/mcufinder
2024-12-01 17:31:24,255 [WARN] DbFile:41 - Overriding database path with different value: /home/kireiji/.stmcufinder/plugins/mcufinder/ => /home/kireiji/.stmcufinder/plugins/mcufinder
2024-12-01 17:31:24,255 [INFO] CrossReferenceDbSqlite:203 - Set database path to: /home/kireiji/.stmcufinder/plugins/mcufinder//mcu/cs/
2024-12-01 17:31:24,264 [INFO] ApplicationProperties:184 - Using Application install path: /opt/st/stm32cubeide_1.16.1/plugins/com.st.stm32cube.common.mx_6.12.1.202409122256
2024-12-01 17:31:24,265 [INFO] PluginManage:196 - Search for loadable plugins [exclusion list=, ]
2024-12-01 17:31:24,266 [INFO] PluginManage:310 - Check plugin analytics
2024-12-01 17:31:24,347 [INFO] AnalyticsPlugin:253 - Accepted Software Licenses: 
2024-12-01 17:31:24,348 [INFO] AnalyticsPlugin:255 - Accepted CMSIS Pack Licenses: 
2024-12-01 17:31:24,348 [INFO] AnalyticsPlugin:257 - Accepted Firmware Licenses: FW.G4.1.6.0,FW.H7.1.11.0
2024-12-01 17:31:24,349 [INFO] PluginManage:359 - Loaded plugin analytics (category:tool,tabindex:-1)
2024-12-01 17:31:24,350 [INFO] PluginManage:310 - Check plugin cadmodel
2024-12-01 17:31:24,353 [INFO] CADModel:105 - Init CAD model plugin
2024-12-01 17:31:24,353 [INFO] PluginManage:359 - Loaded plugin cadmodel (category:power,tabindex:5)
2024-12-01 17:31:24,353 [INFO] PluginManage:310 - Check plugin clock
2024-12-01 17:31:24,360 [INFO] PluginManage:359 - Loaded plugin clock (category:base,tabindex:2)
2024-12-01 17:31:24,360 [INFO] PluginManage:310 - Check plugin ddr
2024-12-01 17:31:24,362 [INFO] PluginManage:359 - Loaded plugin ddr (category:tool,tabindex:6)
2024-12-01 17:31:24,362 [INFO] PluginManage:310 - Check plugin filemanager
2024-12-01 17:31:24,474 [INFO] PluginManage:359 - Loaded plugin filemanager (category:base,tabindex:10)
2024-12-01 17:31:24,474 [INFO] PluginManage:310 - Check plugin ipmanager
2024-12-01 17:31:24,479 [INFO] PluginManage:359 - Loaded plugin ipmanager (category:base,tabindex:5)
2024-12-01 17:31:24,479 [INFO] PluginManage:310 - Check plugin lpbam
2024-12-01 17:31:24,486 [INFO] PluginManage:359 - Loaded plugin lpbam (category:base,tabindex:0)
2024-12-01 17:31:24,486 [INFO] PluginManage:310 - Check plugin memorymap
2024-12-01 17:31:24,495 [INFO] PluginManage:359 - Loaded plugin memorymap (category:base,tabindex:4)
2024-12-01 17:31:24,495 [INFO] PluginManage:310 - Check plugin pinoutandconfiguration
2024-12-01 17:31:24,500 [INFO] PluginManage:359 - Loaded plugin pinoutandconfiguration (category:base,tabindex:1)
2024-12-01 17:31:24,500 [INFO] PluginManage:310 - Check plugin pinoutconfig
2024-12-01 17:31:24,553 [WARN] SupportedApi:132 - Cannot load RTOS API schema: s4s-elt-must-match.1: The content of 'definitions' must match (annotation?, (simpleType | complexType)?, (unique | key | keyref)*)). A problem was found starting at: attribute.
2024-12-01 17:31:24,634 [INFO] PluginManage:359 - Loaded plugin pinoutconfig (category:base,tabindex:0)
2024-12-01 17:31:24,634 [INFO] PluginManage:310 - Check plugin power
2024-12-01 17:31:24,641 [INFO] PluginManage:359 - Loaded plugin power (category:power,tabindex:4)
2024-12-01 17:31:24,641 [INFO] PluginManage:310 - Check plugin projectmanager
2024-12-01 17:31:24,652 [INFO] PluginManage:359 - Loaded plugin projectmanager (category:projectmanager,tabindex:4)
2024-12-01 17:31:24,652 [INFO] PluginManage:310 - Check plugin rif
2024-12-01 17:31:24,657 [INFO] PluginManage:359 - Loaded plugin rif (category:base,tabindex:3)
2024-12-01 17:31:24,657 [INFO] PluginManage:310 - Check plugin thirdparty
2024-12-01 17:31:24,744 [INFO] PluginManage:359 - Loaded plugin thirdparty (category:base,tabindex:-1)
2024-12-01 17:31:24,744 [WARN] IntegrityCheckThread:84 - waiting for thirdparty lock release [integrity check]
2024-12-01 17:31:24,745 [INFO] PluginManage:310 - Check plugin tools
2024-12-01 17:31:24,745 [INFO] IntegrityCheckThread:86 - entering critical section [integrity check]
2024-12-01 17:31:24,745 [INFO] ThirdPartyUpdaterWithRetryManager:70 - Updater plugin not ready yet. [1/15]
2024-12-01 17:31:24,747 [INFO] PluginManage:359 - Loaded plugin tools (category:base,tabindex:7)
2024-12-01 17:31:24,747 [INFO] PluginManage:310 - Check plugin tutovideos
2024-12-01 17:31:24,854 [INFO] PluginManage:359 - Loaded plugin tutovideos (category:base,tabindex:-1)
2024-12-01 17:31:24,854 [INFO] PluginManage:310 - Check plugin updater
2024-12-01 17:31:24,866 [INFO] PluginManage:359 - Loaded plugin updater (category:base,tabindex:12)
2024-12-01 17:31:24,866 [INFO] PluginManage:310 - Check plugin userauth
2024-12-01 17:31:24,870 [INFO] UserAuth:113 - Init User Auth plugin
2024-12-01 17:31:24,871 [INFO] PluginManage:359 - Loaded plugin userauth (category:base,tabindex:14)
2024-12-01 17:31:24,871 [INFO] PluginManage:283 - PluginManage : Loaded plugins [18]
2024-12-01 17:31:24,991 [INFO] PinOutPanel:1561 - setPackage(No Configuration,No Configuration)
2024-12-01 17:31:25,054 [INFO] CADModel:165 - CPN selected for project level
2024-12-01 17:31:25,054 [INFO] CADModel:114 - Register for checkConnection events
2024-12-01 17:31:25,063 [INFO] IPUIPlugin:80 - create IPUIPlugin
2024-12-01 17:31:25,063 [INFO] PluginManager:220 - loadIPPluginJar : add lorawan
2024-12-01 17:31:25,065 [INFO] IPUIPlugin:80 - create IPUIPlugin
2024-12-01 17:31:25,066 [INFO] PluginManager:220 - loadIPPluginJar : add pdm2pcm
2024-12-01 17:31:25,066 [INFO] IPUIPlugin:80 - create IPUIPlugin
2024-12-01 17:31:25,066 [INFO] PluginManager:220 - loadIPPluginJar : add fatfs
2024-12-01 17:31:25,068 [INFO] IPUIPlugin:80 - create IPUIPlugin
2024-12-01 17:31:25,068 [INFO] PluginManager:220 - loadIPPluginJar : add extmemmanager
2024-12-01 17:31:25,069 [INFO] IPUIPlugin:80 - create IPUIPlugin
2024-12-01 17:31:25,070 [INFO] PluginManager:220 - loadIPPluginJar : add gtzc
2024-12-01 17:31:25,074 [INFO] IPUIPlugin:80 - create IPUIPlugin
2024-12-01 17:31:25,075 [INFO] PluginManager:220 - loadIPPluginJar : add freertos
2024-12-01 17:31:25,080 [INFO] IPUIPlugin:80 - create IPUIPlugin
2024-12-01 17:31:25,080 [INFO] PluginManager:220 - loadIPPluginJar : add stm32_wpan
2024-12-01 17:31:25,081 [INFO] IPUIPlugin:80 - create IPUIPlugin
2024-12-01 17:31:25,082 [INFO] PluginManager:220 - loadIPPluginJar : add dma3
2024-12-01 17:31:25,083 [INFO] IPUIPlugin:80 - create IPUIPlugin
2024-12-01 17:31:25,084 [INFO] PluginManager:220 - loadIPPluginJar : add ddr_ctrl_phy
2024-12-01 17:31:25,087 [INFO] IPUIPlugin:80 - create IPUIPlugin
2024-12-01 17:31:25,089 [INFO] PluginManager:220 - loadIPPluginJar : add plateformsettings
2024-12-01 17:31:25,090 [INFO] IPUIPlugin:80 - create IPUIPlugin
2024-12-01 17:31:25,090 [INFO] PluginManager:220 - loadIPPluginJar : add tsc
2024-12-01 17:31:25,092 [INFO] IPUIPlugin:80 - create IPUIPlugin
2024-12-01 17:31:25,092 [INFO] PluginManager:220 - loadIPPluginJar : add aes
2024-12-01 17:31:25,096 [INFO] IPUIPlugin:80 - create IPUIPlugin
2024-12-01 17:31:25,096 [INFO] PluginManager:220 - loadIPPluginJar : add mdma
2024-12-01 17:31:25,098 [INFO] IPUIPlugin:80 - create IPUIPlugin
2024-12-01 17:31:25,098 [INFO] PluginManager:220 - loadIPPluginJar : add nvic
2024-12-01 17:31:25,099 [INFO] IPUIPlugin:80 - create IPUIPlugin
2024-12-01 17:31:25,099 [INFO] PluginManager:220 - loadIPPluginJar : add hash
2024-12-01 17:31:25,100 [INFO] IPUIPlugin:80 - create IPUIPlugin
2024-12-01 17:31:25,100 [INFO] PluginManager:220 - loadIPPluginJar : add ts
2024-12-01 17:31:25,101 [INFO] IPUIPlugin:80 - create IPUIPlugin
2024-12-01 17:31:25,101 [INFO] PluginManager:220 - loadIPPluginJar : add usart
2024-12-01 17:31:25,102 [INFO] IPUIPlugin:80 - create IPUIPlugin
2024-12-01 17:31:25,102 [INFO] PluginManager:220 - loadIPPluginJar : add radio
2024-12-01 17:31:25,106 [INFO] IPUIPlugin:80 - create IPUIPlugin
2024-12-01 17:31:25,106 [INFO] PluginManager:220 - loadIPPluginJar : add linkedlist
2024-12-01 17:31:25,108 [INFO] IPUIPlugin:80 - create IPUIPlugin
2024-12-01 17:31:25,108 [INFO] PluginManager:220 - loadIPPluginJar : add ipddr
2024-12-01 17:31:25,110 [INFO] IPUIPlugin:80 - create IPUIPlugin
2024-12-01 17:31:25,111 [INFO] PluginManager:220 - loadIPPluginJar : add gic
2024-12-01 17:31:25,112 [INFO] IPUIPlugin:80 - create IPUIPlugin
2024-12-01 17:31:25,112 [INFO] PluginManager:220 - loadIPPluginJar : add opamp
2024-12-01 17:31:25,113 [INFO] IPUIPlugin:80 - create IPUIPlugin
2024-12-01 17:31:25,113 [INFO] PluginManager:220 - loadIPPluginJar : add gfxmmu
2024-12-01 17:31:25,114 [INFO] IPUIPlugin:80 - create IPUIPlugin
2024-12-01 17:31:25,114 [INFO] PluginManager:220 - loadIPPluginJar : add ltdc
2024-12-01 17:31:25,116 [INFO] IPUIPlugin:80 - create IPUIPlugin
2024-12-01 17:31:25,116 [INFO] PluginManager:220 - loadIPPluginJar : add sai
2024-12-01 17:31:25,118 [INFO] IPUIPlugin:80 - create IPUIPlugin
2024-12-01 17:31:25,118 [INFO] PluginManager:220 - loadIPPluginJar : add fmc
2024-12-01 17:31:25,119 [INFO] IPUIPlugin:80 - create IPUIPlugin
2024-12-01 17:31:25,119 [INFO] PluginManager:220 - loadIPPluginJar : add tracer_emb
2024-12-01 17:31:25,122 [INFO] IPUIPlugin:80 - create IPUIPlugin
2024-12-01 17:31:25,122 [INFO] PluginManager:220 - loadIPPluginJar : add adc
2024-12-01 17:31:25,123 [INFO] IPUIPlugin:80 - create IPUIPlugin
2024-12-01 17:31:25,123 [INFO] PluginManager:220 - loadIPPluginJar : add dfsdm
2024-12-01 17:31:25,124 [INFO] IPUIPlugin:80 - create IPUIPlugin
2024-12-01 17:31:25,124 [INFO] PluginManager:220 - loadIPPluginJar : add i2s
2024-12-01 17:31:25,127 [INFO] IPUIPlugin:80 - create IPUIPlugin
2024-12-01 17:31:25,127 [INFO] PluginManager:220 - loadIPPluginJar : add dma
2024-12-01 17:31:25,128 [INFO] IPUIPlugin:80 - create IPUIPlugin
2024-12-01 17:31:25,128 [INFO] PluginManager:220 - loadIPPluginJar : add comp
2024-12-01 17:31:25,129 [INFO] IPUIPlugin:80 - create IPUIPlugin
2024-12-01 17:31:25,129 [INFO] PluginManager:220 - loadIPPluginJar : add can
2024-12-01 17:31:25,131 [INFO] IPUIPlugin:80 - create IPUIPlugin
2024-12-01 17:31:25,131 [INFO] PluginManager:220 - loadIPPluginJar : add usbx
2024-12-01 17:31:25,131 [INFO] IPUIPlugin:80 - create IPUIPlugin
2024-12-01 17:31:25,131 [INFO] PluginManager:220 - loadIPPluginJar : add genericplugin
2024-12-01 17:31:25,133 [INFO] IPUIPlugin:80 - create IPUIPlugin
2024-12-01 17:31:25,133 [INFO] PluginManager:220 - loadIPPluginJar : add resmgrutility
2024-12-01 17:31:25,136 [INFO] IPUIPlugin:80 - create IPUIPlugin
2024-12-01 17:31:25,136 [INFO] PluginManager:220 - loadIPPluginJar : add gpio
2024-12-01 17:31:25,137 [INFO] IPUIPlugin:80 - create IPUIPlugin
2024-12-01 17:31:25,137 [INFO] PluginManager:220 - loadIPPluginJar : add spi
2024-12-01 17:31:25,138 [INFO] IPUIPlugin:80 - create IPUIPlugin
2024-12-01 17:31:25,138 [INFO] PluginManager:220 - loadIPPluginJar : add quadspi
2024-12-01 17:31:25,139 [INFO] IPUIPlugin:80 - create IPUIPlugin
2024-12-01 17:31:25,139 [INFO] PluginManager:220 - loadIPPluginJar : add openamp
2024-12-01 17:31:25,140 [INFO] IPUIPlugin:80 - create IPUIPlugin
2024-12-01 17:31:25,140 [INFO] PluginManager:220 - loadIPPluginJar : add i2c
2024-12-01 17:31:25,141 [INFO] IPUIPlugin:80 - create IPUIPlugin
2024-12-01 17:31:25,142 [INFO] PluginManager:220 - loadIPPluginJar : add i3c
2024-12-01 17:31:25,143 [INFO] IPUIPlugin:80 - create IPUIPlugin
2024-12-01 17:31:25,143 [INFO] PluginManager:220 - loadIPPluginJar : add tim
2024-12-01 17:31:25,146 [INFO] IPUIPlugin:80 - create IPUIPlugin
2024-12-01 17:31:25,146 [INFO] PluginManager:220 - loadIPPluginJar : add touchsensing
2024-12-01 17:31:25,147 [INFO] IPUIPlugin:80 - create IPUIPlugin
2024-12-01 17:31:25,147 [INFO] PluginManager:220 - loadIPPluginJar : add ucpd
2024-12-01 17:31:25,148 [INFO] IPUIPlugin:80 - create IPUIPlugin
2024-12-01 17:31:25,148 [INFO] PluginManager:220 - loadIPPluginJar : add cryp
2024-12-01 17:31:25,235 [INFO] CADModel:165 - CPN selected for project level
2024-12-01 17:31:25,235 [INFO] CADModel:114 - Register for checkConnection events
2024-12-01 17:31:25,235 [FATAL] Updater:334 - Updater called before beeing initialized
2024-12-01 17:31:25,235 [ERROR] CADModel:125 - Updater not yet initialized, retry later 
2024-12-01 17:31:25,324 [INFO] CADModel:165 - CPN selected for project level
2024-12-01 17:31:25,325 [INFO] CADModel:114 - Register for checkConnection events
2024-12-01 17:31:25,325 [FATAL] Updater:334 - Updater called before beeing initialized
2024-12-01 17:31:25,325 [ERROR] CADModel:125 - Updater not yet initialized, retry later 
2024-12-01 17:31:25,329 [FATAL] Updater:334 - Updater called before beeing initialized
2024-12-01 17:31:25,387 [FATAL] Updater:334 - Updater called before beeing initialized
2024-12-01 17:31:25,389 [INFO] DbMcusAds:53 - JSON generation date=Fri Sep 20 20:04:38 ICT 2024 (1726837478367)
2024-12-01 17:31:25,390 [FATAL] Updater:334 - Updater called before beeing initialized
2024-12-01 17:31:25,412 [WARN] DetailPanel:346 - Failed to get advertising image, set to default
2024-12-01 17:31:25,464 [FATAL] Updater:334 - Updater called before beeing initialized
2024-12-01 17:31:25,466 [FATAL] Updater:334 - Updater called before beeing initialized
2024-12-01 17:31:25,466 [FATAL] Updater:334 - Updater called before beeing initialized
2024-12-01 17:31:25,466 [WARN] DetailPanel:346 - Failed to get advertising image, set to default
2024-12-01 17:31:25,467 [FATAL] Updater:334 - Updater called before beeing initialized
2024-12-01 17:31:25,487 [ERROR] Updater:1164 - MainUpdater not yet initialized. External WinMGr cannot be set.
2024-12-01 17:31:25,489 [INFO] Updater:1100 - Updater Version found : 6.12.1
2024-12-01 17:31:25,503 [INFO] ApplicationProperties:184 - Using Application install path: /opt/st/stm32cubeide_1.16.1/plugins/com.st.stm32cube.common.mx_6.12.1.202409122256
2024-12-01 17:31:25,718 [INFO] MainUpdater:2873 - connection check result : 10
2024-12-01 17:31:25,718 [INFO] MainUpdater:3567 - Updater definition file requires update
2024-12-01 17:31:25,719 [INFO] MainUpdater:290 - Updater Check For Update Now.
2024-12-01 17:31:25,719 [INFO] MicroXplorer:498 - Change Database Version : DB.6.0.121
2024-12-01 17:31:25,723 [INFO] McuFinderGlobals:63 - Set McuFinder mode to 2 (CubeIDE integrated)
2024-12-01 17:31:25,724 [INFO] UserAuth:417 - Internet connection configuration mode: 1
2024-12-01 17:31:25,739 [INFO] JxBrowserEngine:152 - Initiate JxBrowser Engine with user profile folder
2024-12-01 17:31:25,742 [INFO] ServerAccessManage:473 - Download File updaters.zip
2024-12-01 17:31:25,833 [INFO] FileExtend:240 - Unzip File : updaters.zip
2024-12-01 17:31:25,833 [INFO] FileExtend:255 - Standard Zip Deflate
2024-12-01 17:31:25,963 [INFO] ServerAccessManage:473 - Download File PacksControlFlags.xml
2024-12-01 17:31:25,996 [INFO] ServerAccessManage:473 - Download File cubemx.pidx
2024-12-01 17:31:26,054 [INFO] LoadServerUpdatesThread:375 - End of LoadServerUpdate Thread
2024-12-01 17:31:26,195 [INFO] CheckServerUpdateThread:120 - End of CheckServer Thread
2024-12-01 17:31:26,442 [INFO] WebApp:167 - Instantiating new browser for Auth
2024-12-01 17:31:27,042 [INFO] WebApp:448 - Apply proxy settings
2024-12-01 17:31:27,042 [INFO] WebApp:533 - Chromium requires no authentication
2024-12-01 17:31:27,048 [INFO] WebApp:476 - Direct internet connection detected
2024-12-01 17:31:27,058 [INFO] WebApp:869 - Register for checkConnection events
2024-12-01 17:31:27,059 [INFO] WebApp:448 - Apply proxy settings
2024-12-01 17:31:27,059 [INFO] WebApp:533 - Chromium requires no authentication
2024-12-01 17:31:27,059 [INFO] WebApp:476 - Direct internet connection detected
2024-12-01 17:31:27,146 [INFO] WebApp:220 - Starting web application
2024-12-01 17:31:27,147 [INFO] WebApp:578 - Web application path used /opt/st/stm32cubeide_1.16.1/plugins/com.st.stm32cube.common.mx_6.12.1.202409122256/db/plugins/mcufinder/reactClient1/index.html
2024-12-01 17:31:27,224 [INFO] UserAuth:417 - Internet connection configuration mode: 1
2024-12-01 17:31:27,542 [INFO] WebApp:186 - Connection restablished
2024-12-01 17:31:27,817 [WARN] PackLoader:240 - Cannot read IP mode file for STMicroelectronics.FP-SNS-MOTENVWB1.1.4.0
2024-12-01 17:31:27,822 [WARN] PackLoader:240 - Cannot read IP mode file for STMicroelectronics.FP-ATR-ASTRA1.2.0.1
2024-12-01 17:31:27,826 [WARN] PackLoader:240 - Cannot read IP mode file for STMicroelectronics.X-CUBE-SMBUS.2.1.0
2024-12-01 17:31:27,831 [WARN] PackLoader:240 - Cannot read IP mode file for STMicroelectronics.X-CUBE-WB05N.1.1.0
2024-12-01 17:31:27,850 [WARN] PackLoader:240 - Cannot read IP mode file for STMicroelectronics.X-CUBE-AZRTOS-F7.1.1.0
2024-12-01 17:31:27,856 [WARN] PackLoader:240 - Cannot read IP mode file for STMicroelectronics.FP-SNS-FLIGHT1.5.0.2
2024-12-01 17:31:27,862 [WARN] PackLoader:240 - Cannot read IP mode file for STMicroelectronics.X-CUBE-DISPLAY.3.0.0
2024-12-01 17:31:27,870 [WARN] PackLoader:240 - Cannot read IP mode file for STMicroelectronics.X-CUBE-BLE1.7.0.0
2024-12-01 17:31:27,875 [WARN] PackLoader:240 - Cannot read IP mode file for emotas.I-CUBE-CANOPEN.1.3.0
2024-12-01 17:31:27,888 [WARN] PackLoader:240 - Cannot read IP mode file for STMicroelectronics.X-CUBE-BLEMGR.3.1.0
2024-12-01 17:31:27,896 [WARN] PackLoader:240 - Cannot read IP mode file for STMicroelectronics.FP-SNS-SMARTAG2.1.2.0
2024-12-01 17:31:27,903 [INFO] LogOutputStream:77 - [STDOUT_REDIRECT] 1 : Invalid condition id : UX_CORESTACK_Condition cause : null
2024-12-01 17:31:27,903 [INFO] LogOutputStream:77 - [STDOUT_REDIRECT] 1 : Invalid condition id : UX_CORESTACK_Condition cause : null
2024-12-01 17:31:27,904 [INFO] LogOutputStream:77 - [STDOUT_REDIRECT] 1 : Invalid condition id : UX_CORESTACK_Condition cause : null
2024-12-01 17:31:27,904 [INFO] LogOutputStream:77 - [STDOUT_REDIRECT] 1 : Invalid condition id : UX_CORESTACK_Condition cause : null
2024-12-01 17:31:27,904 [INFO] LogOutputStream:77 - [STDOUT_REDIRECT] 1 : Invalid condition id : UX_CORESTACK_Condition cause : null
2024-12-01 17:31:27,907 [WARN] PackLoader:240 - Cannot read IP mode file for STMicroelectronics.X-CUBE-AZRTOS-WL.2.0.0
2024-12-01 17:31:27,911 [WARN] PackLoader:240 - Cannot read IP mode file for STMicroelectronics.FP-SNS-MOTENV1.5.0.0
2024-12-01 17:31:27,915 [WARN] PackLoader:240 - Cannot read IP mode file for wolfSSL.I-CUBE-wolfMQTT.1.19.0
2024-12-01 17:31:27,921 [WARN] PackLoader:240 - Cannot read IP mode file for WES.I-CUBE-Cesium.1.3.0
2024-12-01 17:31:27,925 [WARN] PackLoader:240 - Cannot read IP mode file for STMicroelectronics.X-CUBE-BLE2.3.3.0
2024-12-01 17:31:27,930 [WARN] PackLoader:240 - Cannot read IP mode file for STMicroelectronics.X-CUBE-TCPP.4.1.0
2024-12-01 17:31:27,952 [WARN] PackLoader:240 - Cannot read IP mode file for STMicroelectronics.X-CUBE-AZRTOS-G0.1.1.0
2024-12-01 17:31:27,962 [WARN] PackLoader:240 - Cannot read IP mode file for STMicroelectronics.X-CUBE-SAFEA1.1.2.2
2024-12-01 17:31:27,969 [WARN] PackLoader:240 - Cannot read IP mode file for STMicroelectronics.X-CUBE-NFC4.3.0.0
2024-12-01 17:31:27,981 [WARN] PackLoader:240 - Cannot read IP mode file for EmbeddedOffice.I-CUBE-FS-RTOS.1.0.1
2024-12-01 17:31:27,982 [ERROR] ConditionMgr:805 - Attr not supported : Dmpu
2024-12-01 17:31:27,983 [ERROR] ConditionMgr:805 - Attr not supported : Dmpu
2024-12-01 17:31:27,983 [ERROR] ConditionMgr:805 - Attr not supported : Dmpu
2024-12-01 17:31:27,983 [ERROR] ConditionMgr:805 - Attr not supported : Dmpu
2024-12-01 17:31:27,983 [ERROR] ConditionMgr:805 - Attr not supported : Dmpu
2024-12-01 17:31:27,983 [ERROR] ConditionMgr:805 - Attr not supported : Dmpu
2024-12-01 17:31:27,983 [ERROR] ConditionMgr:805 - Attr not supported : Dmpu
2024-12-01 17:31:27,983 [ERROR] ConditionMgr:805 - Attr not supported : Dmpu
2024-12-01 17:31:27,983 [ERROR] ConditionMgr:805 - Attr not supported : Dmpu
2024-12-01 17:31:27,983 [ERROR] ConditionMgr:805 - Attr not supported : Dmpu
2024-12-01 17:31:27,983 [ERROR] ConditionMgr:805 - Attr not supported : Dmpu
2024-12-01 17:31:27,984 [ERROR] ConditionMgr:805 - Attr not supported : Dmpu
2024-12-01 17:31:27,984 [ERROR] ConditionMgr:805 - Attr not supported : Dmpu
2024-12-01 17:31:27,984 [ERROR] ConditionMgr:805 - Attr not supported : Dmpu
2024-12-01 17:31:27,984 [ERROR] ConditionMgr:805 - Attr not supported : Dmpu
2024-12-01 17:31:27,984 [ERROR] ConditionMgr:805 - Attr not supported : Dmpu
2024-12-01 17:31:27,984 [ERROR] ConditionMgr:805 - Attr not supported : Dmpu
2024-12-01 17:31:27,984 [ERROR] ConditionMgr:805 - Attr not supported : Dmpu
2024-12-01 17:31:27,984 [ERROR] ConditionMgr:805 - Attr not supported : Dmpu
2024-12-01 17:31:27,984 [ERROR] ConditionMgr:805 - Attr not supported : Dmpu
2024-12-01 17:31:27,984 [ERROR] ConditionMgr:805 - Attr not supported : Dmpu
2024-12-01 17:31:27,984 [ERROR] ConditionMgr:805 - Attr not supported : Dmpu
2024-12-01 17:31:27,984 [ERROR] ConditionMgr:805 - Attr not supported : Dmpu
2024-12-01 17:31:27,984 [ERROR] ConditionMgr:805 - Attr not supported : Dmpu
2024-12-01 17:31:27,984 [ERROR] ConditionMgr:805 - Attr not supported : Dmpu
2024-12-01 17:31:27,985 [ERROR] ConditionMgr:805 - Attr not supported : Dmpu
2024-12-01 17:31:27,985 [ERROR] ConditionMgr:805 - Attr not supported : Dmpu
2024-12-01 17:31:27,985 [ERROR] ConditionMgr:805 - Attr not supported : Dmpu
2024-12-01 17:31:27,985 [ERROR] ConditionMgr:805 - Attr not supported : Dmpu
2024-12-01 17:31:27,985 [ERROR] ConditionMgr:805 - Attr not supported : Dmpu
2024-12-01 17:31:27,985 [ERROR] ConditionMgr:805 - Attr not supported : Dmpu
2024-12-01 17:31:27,985 [ERROR] ConditionMgr:805 - Attr not supported : Dmpu
2024-12-01 17:31:27,985 [ERROR] ConditionMgr:805 - Attr not supported : Dmpu
2024-12-01 17:31:27,985 [ERROR] ConditionMgr:805 - Attr not supported : Dmpu
2024-12-01 17:31:27,985 [ERROR] ConditionMgr:805 - Attr not supported : Dmpu
2024-12-01 17:31:27,985 [ERROR] ConditionMgr:805 - Attr not supported : Dmpu
2024-12-01 17:31:27,985 [ERROR] ConditionMgr:805 - Attr not supported : Dmpu
2024-12-01 17:31:27,985 [ERROR] ConditionMgr:805 - Attr not supported : Dmpu
2024-12-01 17:31:27,985 [ERROR] ConditionMgr:805 - Attr not supported : Dmpu
2024-12-01 17:31:27,985 [ERROR] ConditionMgr:805 - Attr not supported : Dmpu
2024-12-01 17:31:27,985 [ERROR] ConditionMgr:805 - Attr not supported : Dmpu
2024-12-01 17:31:27,986 [ERROR] ConditionMgr:805 - Attr not supported : Dmpu
2024-12-01 17:31:27,986 [ERROR] ConditionMgr:805 - Attr not supported : Dmpu
2024-12-01 17:31:27,986 [ERROR] ConditionMgr:805 - Attr not supported : Dmpu
2024-12-01 17:31:27,986 [ERROR] ConditionMgr:805 - Attr not supported : Dmpu
2024-12-01 17:31:27,986 [ERROR] ConditionMgr:805 - Attr not supported : Dmpu
2024-12-01 17:31:27,986 [ERROR] ConditionMgr:805 - Attr not supported : Dmpu
2024-12-01 17:31:27,986 [ERROR] ConditionMgr:805 - Attr not supported : Dmpu
2024-12-01 17:31:27,986 [ERROR] ConditionMgr:805 - Attr not supported : Dmpu
2024-12-01 17:31:27,986 [ERROR] ConditionMgr:805 - Attr not supported : Dmpu
2024-12-01 17:31:27,986 [ERROR] ConditionMgr:805 - Attr not supported : Dmpu
2024-12-01 17:31:27,986 [ERROR] ConditionMgr:805 - Attr not supported : Dmpu
2024-12-01 17:31:27,986 [ERROR] ConditionMgr:805 - Attr not supported : Dmpu
2024-12-01 17:31:27,986 [ERROR] ConditionMgr:805 - Attr not supported : Dmpu
2024-12-01 17:31:27,986 [ERROR] ConditionMgr:805 - Attr not supported : Dmpu
2024-12-01 17:31:27,986 [ERROR] ConditionMgr:805 - Attr not supported : Dmpu
2024-12-01 17:31:27,986 [ERROR] ConditionMgr:805 - Attr not supported : Dmpu
2024-12-01 17:31:27,986 [ERROR] ConditionMgr:805 - Attr not supported : Dmpu
2024-12-01 17:31:27,986 [ERROR] ConditionMgr:805 - Attr not supported : Dmpu
2024-12-01 17:31:27,986 [ERROR] ConditionMgr:805 - Attr not supported : Dmpu
2024-12-01 17:31:27,986 [ERROR] ConditionMgr:805 - Attr not supported : Dmpu
2024-12-01 17:31:27,986 [ERROR] ConditionMgr:805 - Attr not supported : Dmpu
2024-12-01 17:31:27,987 [ERROR] ConditionMgr:805 - Attr not supported : Dmpu
2024-12-01 17:31:27,987 [ERROR] ConditionMgr:805 - Attr not supported : Dmpu
2024-12-01 17:31:27,994 [WARN] PackLoader:240 - Cannot read IP mode file for RealThread.X-CUBE-RT-Thread_Nano.4.1.1
2024-12-01 17:31:27,997 [WARN] PackLoader:240 - Cannot read IP mode file for STMicroelectronics.FP-ATR-SIGFOX1.3.2.0
2024-12-01 17:31:28,000 [WARN] ConditionMgr:438 - getConditionDescription Invalid condition id : Cortex-A Device cause : null
2024-12-01 17:31:28,010 [WARN] ConditionMgr:1039 - genDependencies : Invalid condition id : Cortex-A Device cause : null
2024-12-01 17:31:28,010 [WARN] ConditionMgr:1039 - genDependencies : Invalid condition id : Cortex-A Device cause : null
2024-12-01 17:31:28,010 [WARN] ConditionMgr:1039 - genDependencies : Invalid condition id : Cortex-A Device cause : null
2024-12-01 17:31:28,015 [WARN] PackLoader:240 - Cannot read IP mode file for STMicroelectronics.X-CUBE-EEPRMA1.5.1.0
2024-12-01 17:31:28,021 [WARN] PackLoader:240 - Cannot read IP mode file for wolfSSL.I-CUBE-wolfSSL.5.7.4
2024-12-01 17:31:28,025 [WARN] PackLoader:240 - Cannot read IP mode file for ITTIA_DB.I-CUBE-ITTIADB.8.9.0
2024-12-01 17:31:28,062 [WARN] PackLoader:240 - Cannot read IP mode file for SEGGER.I-CUBE-embOS.1.3.1
2024-12-01 17:31:28,119 [WARN] PackLoader:240 - Cannot read IP mode file for STMicroelectronics.X-CUBE-ALGOBUILD.1.4.0
2024-12-01 17:31:28,138 [WARN] PackLoader:240 - Cannot read IP mode file for STMicroelectronics.X-CUBE-AZRTOS-F4.1.1.0
2024-12-01 17:31:28,147 [WARN] PackLoader:240 - Cannot read IP mode file for STMicroelectronics.X-CUBE-FREERTOS.1.2.0
2024-12-01 17:31:28,166 [WARN] PackLoader:240 - Cannot read IP mode file for STMicroelectronics.X-CUBE-AZRTOS-L5.2.0.0
2024-12-01 17:31:28,179 [WARN] PackLoader:240 - Cannot read IP mode file for STMicroelectronics.X-CUBE-NFC6.3.1.0
2024-12-01 17:31:28,187 [WARN] PackLoader:240 - Cannot read IP mode file for STMicroelectronics.X-CUBE-NFC7.1.0.1
2024-12-01 17:31:28,201 [WARN] ConditionMgr:438 - getConditionDescription Invalid condition id : LAN8742 Phy interface Condition cause : null
2024-12-01 17:31:28,202 [WARN] PackLoader:240 - Cannot read IP mode file for STMicroelectronics.X-CUBE-AZRTOS-L4.2.0.0
2024-12-01 17:31:28,203 [WARN] ConditionMgr:1039 - genDependencies : Invalid condition id : LAN8742 Phy interface Condition cause : null
2024-12-01 17:31:28,204 [WARN] ConditionMgr:1039 - genDependencies : Invalid condition id : LAN8742 Phy interface Condition cause : null
2024-12-01 17:31:28,204 [WARN] ConditionMgr:1039 - genDependencies : Invalid condition id : LAN8742 Phy interface Condition cause : null
2024-12-01 17:31:28,211 [WARN] PackLoader:240 - Cannot read IP mode file for STMicroelectronics.X-CUBE-SFXS2LP1.4.0.0
2024-12-01 17:31:28,229 [WARN] PackLoader:240 - Cannot read IP mode file for STMicroelectronics.X-CUBE-AZRTOS-H7.3.3.0
2024-12-01 17:31:28,244 [WARN] ConditionMgr:438 - getConditionDescription Invalid condition id : UX DEVICE CLASS RTOS Condition cause : null
2024-12-01 17:31:28,245 [WARN] ConditionMgr:438 - getConditionDescription Invalid condition id : UX DEVICE CLASS RTOS Condition cause : null
2024-12-01 17:31:28,247 [WARN] PackLoader:240 - Cannot read IP mode file for STMicroelectronics.X-CUBE-AZRTOS-WB.2.0.0
2024-12-01 17:31:28,248 [WARN] ConditionMgr:1039 - genDependencies : Invalid condition id : UX DEVICE CLASS RTOS Condition cause : null
2024-12-01 17:31:28,248 [WARN] ConditionMgr:1039 - genDependencies : Invalid condition id : UX DEVICE CLASS RTOS Condition cause : null
2024-12-01 17:31:28,249 [WARN] ConditionMgr:1039 - genDependencies : Invalid condition id : UX DEVICE CLASS RTOS Condition cause : null
2024-12-01 17:31:28,249 [WARN] ConditionMgr:1039 - genDependencies : Invalid condition id : UX DEVICE CLASS RTOS Condition cause : null
2024-12-01 17:31:28,249 [WARN] ConditionMgr:1039 - genDependencies : Invalid condition id : UX DEVICE CLASS RTOS Condition cause : null
2024-12-01 17:31:28,258 [WARN] PackLoader:240 - Cannot read IP mode file for STMicroelectronics.X-CUBE-SUBG2.5.0.0
2024-12-01 17:31:28,267 [WARN] PackLoader:240 - Cannot read IP mode file for Cesanta.I-CUBE-Mongoose.7.13.0
2024-12-01 17:31:28,280 [WARN] PackLoader:240 - Cannot read IP mode file for STMicroelectronics.X-CUBE-AZRTOS-G4.2.0.0
2024-12-01 17:31:28,285 [WARN] PackLoader:240 - Cannot read IP mode file for STMicroelectronics.X-CUBE-ALS.1.0.2
2024-12-01 17:31:28,292 [WARN] PackLoader:240 - Cannot read IP mode file for STMicroelectronics.X-CUBE-TOUCHGFX.4.24.1
2024-12-01 17:31:28,295 [WARN] PackLoader:240 - Cannot read IP mode file for wolfSSL.I-CUBE-wolfTPM.3.4.0
2024-12-01 17:31:28,300 [WARN] PackLoader:240 - Cannot read IP mode file for portGmbH.I-Cube-SoM-uGOAL.1.1.0
2024-12-01 17:31:28,317 [WARN] PackLoader:240 - Cannot read IP mode file for STMicroelectronics.X-CUBE-AZRTOS-H7RS.1.0.0
2024-12-01 17:31:28,324 [WARN] PackLoader:240 - Cannot read IP mode file for STMicroelectronics.FP-ATR-ASTRA1.2.0.0
2024-12-01 17:31:28,340 [WARN] PackLoader:240 - Cannot read IP mode file for Infineon.AIROC-Wi-Fi-Bluetooth-STM32.1.6.1
2024-12-01 17:31:28,348 [WARN] PackLoader:240 - Cannot read IP mode file for wolfSSL.I-CUBE-wolfSSH.1.4.17
2024-12-01 17:31:28,350 [INFO] ThirdParty:978 - Integrity check success = true
2024-12-01 17:31:28,350 [INFO] IntegrityCheckThread:100 - exiting critical section [integrity check]
2024-12-01 17:31:28,350 [INFO] IntegrityCheckThread:103 - End integrity checks thread
2024-12-01 17:38:32,644 [INFO] WebApp:189 - Connection lost
2024-12-01 17:38:32,792 [INFO] WebApp:186 - Connection restablished
2024-12-01 17:39:09,826 [INFO] WebApp:189 - Connection lost
2024-12-01 17:39:47,840 [INFO] WebApp:186 - Connection restablished
2024-12-01 17:46:56,676 [INFO] WebApp:189 - Connection lost
2024-12-01 17:46:57,227 [INFO] WebApp:186 - Connection restablished
2024-12-01 17:52:12,356 [INFO] WebApp:189 - Connection lost
2024-12-01 17:52:12,505 [INFO] WebApp:186 - Connection restablished
2024-12-01 17:52:15,628 [INFO] WebApp:189 - Connection lost
2024-12-01 17:52:15,752 [INFO] WebApp:186 - Connection restablished
2024-12-01 17:53:30,681 [INFO] WebApp:189 - Connection lost
2024-12-01 17:53:30,800 [INFO] WebApp:186 - Connection restablished
2024-12-01 17:53:37,846 [INFO] WebApp:189 - Connection lost
2024-12-01 17:53:37,977 [INFO] WebApp:186 - Connection restablished
2024-12-01 18:01:58,059 [INFO] WebApp:189 - Connection lost
2024-12-01 18:01:58,196 [INFO] WebApp:186 - Connection restablished
2024-12-01 18:07:17,281 [ERROR] ConfigurationRetriever:142 - IOException on connection: sw-center.st.com
2024-12-01 18:07:17,282 [ERROR] ConfigurationRetriever:142 - IOException on connection: sw-center.st.com
2024-12-01 18:07:17,283 [ERROR] ConfigurationRetriever:142 - IOException on connection: sw-center.st.com
2024-12-01 18:07:22,707 [ERROR] LogOutputStream:75 - [STDERR_REDIRECT] 
2024-12-01 18:07:54,808 [INFO] Activator:176 - 


2024-12-01 18:07:54,810 [INFO] Activator:177 - !SESSION log4j initialized
2024-12-01 18:07:59,724 [INFO] LogOutputStream:77 - [STDOUT_REDIRECT] 
2024-12-01 18:08:00,896 [INFO] ApplicationProperties:184 - Using Application install path: /opt/st/stm32cubeide_1.16.1/plugins/com.st.stm32cube.common.mx_6.12.1.202409122256
2024-12-01 18:08:00,909 [INFO] DbMcusXml:78 - Set database path to: /opt/st/stm32cubeide_1.16.1/plugins/com.st.stm32cube.common.mx_6.12.1.202409122256//db//mcu/
2024-12-01 18:08:00,910 [INFO] ApiDb:274 - Set plugin database path to: /opt/st/stm32cubeide_1.16.1/plugins/com.st.stm32cube.common.mx_6.12.1.202409122256//db//plugins/boardmanager/
2024-12-01 18:08:00,910 [WARN] ApiDb:259 - Overriding images path with different value:  => /opt/st/stm32cubeide_1.16.1/plugins/com.st.stm32cube.common.mx_6.12.1.202409122256//db//plugins/mcufinder/images/
2024-12-01 18:08:00,913 [INFO] ApiDb:250 - Set database path to: /home/kireiji/.stmcufinder/plugins/mcufinder//mcu/
2024-12-01 18:08:00,913 [INFO] DbMcusAds:125 - Set database path to: /home/kireiji/.stmcufinder/plugins/mcufinder//mcu/
2024-12-01 18:08:00,915 [INFO] CrossReferenceDbSqlite:203 - Set database path to: /home/kireiji/.stmcufinder/plugins/mcufinder//mcu/cs/
2024-12-01 18:08:01,004 [INFO] RulesReader:64 - Compatibility file has been processed (297 Rules)
2024-12-01 18:08:01,061 [INFO] DbMcusXml:78 - Set database path to: /opt/st/stm32cubeide_1.16.1/plugins/com.st.stm32cube.common.mx_6.12.1.202409122256//db//mcu/
2024-12-01 18:08:01,062 [INFO] ApiDb:274 - Set plugin database path to: /opt/st/stm32cubeide_1.16.1/plugins/com.st.stm32cube.common.mx_6.12.1.202409122256//db//plugins/boardmanager/
2024-12-01 18:08:01,062 [INFO] ApiDb:261 - Set plugin images path to: /opt/st/stm32cubeide_1.16.1/plugins/com.st.stm32cube.common.mx_6.12.1.202409122256//db//plugins/mcufinder/images/
2024-12-01 18:08:01,062 [WARN] DbFile:41 - Overriding database path with different value: /home/kireiji/.stmcufinder/plugins/mcufinder/ => /home/kireiji/.stmcufinder/plugins/mcufinder
2024-12-01 18:08:01,062 [INFO] ApiDb:250 - Set database path to: /home/kireiji/.stmcufinder/plugins/mcufinder//mcu/
2024-12-01 18:08:01,062 [WARN] DbFile:41 - Overriding database path with different value: /home/kireiji/.stmcufinder/plugins/mcufinder/ => /home/kireiji/.stmcufinder/plugins/mcufinder
2024-12-01 18:08:01,062 [INFO] DbMcusAds:125 - Set database path to: /home/kireiji/.stmcufinder/plugins/mcufinder//mcu/
2024-12-01 18:08:01,062 [WARN] DbFile:41 - Overriding database path with different value: /home/kireiji/.stmcufinder/plugins/mcufinder/ => /home/kireiji/.stmcufinder/plugins/mcufinder
2024-12-01 18:08:01,062 [WARN] DbFile:41 - Overriding database path with different value: /home/kireiji/.stmcufinder/plugins/mcufinder/ => /home/kireiji/.stmcufinder/plugins/mcufinder
2024-12-01 18:08:01,063 [INFO] CrossReferenceDbSqlite:203 - Set database path to: /home/kireiji/.stmcufinder/plugins/mcufinder//mcu/cs/
2024-12-01 18:08:01,129 [INFO] MainPanel:268 - HeapMemory: 268435456
2024-12-01 18:08:01,245 [INFO] DbMcusXml:78 - Set database path to: /opt/st/stm32cubeide_1.16.1/plugins/com.st.stm32cube.common.mx_6.12.1.202409122256//db//mcu/
2024-12-01 18:08:01,245 [INFO] ApiDb:274 - Set plugin database path to: /opt/st/stm32cubeide_1.16.1/plugins/com.st.stm32cube.common.mx_6.12.1.202409122256//db//plugins/boardmanager/
2024-12-01 18:08:01,245 [INFO] ApiDb:261 - Set plugin images path to: /opt/st/stm32cubeide_1.16.1/plugins/com.st.stm32cube.common.mx_6.12.1.202409122256//db//plugins/mcufinder/images/
2024-12-01 18:08:01,246 [WARN] DbFile:41 - Overriding database path with different value: /home/kireiji/.stmcufinder/plugins/mcufinder/ => /home/kireiji/.stmcufinder/plugins/mcufinder
2024-12-01 18:08:01,246 [INFO] ApiDb:250 - Set database path to: /home/kireiji/.stmcufinder/plugins/mcufinder//mcu/
2024-12-01 18:08:01,246 [WARN] DbFile:41 - Overriding database path with different value: /home/kireiji/.stmcufinder/plugins/mcufinder/ => /home/kireiji/.stmcufinder/plugins/mcufinder
2024-12-01 18:08:01,246 [INFO] DbMcusAds:125 - Set database path to: /home/kireiji/.stmcufinder/plugins/mcufinder//mcu/
2024-12-01 18:08:01,246 [WARN] DbFile:41 - Overriding database path with different value: /home/kireiji/.stmcufinder/plugins/mcufinder/ => /home/kireiji/.stmcufinder/plugins/mcufinder
2024-12-01 18:08:01,246 [WARN] DbFile:41 - Overriding database path with different value: /home/kireiji/.stmcufinder/plugins/mcufinder/ => /home/kireiji/.stmcufinder/plugins/mcufinder
2024-12-01 18:08:01,247 [INFO] CrossReferenceDbSqlite:203 - Set database path to: /home/kireiji/.stmcufinder/plugins/mcufinder//mcu/cs/
2024-12-01 18:08:01,265 [INFO] ApplicationProperties:184 - Using Application install path: /opt/st/stm32cubeide_1.16.1/plugins/com.st.stm32cube.common.mx_6.12.1.202409122256
2024-12-01 18:08:01,267 [INFO] PluginManage:196 - Search for loadable plugins [exclusion list=, ]
2024-12-01 18:08:01,268 [INFO] PluginManage:310 - Check plugin analytics
2024-12-01 18:08:01,437 [INFO] AnalyticsPlugin:253 - Accepted Software Licenses: 
2024-12-01 18:08:01,438 [INFO] AnalyticsPlugin:255 - Accepted CMSIS Pack Licenses: 
2024-12-01 18:08:01,438 [INFO] AnalyticsPlugin:257 - Accepted Firmware Licenses: FW.G4.1.6.0,FW.H7.1.11.0
2024-12-01 18:08:01,442 [INFO] PluginManage:359 - Loaded plugin analytics (category:tool,tabindex:-1)
2024-12-01 18:08:01,442 [INFO] PluginManage:310 - Check plugin cadmodel
2024-12-01 18:08:01,447 [INFO] CADModel:105 - Init CAD model plugin
2024-12-01 18:08:01,447 [INFO] PluginManage:359 - Loaded plugin cadmodel (category:power,tabindex:5)
2024-12-01 18:08:01,447 [INFO] PluginManage:310 - Check plugin clock
2024-12-01 18:08:01,458 [INFO] PluginManage:359 - Loaded plugin clock (category:base,tabindex:2)
2024-12-01 18:08:01,458 [INFO] PluginManage:310 - Check plugin ddr
2024-12-01 18:08:01,460 [INFO] PluginManage:359 - Loaded plugin ddr (category:tool,tabindex:6)
2024-12-01 18:08:01,460 [INFO] PluginManage:310 - Check plugin filemanager
2024-12-01 18:08:01,625 [INFO] PluginManage:359 - Loaded plugin filemanager (category:base,tabindex:10)
2024-12-01 18:08:01,625 [INFO] PluginManage:310 - Check plugin ipmanager
2024-12-01 18:08:01,633 [INFO] PluginManage:359 - Loaded plugin ipmanager (category:base,tabindex:5)
2024-12-01 18:08:01,633 [INFO] PluginManage:310 - Check plugin lpbam
2024-12-01 18:08:01,646 [INFO] PluginManage:359 - Loaded plugin lpbam (category:base,tabindex:0)
2024-12-01 18:08:01,646 [INFO] PluginManage:310 - Check plugin memorymap
2024-12-01 18:08:01,656 [INFO] PluginManage:359 - Loaded plugin memorymap (category:base,tabindex:4)
2024-12-01 18:08:01,656 [INFO] PluginManage:310 - Check plugin pinoutandconfiguration
2024-12-01 18:08:01,663 [INFO] PluginManage:359 - Loaded plugin pinoutandconfiguration (category:base,tabindex:1)
2024-12-01 18:08:01,663 [INFO] PluginManage:310 - Check plugin pinoutconfig
2024-12-01 18:08:01,767 [WARN] SupportedApi:132 - Cannot load RTOS API schema: s4s-elt-must-match.1: The content of 'definitions' must match (annotation?, (simpleType | complexType)?, (unique | key | keyref)*)). A problem was found starting at: attribute.
2024-12-01 18:08:01,898 [INFO] PluginManage:359 - Loaded plugin pinoutconfig (category:base,tabindex:0)
2024-12-01 18:08:01,898 [INFO] PluginManage:310 - Check plugin power
2024-12-01 18:08:01,905 [INFO] PluginManage:359 - Loaded plugin power (category:power,tabindex:4)
2024-12-01 18:08:01,905 [INFO] PluginManage:310 - Check plugin projectmanager
2024-12-01 18:08:01,925 [INFO] PluginManage:359 - Loaded plugin projectmanager (category:projectmanager,tabindex:4)
2024-12-01 18:08:01,925 [INFO] PluginManage:310 - Check plugin rif
2024-12-01 18:08:01,930 [INFO] PluginManage:359 - Loaded plugin rif (category:base,tabindex:3)
2024-12-01 18:08:01,930 [INFO] PluginManage:310 - Check plugin thirdparty
2024-12-01 18:08:02,051 [INFO] PluginManage:359 - Loaded plugin thirdparty (category:base,tabindex:-1)
2024-12-01 18:08:02,051 [WARN] IntegrityCheckThread:84 - waiting for thirdparty lock release [integrity check]
2024-12-01 18:08:02,052 [INFO] IntegrityCheckThread:86 - entering critical section [integrity check]
2024-12-01 18:08:02,052 [INFO] PluginManage:310 - Check plugin tools
2024-12-01 18:08:02,052 [INFO] ThirdPartyUpdaterWithRetryManager:70 - Updater plugin not ready yet. [1/15]
2024-12-01 18:08:02,054 [INFO] PluginManage:359 - Loaded plugin tools (category:base,tabindex:7)
2024-12-01 18:08:02,054 [INFO] PluginManage:310 - Check plugin tutovideos
2024-12-01 18:08:02,215 [INFO] PluginManage:359 - Loaded plugin tutovideos (category:base,tabindex:-1)
2024-12-01 18:08:02,216 [INFO] PluginManage:310 - Check plugin updater
2024-12-01 18:08:02,234 [INFO] PluginManage:359 - Loaded plugin updater (category:base,tabindex:12)
2024-12-01 18:08:02,234 [INFO] PluginManage:310 - Check plugin userauth
2024-12-01 18:08:02,239 [INFO] UserAuth:113 - Init User Auth plugin
2024-12-01 18:08:02,239 [INFO] PluginManage:359 - Loaded plugin userauth (category:base,tabindex:14)
2024-12-01 18:08:02,240 [INFO] PluginManage:283 - PluginManage : Loaded plugins [18]
2024-12-01 18:08:02,428 [INFO] PinOutPanel:1561 - setPackage(No Configuration,No Configuration)
2024-12-01 18:08:02,507 [INFO] CADModel:165 - CPN selected for project level
2024-12-01 18:08:02,507 [INFO] CADModel:114 - Register for checkConnection events
2024-12-01 18:08:02,518 [INFO] IPUIPlugin:80 - create IPUIPlugin
2024-12-01 18:08:02,519 [INFO] PluginManager:220 - loadIPPluginJar : add lorawan
2024-12-01 18:08:02,522 [INFO] IPUIPlugin:80 - create IPUIPlugin
2024-12-01 18:08:02,522 [INFO] PluginManager:220 - loadIPPluginJar : add pdm2pcm
2024-12-01 18:08:02,523 [INFO] IPUIPlugin:80 - create IPUIPlugin
2024-12-01 18:08:02,523 [INFO] PluginManager:220 - loadIPPluginJar : add fatfs
2024-12-01 18:08:02,525 [INFO] IPUIPlugin:80 - create IPUIPlugin
2024-12-01 18:08:02,525 [INFO] PluginManager:220 - loadIPPluginJar : add extmemmanager
2024-12-01 18:08:02,527 [INFO] IPUIPlugin:80 - create IPUIPlugin
2024-12-01 18:08:02,528 [INFO] PluginManager:220 - loadIPPluginJar : add gtzc
2024-12-01 18:08:02,532 [INFO] IPUIPlugin:80 - create IPUIPlugin
2024-12-01 18:08:02,533 [INFO] PluginManager:220 - loadIPPluginJar : add freertos
2024-12-01 18:08:02,540 [INFO] IPUIPlugin:80 - create IPUIPlugin
2024-12-01 18:08:02,540 [INFO] PluginManager:220 - loadIPPluginJar : add stm32_wpan
2024-12-01 18:08:02,542 [INFO] IPUIPlugin:80 - create IPUIPlugin
2024-12-01 18:08:02,543 [INFO] PluginManager:220 - loadIPPluginJar : add dma3
2024-12-01 18:08:02,545 [INFO] IPUIPlugin:80 - create IPUIPlugin
2024-12-01 18:08:02,545 [INFO] PluginManager:220 - loadIPPluginJar : add ddr_ctrl_phy
2024-12-01 18:08:02,551 [INFO] IPUIPlugin:80 - create IPUIPlugin
2024-12-01 18:08:02,553 [INFO] PluginManager:220 - loadIPPluginJar : add plateformsettings
2024-12-01 18:08:02,555 [INFO] IPUIPlugin:80 - create IPUIPlugin
2024-12-01 18:08:02,555 [INFO] PluginManager:220 - loadIPPluginJar : add tsc
2024-12-01 18:08:02,557 [INFO] IPUIPlugin:80 - create IPUIPlugin
2024-12-01 18:08:02,557 [INFO] PluginManager:220 - loadIPPluginJar : add aes
2024-12-01 18:08:02,563 [INFO] IPUIPlugin:80 - create IPUIPlugin
2024-12-01 18:08:02,563 [INFO] PluginManager:220 - loadIPPluginJar : add mdma
2024-12-01 18:08:02,566 [INFO] IPUIPlugin:80 - create IPUIPlugin
2024-12-01 18:08:02,566 [INFO] PluginManager:220 - loadIPPluginJar : add nvic
2024-12-01 18:08:02,568 [INFO] IPUIPlugin:80 - create IPUIPlugin
2024-12-01 18:08:02,569 [INFO] PluginManager:220 - loadIPPluginJar : add hash
2024-12-01 18:08:02,570 [INFO] IPUIPlugin:80 - create IPUIPlugin
2024-12-01 18:08:02,570 [INFO] PluginManager:220 - loadIPPluginJar : add ts
2024-12-01 18:08:02,572 [INFO] IPUIPlugin:80 - create IPUIPlugin
2024-12-01 18:08:02,572 [INFO] PluginManager:220 - loadIPPluginJar : add usart
2024-12-01 18:08:02,573 [INFO] IPUIPlugin:80 - create IPUIPlugin
2024-12-01 18:08:02,574 [INFO] PluginManager:220 - loadIPPluginJar : add radio
2024-12-01 18:08:02,581 [INFO] IPUIPlugin:80 - create IPUIPlugin
2024-12-01 18:08:02,581 [INFO] PluginManager:220 - loadIPPluginJar : add linkedlist
2024-12-01 18:08:02,584 [INFO] IPUIPlugin:80 - create IPUIPlugin
2024-12-01 18:08:02,584 [INFO] PluginManager:220 - loadIPPluginJar : add ipddr
2024-12-01 18:08:02,589 [INFO] IPUIPlugin:80 - create IPUIPlugin
2024-12-01 18:08:02,590 [INFO] PluginManager:220 - loadIPPluginJar : add gic
2024-12-01 18:08:02,592 [INFO] IPUIPlugin:80 - create IPUIPlugin
2024-12-01 18:08:02,592 [INFO] PluginManager:220 - loadIPPluginJar : add opamp
2024-12-01 18:08:02,593 [INFO] IPUIPlugin:80 - create IPUIPlugin
2024-12-01 18:08:02,594 [INFO] PluginManager:220 - loadIPPluginJar : add gfxmmu
2024-12-01 18:08:02,595 [INFO] IPUIPlugin:80 - create IPUIPlugin
2024-12-01 18:08:02,595 [INFO] PluginManager:220 - loadIPPluginJar : add ltdc
2024-12-01 18:08:02,598 [INFO] IPUIPlugin:80 - create IPUIPlugin
2024-12-01 18:08:02,599 [INFO] PluginManager:220 - loadIPPluginJar : add sai
2024-12-01 18:08:02,603 [INFO] IPUIPlugin:80 - create IPUIPlugin
2024-12-01 18:08:02,603 [INFO] PluginManager:220 - loadIPPluginJar : add fmc
2024-12-01 18:08:02,604 [INFO] IPUIPlugin:80 - create IPUIPlugin
2024-12-01 18:08:02,604 [INFO] PluginManager:220 - loadIPPluginJar : add tracer_emb
2024-12-01 18:08:02,610 [INFO] IPUIPlugin:80 - create IPUIPlugin
2024-12-01 18:08:02,618 [INFO] PluginManager:220 - loadIPPluginJar : add adc
2024-12-01 18:08:02,622 [INFO] IPUIPlugin:80 - create IPUIPlugin
2024-12-01 18:08:02,622 [INFO] PluginManager:220 - loadIPPluginJar : add dfsdm
2024-12-01 18:08:02,624 [INFO] IPUIPlugin:80 - create IPUIPlugin
2024-12-01 18:08:02,624 [INFO] PluginManager:220 - loadIPPluginJar : add i2s
2024-12-01 18:08:02,630 [INFO] IPUIPlugin:80 - create IPUIPlugin
2024-12-01 18:08:02,630 [INFO] PluginManager:220 - loadIPPluginJar : add dma
2024-12-01 18:08:02,631 [INFO] IPUIPlugin:80 - create IPUIPlugin
2024-12-01 18:08:02,631 [INFO] PluginManager:220 - loadIPPluginJar : add comp
2024-12-01 18:08:02,633 [INFO] IPUIPlugin:80 - create IPUIPlugin
2024-12-01 18:08:02,633 [INFO] PluginManager:220 - loadIPPluginJar : add can
2024-12-01 18:08:02,635 [INFO] IPUIPlugin:80 - create IPUIPlugin
2024-12-01 18:08:02,635 [INFO] PluginManager:220 - loadIPPluginJar : add usbx
2024-12-01 18:08:02,635 [INFO] IPUIPlugin:80 - create IPUIPlugin
2024-12-01 18:08:02,635 [INFO] PluginManager:220 - loadIPPluginJar : add genericplugin
2024-12-01 18:08:02,637 [INFO] IPUIPlugin:80 - create IPUIPlugin
2024-12-01 18:08:02,637 [INFO] PluginManager:220 - loadIPPluginJar : add resmgrutility
2024-12-01 18:08:02,641 [INFO] IPUIPlugin:80 - create IPUIPlugin
2024-12-01 18:08:02,641 [INFO] PluginManager:220 - loadIPPluginJar : add gpio
2024-12-01 18:08:02,642 [INFO] IPUIPlugin:80 - create IPUIPlugin
2024-12-01 18:08:02,642 [INFO] PluginManager:220 - loadIPPluginJar : add spi
2024-12-01 18:08:02,643 [INFO] IPUIPlugin:80 - create IPUIPlugin
2024-12-01 18:08:02,644 [INFO] PluginManager:220 - loadIPPluginJar : add quadspi
2024-12-01 18:08:02,646 [INFO] IPUIPlugin:80 - create IPUIPlugin
2024-12-01 18:08:02,646 [INFO] PluginManager:220 - loadIPPluginJar : add openamp
2024-12-01 18:08:02,647 [INFO] IPUIPlugin:80 - create IPUIPlugin
2024-12-01 18:08:02,648 [INFO] PluginManager:220 - loadIPPluginJar : add i2c
2024-12-01 18:08:02,650 [INFO] IPUIPlugin:80 - create IPUIPlugin
2024-12-01 18:08:02,650 [INFO] PluginManager:220 - loadIPPluginJar : add i3c
2024-12-01 18:08:02,651 [INFO] IPUIPlugin:80 - create IPUIPlugin
2024-12-01 18:08:02,651 [INFO] PluginManager:220 - loadIPPluginJar : add tim
2024-12-01 18:08:02,654 [INFO] IPUIPlugin:80 - create IPUIPlugin
2024-12-01 18:08:02,654 [INFO] PluginManager:220 - loadIPPluginJar : add touchsensing
2024-12-01 18:08:02,656 [INFO] IPUIPlugin:80 - create IPUIPlugin
2024-12-01 18:08:02,656 [INFO] PluginManager:220 - loadIPPluginJar : add ucpd
2024-12-01 18:08:02,658 [INFO] IPUIPlugin:80 - create IPUIPlugin
2024-12-01 18:08:02,658 [INFO] PluginManager:220 - loadIPPluginJar : add cryp
2024-12-01 18:08:02,761 [INFO] CADModel:165 - CPN selected for project level
2024-12-01 18:08:02,761 [INFO] CADModel:114 - Register for checkConnection events
2024-12-01 18:08:02,761 [FATAL] Updater:334 - Updater called before beeing initialized
2024-12-01 18:08:02,761 [ERROR] CADModel:125 - Updater not yet initialized, retry later 
2024-12-01 18:08:02,867 [INFO] CADModel:165 - CPN selected for project level
2024-12-01 18:08:02,867 [INFO] CADModel:114 - Register for checkConnection events
2024-12-01 18:08:02,867 [FATAL] Updater:334 - Updater called before beeing initialized
2024-12-01 18:08:02,867 [ERROR] CADModel:125 - Updater not yet initialized, retry later 
2024-12-01 18:08:02,870 [FATAL] Updater:334 - Updater called before beeing initialized
2024-12-01 18:08:02,944 [FATAL] Updater:334 - Updater called before beeing initialized
2024-12-01 18:08:02,949 [INFO] DbMcusAds:53 - JSON generation date=Fri Sep 20 20:04:38 ICT 2024 (1726837478367)
2024-12-01 18:08:02,949 [FATAL] Updater:334 - Updater called before beeing initialized
2024-12-01 18:08:03,004 [WARN] DetailPanel:346 - Failed to get advertising image, set to default
2024-12-01 18:08:03,110 [FATAL] Updater:334 - Updater called before beeing initialized
2024-12-01 18:08:03,112 [FATAL] Updater:334 - Updater called before beeing initialized
2024-12-01 18:08:03,112 [FATAL] Updater:334 - Updater called before beeing initialized
2024-12-01 18:08:03,112 [WARN] DetailPanel:346 - Failed to get advertising image, set to default
2024-12-01 18:08:03,113 [FATAL] Updater:334 - Updater called before beeing initialized
2024-12-01 18:08:03,140 [ERROR] Updater:1164 - MainUpdater not yet initialized. External WinMGr cannot be set.
2024-12-01 18:08:03,142 [INFO] Updater:1100 - Updater Version found : 6.12.1
2024-12-01 18:08:03,157 [INFO] ApplicationProperties:184 - Using Application install path: /opt/st/stm32cubeide_1.16.1/plugins/com.st.stm32cube.common.mx_6.12.1.202409122256
2024-12-01 18:08:04,464 [INFO] MainUpdater:2873 - connection check result : 10
2024-12-01 18:08:04,465 [INFO] MainUpdater:290 - Updater Check For Update Now.
2024-12-01 18:08:04,465 [INFO] MicroXplorer:498 - Change Database Version : DB.6.0.121
2024-12-01 18:08:04,469 [INFO] McuFinderGlobals:63 - Set McuFinder mode to 2 (CubeIDE integrated)
2024-12-01 18:08:04,469 [INFO] UserAuth:417 - Internet connection configuration mode: 1
2024-12-01 18:08:04,479 [INFO] JxBrowserEngine:152 - Initiate JxBrowser Engine with user profile folder
2024-12-01 18:08:04,644 [INFO] CheckServerUpdateThread:120 - End of CheckServer Thread
2024-12-01 18:08:05,012 [INFO] WebApp:167 - Instantiating new browser for Auth
2024-12-01 18:08:05,149 [WARN] PackLoader:240 - Cannot read IP mode file for STMicroelectronics.FP-SNS-MOTENVWB1.1.4.0
2024-12-01 18:08:05,155 [WARN] PackLoader:240 - Cannot read IP mode file for STMicroelectronics.FP-ATR-ASTRA1.2.0.1
2024-12-01 18:08:05,160 [WARN] PackLoader:240 - Cannot read IP mode file for STMicroelectronics.X-CUBE-SMBUS.2.1.0
2024-12-01 18:08:05,167 [WARN] PackLoader:240 - Cannot read IP mode file for STMicroelectronics.X-CUBE-WB05N.1.1.0
2024-12-01 18:08:05,201 [WARN] PackLoader:240 - Cannot read IP mode file for STMicroelectronics.X-CUBE-AZRTOS-F7.1.1.0
2024-12-01 18:08:05,219 [WARN] PackLoader:240 - Cannot read IP mode file for STMicroelectronics.FP-SNS-FLIGHT1.5.0.2
2024-12-01 18:08:05,232 [WARN] PackLoader:240 - Cannot read IP mode file for STMicroelectronics.X-CUBE-DISPLAY.3.0.0
2024-12-01 18:08:05,245 [WARN] PackLoader:240 - Cannot read IP mode file for STMicroelectronics.X-CUBE-BLE1.7.0.0
2024-12-01 18:08:05,249 [WARN] PackLoader:240 - Cannot read IP mode file for emotas.I-CUBE-CANOPEN.1.3.0
2024-12-01 18:08:05,262 [WARN] PackLoader:240 - Cannot read IP mode file for STMicroelectronics.X-CUBE-BLEMGR.3.1.0
2024-12-01 18:08:05,271 [WARN] PackLoader:240 - Cannot read IP mode file for STMicroelectronics.FP-SNS-SMARTAG2.1.2.0
2024-12-01 18:08:05,285 [INFO] LogOutputStream:77 - [STDOUT_REDIRECT] 1 : Invalid condition id : UX_CORESTACK_Condition cause : null
2024-12-01 18:08:05,286 [INFO] LogOutputStream:77 - [STDOUT_REDIRECT] 1 : Invalid condition id : UX_CORESTACK_Condition cause : null
2024-12-01 18:08:05,287 [INFO] LogOutputStream:77 - [STDOUT_REDIRECT] 1 : Invalid condition id : UX_CORESTACK_Condition cause : null
2024-12-01 18:08:05,287 [INFO] LogOutputStream:77 - [STDOUT_REDIRECT] 1 : Invalid condition id : UX_CORESTACK_Condition cause : null
2024-12-01 18:08:05,287 [INFO] LogOutputStream:77 - [STDOUT_REDIRECT] 1 : Invalid condition id : UX_CORESTACK_Condition cause : null
2024-12-01 18:08:05,293 [WARN] PackLoader:240 - Cannot read IP mode file for STMicroelectronics.X-CUBE-AZRTOS-WL.2.0.0
2024-12-01 18:08:05,300 [WARN] PackLoader:240 - Cannot read IP mode file for STMicroelectronics.FP-SNS-MOTENV1.5.0.0
2024-12-01 18:08:05,306 [WARN] PackLoader:240 - Cannot read IP mode file for wolfSSL.I-CUBE-wolfMQTT.1.19.0
2024-12-01 18:08:05,314 [WARN] PackLoader:240 - Cannot read IP mode file for WES.I-CUBE-Cesium.1.3.0
2024-12-01 18:08:05,319 [WARN] PackLoader:240 - Cannot read IP mode file for STMicroelectronics.X-CUBE-BLE2.3.3.0
2024-12-01 18:08:05,324 [WARN] PackLoader:240 - Cannot read IP mode file for STMicroelectronics.X-CUBE-TCPP.4.1.0
2024-12-01 18:08:05,348 [WARN] PackLoader:240 - Cannot read IP mode file for STMicroelectronics.X-CUBE-AZRTOS-G0.1.1.0
2024-12-01 18:08:05,355 [WARN] PackLoader:240 - Cannot read IP mode file for STMicroelectronics.X-CUBE-SAFEA1.1.2.2
2024-12-01 18:08:05,360 [WARN] PackLoader:240 - Cannot read IP mode file for STMicroelectronics.X-CUBE-NFC4.3.0.0
2024-12-01 18:08:05,373 [WARN] PackLoader:240 - Cannot read IP mode file for EmbeddedOffice.I-CUBE-FS-RTOS.1.0.1
2024-12-01 18:08:05,373 [ERROR] ConditionMgr:805 - Attr not supported : Dmpu
2024-12-01 18:08:05,374 [ERROR] ConditionMgr:805 - Attr not supported : Dmpu
2024-12-01 18:08:05,374 [ERROR] ConditionMgr:805 - Attr not supported : Dmpu
2024-12-01 18:08:05,374 [ERROR] ConditionMgr:805 - Attr not supported : Dmpu
2024-12-01 18:08:05,374 [ERROR] ConditionMgr:805 - Attr not supported : Dmpu
2024-12-01 18:08:05,374 [ERROR] ConditionMgr:805 - Attr not supported : Dmpu
2024-12-01 18:08:05,374 [ERROR] ConditionMgr:805 - Attr not supported : Dmpu
2024-12-01 18:08:05,374 [ERROR] ConditionMgr:805 - Attr not supported : Dmpu
2024-12-01 18:08:05,374 [ERROR] ConditionMgr:805 - Attr not supported : Dmpu
2024-12-01 18:08:05,374 [ERROR] ConditionMgr:805 - Attr not supported : Dmpu
2024-12-01 18:08:05,375 [ERROR] ConditionMgr:805 - Attr not supported : Dmpu
2024-12-01 18:08:05,375 [ERROR] ConditionMgr:805 - Attr not supported : Dmpu
2024-12-01 18:08:05,375 [ERROR] ConditionMgr:805 - Attr not supported : Dmpu
2024-12-01 18:08:05,375 [ERROR] ConditionMgr:805 - Attr not supported : Dmpu
2024-12-01 18:08:05,375 [ERROR] ConditionMgr:805 - Attr not supported : Dmpu
2024-12-01 18:08:05,375 [ERROR] ConditionMgr:805 - Attr not supported : Dmpu
2024-12-01 18:08:05,375 [ERROR] ConditionMgr:805 - Attr not supported : Dmpu
2024-12-01 18:08:05,375 [ERROR] ConditionMgr:805 - Attr not supported : Dmpu
2024-12-01 18:08:05,376 [ERROR] ConditionMgr:805 - Attr not supported : Dmpu
2024-12-01 18:08:05,376 [ERROR] ConditionMgr:805 - Attr not supported : Dmpu
2024-12-01 18:08:05,376 [ERROR] ConditionMgr:805 - Attr not supported : Dmpu
2024-12-01 18:08:05,376 [ERROR] ConditionMgr:805 - Attr not supported : Dmpu
2024-12-01 18:08:05,376 [ERROR] ConditionMgr:805 - Attr not supported : Dmpu
2024-12-01 18:08:05,376 [ERROR] ConditionMgr:805 - Attr not supported : Dmpu
2024-12-01 18:08:05,376 [ERROR] ConditionMgr:805 - Attr not supported : Dmpu
2024-12-01 18:08:05,376 [ERROR] ConditionMgr:805 - Attr not supported : Dmpu
2024-12-01 18:08:05,377 [ERROR] ConditionMgr:805 - Attr not supported : Dmpu
2024-12-01 18:08:05,377 [ERROR] ConditionMgr:805 - Attr not supported : Dmpu
2024-12-01 18:08:05,377 [ERROR] ConditionMgr:805 - Attr not supported : Dmpu
2024-12-01 18:08:05,377 [ERROR] ConditionMgr:805 - Attr not supported : Dmpu
2024-12-01 18:08:05,377 [ERROR] ConditionMgr:805 - Attr not supported : Dmpu
2024-12-01 18:08:05,377 [ERROR] ConditionMgr:805 - Attr not supported : Dmpu
2024-12-01 18:08:05,377 [ERROR] ConditionMgr:805 - Attr not supported : Dmpu
2024-12-01 18:08:05,377 [ERROR] ConditionMgr:805 - Attr not supported : Dmpu
2024-12-01 18:08:05,377 [ERROR] ConditionMgr:805 - Attr not supported : Dmpu
2024-12-01 18:08:05,378 [ERROR] ConditionMgr:805 - Attr not supported : Dmpu
2024-12-01 18:08:05,378 [ERROR] ConditionMgr:805 - Attr not supported : Dmpu
2024-12-01 18:08:05,378 [ERROR] ConditionMgr:805 - Attr not supported : Dmpu
2024-12-01 18:08:05,378 [ERROR] ConditionMgr:805 - Attr not supported : Dmpu
2024-12-01 18:08:05,378 [ERROR] ConditionMgr:805 - Attr not supported : Dmpu
2024-12-01 18:08:05,378 [ERROR] ConditionMgr:805 - Attr not supported : Dmpu
2024-12-01 18:08:05,379 [ERROR] ConditionMgr:805 - Attr not supported : Dmpu
2024-12-01 18:08:05,379 [ERROR] ConditionMgr:805 - Attr not supported : Dmpu
2024-12-01 18:08:05,379 [ERROR] ConditionMgr:805 - Attr not supported : Dmpu
2024-12-01 18:08:05,379 [ERROR] ConditionMgr:805 - Attr not supported : Dmpu
2024-12-01 18:08:05,379 [ERROR] ConditionMgr:805 - Attr not supported : Dmpu
2024-12-01 18:08:05,379 [ERROR] ConditionMgr:805 - Attr not supported : Dmpu
2024-12-01 18:08:05,379 [ERROR] ConditionMgr:805 - Attr not supported : Dmpu
2024-12-01 18:08:05,379 [ERROR] ConditionMgr:805 - Attr not supported : Dmpu
2024-12-01 18:08:05,379 [ERROR] ConditionMgr:805 - Attr not supported : Dmpu
2024-12-01 18:08:05,380 [ERROR] ConditionMgr:805 - Attr not supported : Dmpu
2024-12-01 18:08:05,380 [ERROR] ConditionMgr:805 - Attr not supported : Dmpu
2024-12-01 18:08:05,380 [ERROR] ConditionMgr:805 - Attr not supported : Dmpu
2024-12-01 18:08:05,380 [ERROR] ConditionMgr:805 - Attr not supported : Dmpu
2024-12-01 18:08:05,380 [ERROR] ConditionMgr:805 - Attr not supported : Dmpu
2024-12-01 18:08:05,380 [ERROR] ConditionMgr:805 - Attr not supported : Dmpu
2024-12-01 18:08:05,380 [ERROR] ConditionMgr:805 - Attr not supported : Dmpu
2024-12-01 18:08:05,380 [ERROR] ConditionMgr:805 - Attr not supported : Dmpu
2024-12-01 18:08:05,380 [ERROR] ConditionMgr:805 - Attr not supported : Dmpu
2024-12-01 18:08:05,381 [ERROR] ConditionMgr:805 - Attr not supported : Dmpu
2024-12-01 18:08:05,381 [ERROR] ConditionMgr:805 - Attr not supported : Dmpu
2024-12-01 18:08:05,381 [ERROR] ConditionMgr:805 - Attr not supported : Dmpu
2024-12-01 18:08:05,381 [ERROR] ConditionMgr:805 - Attr not supported : Dmpu
2024-12-01 18:08:05,381 [ERROR] ConditionMgr:805 - Attr not supported : Dmpu
2024-12-01 18:08:05,386 [WARN] PackLoader:240 - Cannot read IP mode file for RealThread.X-CUBE-RT-Thread_Nano.4.1.1
2024-12-01 18:08:05,390 [WARN] PackLoader:240 - Cannot read IP mode file for STMicroelectronics.FP-ATR-SIGFOX1.3.2.0
2024-12-01 18:08:05,394 [WARN] ConditionMgr:438 - getConditionDescription Invalid condition id : Cortex-A Device cause : null
2024-12-01 18:08:05,405 [WARN] ConditionMgr:1039 - genDependencies : Invalid condition id : Cortex-A Device cause : null
2024-12-01 18:08:05,405 [WARN] ConditionMgr:1039 - genDependencies : Invalid condition id : Cortex-A Device cause : null
2024-12-01 18:08:05,405 [WARN] ConditionMgr:1039 - genDependencies : Invalid condition id : Cortex-A Device cause : null
2024-12-01 18:08:05,409 [WARN] PackLoader:240 - Cannot read IP mode file for STMicroelectronics.X-CUBE-EEPRMA1.5.1.0
2024-12-01 18:08:05,414 [WARN] PackLoader:240 - Cannot read IP mode file for wolfSSL.I-CUBE-wolfSSL.5.7.4
2024-12-01 18:08:05,418 [WARN] PackLoader:240 - Cannot read IP mode file for ITTIA_DB.I-CUBE-ITTIADB.8.9.0
2024-12-01 18:08:05,452 [WARN] PackLoader:240 - Cannot read IP mode file for SEGGER.I-CUBE-embOS.1.3.1
2024-12-01 18:08:05,565 [WARN] PackLoader:240 - Cannot read IP mode file for STMicroelectronics.X-CUBE-ALGOBUILD.1.4.0
2024-12-01 18:08:05,595 [WARN] PackLoader:240 - Cannot read IP mode file for STMicroelectronics.X-CUBE-AZRTOS-F4.1.1.0
2024-12-01 18:08:05,603 [WARN] PackLoader:240 - Cannot read IP mode file for STMicroelectronics.X-CUBE-FREERTOS.1.2.0
2024-12-01 18:08:05,619 [WARN] PackLoader:240 - Cannot read IP mode file for STMicroelectronics.X-CUBE-AZRTOS-L5.2.0.0
2024-12-01 18:08:05,628 [WARN] PackLoader:240 - Cannot read IP mode file for STMicroelectronics.X-CUBE-NFC6.3.1.0
2024-12-01 18:08:05,634 [WARN] PackLoader:240 - Cannot read IP mode file for STMicroelectronics.X-CUBE-NFC7.1.0.1
2024-12-01 18:08:05,650 [WARN] ConditionMgr:438 - getConditionDescription Invalid condition id : LAN8742 Phy interface Condition cause : null
2024-12-01 18:08:05,650 [WARN] PackLoader:240 - Cannot read IP mode file for STMicroelectronics.X-CUBE-AZRTOS-L4.2.0.0
2024-12-01 18:08:05,652 [WARN] ConditionMgr:1039 - genDependencies : Invalid condition id : LAN8742 Phy interface Condition cause : null
2024-12-01 18:08:05,652 [WARN] ConditionMgr:1039 - genDependencies : Invalid condition id : LAN8742 Phy interface Condition cause : null
2024-12-01 18:08:05,653 [WARN] ConditionMgr:1039 - genDependencies : Invalid condition id : LAN8742 Phy interface Condition cause : null
2024-12-01 18:08:05,659 [WARN] PackLoader:240 - Cannot read IP mode file for STMicroelectronics.X-CUBE-SFXS2LP1.4.0.0
2024-12-01 18:08:05,683 [WARN] PackLoader:240 - Cannot read IP mode file for STMicroelectronics.X-CUBE-AZRTOS-H7.3.3.0
2024-12-01 18:08:05,705 [WARN] ConditionMgr:438 - getConditionDescription Invalid condition id : UX DEVICE CLASS RTOS Condition cause : null
2024-12-01 18:08:05,706 [WARN] ConditionMgr:438 - getConditionDescription Invalid condition id : UX DEVICE CLASS RTOS Condition cause : null
2024-12-01 18:08:05,709 [WARN] PackLoader:240 - Cannot read IP mode file for STMicroelectronics.X-CUBE-AZRTOS-WB.2.0.0
2024-12-01 18:08:05,710 [WARN] ConditionMgr:1039 - genDependencies : Invalid condition id : UX DEVICE CLASS RTOS Condition cause : null
2024-12-01 18:08:05,710 [WARN] ConditionMgr:1039 - genDependencies : Invalid condition id : UX DEVICE CLASS RTOS Condition cause : null
2024-12-01 18:08:05,711 [WARN] ConditionMgr:1039 - genDependencies : Invalid condition id : UX DEVICE CLASS RTOS Condition cause : null
2024-12-01 18:08:05,711 [WARN] ConditionMgr:1039 - genDependencies : Invalid condition id : UX DEVICE CLASS RTOS Condition cause : null
2024-12-01 18:08:05,711 [WARN] ConditionMgr:1039 - genDependencies : Invalid condition id : UX DEVICE CLASS RTOS Condition cause : null
2024-12-01 18:08:05,724 [WARN] PackLoader:240 - Cannot read IP mode file for STMicroelectronics.X-CUBE-SUBG2.5.0.0
2024-12-01 18:08:05,735 [WARN] PackLoader:240 - Cannot read IP mode file for Cesanta.I-CUBE-Mongoose.7.13.0
2024-12-01 18:08:05,753 [WARN] PackLoader:240 - Cannot read IP mode file for STMicroelectronics.X-CUBE-AZRTOS-G4.2.0.0
2024-12-01 18:08:05,759 [WARN] PackLoader:240 - Cannot read IP mode file for STMicroelectronics.X-CUBE-ALS.1.0.2
2024-12-01 18:08:05,764 [WARN] PackLoader:240 - Cannot read IP mode file for STMicroelectronics.X-CUBE-TOUCHGFX.4.24.1
2024-12-01 18:08:05,767 [WARN] PackLoader:240 - Cannot read IP mode file for wolfSSL.I-CUBE-wolfTPM.3.4.0
2024-12-01 18:08:05,771 [WARN] PackLoader:240 - Cannot read IP mode file for portGmbH.I-Cube-SoM-uGOAL.1.1.0
2024-12-01 18:08:05,794 [WARN] PackLoader:240 - Cannot read IP mode file for STMicroelectronics.X-CUBE-AZRTOS-H7RS.1.0.0
2024-12-01 18:08:05,802 [WARN] PackLoader:240 - Cannot read IP mode file for STMicroelectronics.FP-ATR-ASTRA1.2.0.0
2024-12-01 18:08:05,820 [WARN] PackLoader:240 - Cannot read IP mode file for Infineon.AIROC-Wi-Fi-Bluetooth-STM32.1.6.1
2024-12-01 18:08:05,828 [WARN] PackLoader:240 - Cannot read IP mode file for wolfSSL.I-CUBE-wolfSSH.1.4.17
2024-12-01 18:08:05,830 [INFO] ThirdParty:978 - Integrity check success = true
2024-12-01 18:08:05,830 [INFO] IntegrityCheckThread:100 - exiting critical section [integrity check]
2024-12-01 18:08:05,830 [INFO] IntegrityCheckThread:103 - End integrity checks thread
2024-12-01 18:08:06,494 [INFO] WebApp:448 - Apply proxy settings
2024-12-01 18:08:06,494 [INFO] WebApp:533 - Chromium requires no authentication
2024-12-01 18:08:06,502 [INFO] WebApp:476 - Direct internet connection detected
2024-12-01 18:08:06,522 [INFO] WebApp:869 - Register for checkConnection events
2024-12-01 18:08:06,522 [INFO] WebApp:448 - Apply proxy settings
2024-12-01 18:08:06,523 [INFO] WebApp:533 - Chromium requires no authentication
2024-12-01 18:08:06,523 [INFO] WebApp:476 - Direct internet connection detected
2024-12-01 18:08:06,661 [INFO] WebApp:220 - Starting web application
2024-12-01 18:08:06,662 [INFO] WebApp:578 - Web application path used /opt/st/stm32cubeide_1.16.1/plugins/com.st.stm32cube.common.mx_6.12.1.202409122256/db/plugins/mcufinder/reactClient1/index.html
2024-12-01 18:08:06,753 [INFO] UserAuth:417 - Internet connection configuration mode: 1
2024-12-01 18:08:06,947 [INFO] WebApp:186 - Connection restablished
2024-12-01 18:11:48,770 [INFO] WebApp:189 - Connection lost
2024-12-01 18:11:49,028 [INFO] WebApp:186 - Connection restablished
2024-12-01 18:12:02,672 [INFO] WebApp:189 - Connection lost
2024-12-01 18:12:02,881 [INFO] WebApp:186 - Connection restablished
2024-12-01 18:20:34,099 [INFO] WebApp:189 - Connection lost
2024-12-01 18:20:34,428 [INFO] WebApp:186 - Connection restablished
2024-12-01 18:20:45,610 [INFO] WebApp:189 - Connection lost
2024-12-01 18:20:45,799 [INFO] WebApp:186 - Connection restablished
2024-12-01 18:25:36,708 [INFO] WebApp:189 - Connection lost
2024-12-01 18:25:36,904 [INFO] WebApp:186 - Connection restablished
2024-12-01 18:34:56,865 [INFO] WebApp:189 - Connection lost
2024-12-01 18:35:00,164 [INFO] WebApp:186 - Connection restablished
2024-12-01 18:35:07,092 [INFO] WebApp:189 - Connection lost
2024-12-01 18:35:07,235 [INFO] WebApp:186 - Connection restablished
2024-12-01 18:35:13,569 [INFO] WebApp:189 - Connection lost
2024-12-01 18:35:13,731 [INFO] WebApp:186 - Connection restablished
2024-12-01 18:35:25,309 [INFO] WebApp:189 - Connection lost
2024-12-01 18:35:25,451 [INFO] WebApp:186 - Connection restablished
2024-12-01 18:35:29,673 [INFO] WebApp:189 - Connection lost
2024-12-01 18:35:29,833 [INFO] WebApp:186 - Connection restablished
2024-12-01 18:35:35,178 [INFO] WebApp:189 - Connection lost
2024-12-01 18:35:35,340 [INFO] WebApp:186 - Connection restablished
2024-12-01 18:35:40,805 [INFO] WebApp:189 - Connection lost
2024-12-01 18:35:40,979 [INFO] WebApp:186 - Connection restablished
2024-12-01 18:35:46,451 [INFO] WebApp:189 - Connection lost
2024-12-01 18:35:46,679 [INFO] WebApp:186 - Connection restablished
2024-12-01 18:41:37,353 [INFO] McuFinderGlobals:63 - Set McuFinder mode to 2 (CubeIDE integrated)
2024-12-01 18:41:37,357 [INFO] MainUpdater:2873 - connection check result : 10
2024-12-01 18:41:37,358 [INFO] MainUpdater:2873 - connection check result : 10
2024-12-01 18:41:37,418 [INFO] RulesReader:64 - Compatibility file has been processed (297 Rules)
2024-12-01 18:41:37,441 [INFO] RulesReader:64 - Compatibility file has been processed (297 Rules)
2024-12-01 18:41:37,446 [INFO] MicroXplorer:468 - Change Database Path : 
2024-12-01 18:41:37,447 [INFO] MicroXplorer:498 - Change Database Version : DB.6.0.121
2024-12-01 18:41:37,456 [WARN] ThirdParty:871 - waiting for thirdparty lock release [close project]
2024-12-01 18:41:37,456 [INFO] ThirdParty:873 - entering critical section [close project]
2024-12-01 18:41:37,458 [INFO] ThirdParty:883 - exiting critical section [close project]
2024-12-01 18:41:37,462 [INFO] PinOutPanel:1561 - setPackage(No Configuration,No Configuration)
2024-12-01 18:41:37,468 [INFO] UtilMem:75 - Begin LoadConfig() Used Memory: 564966904 Bytes (706740224)
2024-12-01 18:41:37,470 [INFO] MicroXplorer:468 - Change Database Path : 
2024-12-01 18:41:37,470 [INFO] MicroXplorer:498 - Change Database Version : DB.6.0.121
2024-12-01 18:41:37,470 [INFO] OpenFileManager:332 - Change cursor
2024-12-01 18:41:37,512 [INFO] Mcu:2032 - Initializing MCU STM32G474R(B-C-E)Tx STM32G474RETx STM32G474RET6
2024-12-01 18:41:42,190 [INFO] Context:742 - Trying to add GPIOservice into a context  which must be forbidden
2024-12-01 18:41:44,391 [INFO] ApiDbMcu:508 - Load IP Config File for NUCLEO-G474RE
2024-12-01 18:41:44,647 [INFO] RtosManager:555 - Registered RTOS mode: class=CMSIS, group=RTOS, mode=CMSIS_V1, owner=FREERTOS
2024-12-01 18:41:44,648 [INFO] RtosManager:555 - Registered RTOS mode: class=CMSIS, group=RTOS2, mode=CMSIS_V2, owner=FREERTOS
2024-12-01 18:41:44,648 [INFO] RtosManager:555 - Registered RTOS mode: class=RTOS, group=Core, mode=CMSIS_V1, owner=FREERTOS
2024-12-01 18:41:44,648 [INFO] RtosManager:555 - Registered RTOS mode: class=RTOS, group=Core, mode=CMSIS_V2, owner=FREERTOS
2024-12-01 18:41:44,648 [WARN] ModelIntegratedComponent:184 - Missing modes for component STMicroelectronics:FreeRTOS:0.0.1:STMicroelectronics:RTOS:FreeRTOS:Core:::10.2.0:
2024-12-01 18:41:44,671 [WARN] ModelIntegratedComponent:63 - No mode defined for component null
2024-12-01 18:41:44,671 [WARN] ModelIntegratedComponent:63 - No mode defined for component null
2024-12-01 18:41:44,671 [WARN] ModelIntegratedComponent:63 - No mode defined for component null
2024-12-01 18:41:44,672 [WARN] ModelIntegratedComponent:63 - No mode defined for component null
2024-12-01 18:41:44,672 [WARN] ModelIntegratedComponent:63 - No mode defined for component null
2024-12-01 18:41:44,672 [WARN] ModelIntegratedComponent:63 - No mode defined for component null
2024-12-01 18:41:44,672 [WARN] ModelIntegratedComponent:63 - No mode defined for component null
2024-12-01 18:41:44,672 [WARN] ModelIntegratedComponent:63 - No mode defined for component null
2024-12-01 18:41:44,672 [WARN] ModelIntegratedComponent:63 - No mode defined for component null
2024-12-01 18:41:44,672 [WARN] ModelIntegratedComponent:63 - No mode defined for component null
2024-12-01 18:41:44,672 [WARN] ModelIntegratedComponent:63 - No mode defined for component null
2024-12-01 18:41:44,672 [WARN] ModelIntegratedComponent:63 - No mode defined for component null
2024-12-01 18:41:44,672 [WARN] ModelIntegratedComponent:63 - No mode defined for component null
2024-12-01 18:41:44,672 [WARN] ModelIntegratedComponent:63 - No mode defined for component null
2024-12-01 18:41:44,672 [WARN] ModelIntegratedComponent:63 - No mode defined for component null
2024-12-01 18:41:44,672 [WARN] ModelIntegratedComponent:63 - No mode defined for component null
2024-12-01 18:41:44,672 [WARN] ModelIntegratedComponent:63 - No mode defined for component null
2024-12-01 18:41:44,672 [WARN] ModelIntegratedComponent:63 - No mode defined for component null
2024-12-01 18:41:44,672 [WARN] ModelIntegratedComponent:63 - No mode defined for component null
2024-12-01 18:41:44,672 [WARN] ModelIntegratedComponent:63 - No mode defined for component null
2024-12-01 18:41:44,672 [WARN] ModelIntegratedComponent:63 - No mode defined for component null
2024-12-01 18:41:44,672 [WARN] ModelIntegratedComponent:63 - No mode defined for component null
2024-12-01 18:41:44,672 [WARN] ModelIntegratedComponent:63 - No mode defined for component null
2024-12-01 18:41:44,672 [WARN] ModelIntegratedComponent:63 - No mode defined for component null
2024-12-01 18:41:44,672 [WARN] ModelIntegratedComponent:63 - No mode defined for component null
2024-12-01 18:41:44,672 [WARN] ModelIntegratedComponent:63 - No mode defined for component null
2024-12-01 18:41:44,672 [WARN] ModelIntegratedComponent:63 - No mode defined for component null
2024-12-01 18:41:44,672 [WARN] ModelIntegratedComponent:63 - No mode defined for component null
2024-12-01 18:41:44,672 [WARN] ModelIntegratedComponent:63 - No mode defined for component null
2024-12-01 18:41:44,673 [WARN] ModelIntegratedComponent:63 - No mode defined for component null
2024-12-01 18:41:44,673 [WARN] ModelIntegratedComponent:63 - No mode defined for component null
2024-12-01 18:41:44,673 [WARN] ModelIntegratedComponent:63 - No mode defined for component null
2024-12-01 18:41:44,673 [WARN] ModelIntegratedComponent:63 - No mode defined for component null
2024-12-01 18:41:44,673 [WARN] ModelIntegratedComponent:63 - No mode defined for component null
2024-12-01 18:41:44,673 [WARN] ModelIntegratedComponent:63 - No mode defined for component null
2024-12-01 18:41:44,673 [WARN] ModelPack:524 - Component already loaded: STMicroelectronics:HAL Drivers:0.0.0:STMicroelectronics:Device:STMicro_Driver:XSPI:HAL::0.0.1:HAL_XSPI
2024-12-01 18:41:44,704 [INFO] ThirdPartyModel:298 - Start build external matchings
2024-12-01 18:41:44,800 [INFO] ThirdPartyModel:316 - End build external matchings
2024-12-01 18:41:44,810 [INFO] RtosManager:919 - Current active RTOS is FREERTOS [Cortex-M4NS]
2024-12-01 18:41:44,832 [INFO] ImportTextPane:205 - (OptionalMessage_ERROR) IP (DMA) : Parameter (Instance) has Id (LPUART1_RX) currently not set
2024-12-01 18:41:44,833 [INFO] ImportTextPane:205 - (OptionalMessage_ERROR) IP (DMA) : Parameter (Request) has Id (LPUART1_RX) currently not set
2024-12-01 18:41:44,833 [INFO] ImportTextPane:205 - (OptionalMessage_ERROR) IP (DMA) : Parameter (Direction) has Id (LPUART1_RX) currently not set
2024-12-01 18:41:44,833 [INFO] ImportTextPane:205 - (OptionalMessage_ERROR) IP (DMA) : Parameter (PeriphInc) has Id (LPUART1_RX) currently not set
2024-12-01 18:41:44,833 [INFO] ImportTextPane:205 - (OptionalMessage_ERROR) IP (DMA) : Parameter (MemInc) has Id (LPUART1_RX) currently not set
2024-12-01 18:41:44,834 [INFO] ImportTextPane:205 - (OptionalMessage_ERROR) IP (DMA) : Parameter (PeriphDataAlignment) has Id (LPUART1_RX) currently not set
2024-12-01 18:41:44,834 [INFO] ImportTextPane:205 - (OptionalMessage_ERROR) IP (DMA) : Parameter (MemDataAlignment) has Id (LPUART1_RX) currently not set
2024-12-01 18:41:44,834 [INFO] ImportTextPane:205 - (OptionalMessage_ERROR) IP (DMA) : Parameter (Mode) has Id (LPUART1_RX) currently not set
2024-12-01 18:41:44,834 [INFO] ImportTextPane:205 - (OptionalMessage_ERROR) IP (DMA) : Parameter (Priority) has Id (LPUART1_RX) currently not set
2024-12-01 18:41:44,834 [INFO] ImportTextPane:205 - (OptionalMessage_ERROR) IP (DMA) : Parameter (SignalID) has Id (LPUART1_RX) currently not set
2024-12-01 18:41:44,834 [INFO] ImportTextPane:205 - (OptionalMessage_ERROR) IP (DMA) : Parameter (Polarity) has Id (LPUART1_RX) currently not set
2024-12-01 18:41:44,835 [INFO] ImportTextPane:205 - (OptionalMessage_ERROR) IP (DMA) : Parameter (RequestNumber) has Id (LPUART1_RX) currently not set
2024-12-01 18:41:44,835 [INFO] ImportTextPane:205 - (OptionalMessage_ERROR) IP (DMA) : Parameter (SyncSignalID) has Id (LPUART1_RX) currently not set
2024-12-01 18:41:44,835 [INFO] ImportTextPane:205 - (OptionalMessage_ERROR) IP (DMA) : Parameter (SyncPolarity) has Id (LPUART1_RX) currently not set
2024-12-01 18:41:44,835 [INFO] ImportTextPane:205 - (OptionalMessage_ERROR) IP (DMA) : Parameter (SyncEnable) has Id (LPUART1_RX) currently not set
2024-12-01 18:41:44,835 [INFO] ImportTextPane:205 - (OptionalMessage_ERROR) IP (DMA) : Parameter (EventEnable) has Id (LPUART1_RX) currently not set
2024-12-01 18:41:44,835 [INFO] ImportTextPane:205 - (OptionalMessage_ERROR) IP (DMA) : Parameter (SyncRequestNumber) has Id (LPUART1_RX) currently not set
2024-12-01 18:41:44,836 [INFO] ImportTextPane:205 - (OptionalMessage_ERROR) IP (DMA) : Parameter (Instance) has Id (LPUART1_TX) currently not set
2024-12-01 18:41:44,836 [INFO] ImportTextPane:205 - (OptionalMessage_ERROR) IP (DMA) : Parameter (Request) has Id (LPUART1_TX) currently not set
2024-12-01 18:41:44,836 [INFO] ImportTextPane:205 - (OptionalMessage_ERROR) IP (DMA) : Parameter (Direction) has Id (LPUART1_TX) currently not set
2024-12-01 18:41:44,836 [INFO] ImportTextPane:205 - (OptionalMessage_ERROR) IP (DMA) : Parameter (PeriphInc) has Id (LPUART1_TX) currently not set
2024-12-01 18:41:44,836 [INFO] ImportTextPane:205 - (OptionalMessage_ERROR) IP (DMA) : Parameter (MemInc) has Id (LPUART1_TX) currently not set
2024-12-01 18:41:44,836 [INFO] ImportTextPane:205 - (OptionalMessage_ERROR) IP (DMA) : Parameter (PeriphDataAlignment) has Id (LPUART1_TX) currently not set
2024-12-01 18:41:44,836 [INFO] ImportTextPane:205 - (OptionalMessage_ERROR) IP (DMA) : Parameter (MemDataAlignment) has Id (LPUART1_TX) currently not set
2024-12-01 18:41:44,836 [INFO] ImportTextPane:205 - (OptionalMessage_ERROR) IP (DMA) : Parameter (Mode) has Id (LPUART1_TX) currently not set
2024-12-01 18:41:44,836 [INFO] ImportTextPane:205 - (OptionalMessage_ERROR) IP (DMA) : Parameter (Priority) has Id (LPUART1_TX) currently not set
2024-12-01 18:41:44,836 [INFO] ImportTextPane:205 - (OptionalMessage_ERROR) IP (DMA) : Parameter (SignalID) has Id (LPUART1_TX) currently not set
2024-12-01 18:41:44,836 [INFO] ImportTextPane:205 - (OptionalMessage_ERROR) IP (DMA) : Parameter (Polarity) has Id (LPUART1_TX) currently not set
2024-12-01 18:41:44,836 [INFO] ImportTextPane:205 - (OptionalMessage_ERROR) IP (DMA) : Parameter (RequestNumber) has Id (LPUART1_TX) currently not set
2024-12-01 18:41:44,836 [INFO] ImportTextPane:205 - (OptionalMessage_ERROR) IP (DMA) : Parameter (SyncSignalID) has Id (LPUART1_TX) currently not set
2024-12-01 18:41:44,837 [INFO] ImportTextPane:205 - (OptionalMessage_ERROR) IP (DMA) : Parameter (SyncPolarity) has Id (LPUART1_TX) currently not set
2024-12-01 18:41:44,837 [INFO] ImportTextPane:205 - (OptionalMessage_ERROR) IP (DMA) : Parameter (SyncEnable) has Id (LPUART1_TX) currently not set
2024-12-01 18:41:44,837 [INFO] ImportTextPane:205 - (OptionalMessage_ERROR) IP (DMA) : Parameter (EventEnable) has Id (LPUART1_TX) currently not set
2024-12-01 18:41:44,837 [INFO] ImportTextPane:205 - (OptionalMessage_ERROR) IP (DMA) : Parameter (SyncRequestNumber) has Id (LPUART1_TX) currently not set
2024-12-01 18:41:44,837 [INFO] ImportTextPane:205 - (OptionalMessage_ERROR) IP (DMA) : Parameter (Instance) has Id (USART1_RX) currently not set
2024-12-01 18:41:44,837 [INFO] ImportTextPane:205 - (OptionalMessage_ERROR) IP (DMA) : Parameter (Request) has Id (USART1_RX) currently not set
2024-12-01 18:41:44,837 [INFO] ImportTextPane:205 - (OptionalMessage_ERROR) IP (DMA) : Parameter (Direction) has Id (USART1_RX) currently not set
2024-12-01 18:41:44,837 [INFO] ImportTextPane:205 - (OptionalMessage_ERROR) IP (DMA) : Parameter (PeriphInc) has Id (USART1_RX) currently not set
2024-12-01 18:41:44,837 [INFO] ImportTextPane:205 - (OptionalMessage_ERROR) IP (DMA) : Parameter (MemInc) has Id (USART1_RX) currently not set
2024-12-01 18:41:44,837 [INFO] ImportTextPane:205 - (OptionalMessage_ERROR) IP (DMA) : Parameter (PeriphDataAlignment) has Id (USART1_RX) currently not set
2024-12-01 18:41:44,837 [INFO] ImportTextPane:205 - (OptionalMessage_ERROR) IP (DMA) : Parameter (MemDataAlignment) has Id (USART1_RX) currently not set
2024-12-01 18:41:44,837 [INFO] ImportTextPane:205 - (OptionalMessage_ERROR) IP (DMA) : Parameter (Mode) has Id (USART1_RX) currently not set
2024-12-01 18:41:44,837 [INFO] ImportTextPane:205 - (OptionalMessage_ERROR) IP (DMA) : Parameter (Priority) has Id (USART1_RX) currently not set
2024-12-01 18:41:44,837 [INFO] ImportTextPane:205 - (OptionalMessage_ERROR) IP (DMA) : Parameter (SignalID) has Id (USART1_RX) currently not set
2024-12-01 18:41:44,837 [INFO] ImportTextPane:205 - (OptionalMessage_ERROR) IP (DMA) : Parameter (Polarity) has Id (USART1_RX) currently not set
2024-12-01 18:41:44,837 [INFO] ImportTextPane:205 - (OptionalMessage_ERROR) IP (DMA) : Parameter (RequestNumber) has Id (USART1_RX) currently not set
2024-12-01 18:41:44,837 [INFO] ImportTextPane:205 - (OptionalMessage_ERROR) IP (DMA) : Parameter (SyncSignalID) has Id (USART1_RX) currently not set
2024-12-01 18:41:44,837 [INFO] ImportTextPane:205 - (OptionalMessage_ERROR) IP (DMA) : Parameter (SyncPolarity) has Id (USART1_RX) currently not set
2024-12-01 18:41:44,837 [INFO] ImportTextPane:205 - (OptionalMessage_ERROR) IP (DMA) : Parameter (SyncEnable) has Id (USART1_RX) currently not set
2024-12-01 18:41:44,837 [INFO] ImportTextPane:205 - (OptionalMessage_ERROR) IP (DMA) : Parameter (EventEnable) has Id (USART1_RX) currently not set
2024-12-01 18:41:44,838 [INFO] ImportTextPane:205 - (OptionalMessage_ERROR) IP (DMA) : Parameter (SyncRequestNumber) has Id (USART1_RX) currently not set
2024-12-01 18:41:44,838 [INFO] ImportTextPane:205 - (OptionalMessage_ERROR) IP (DMA) : Parameter (Instance) has Id (USART1_TX) currently not set
2024-12-01 18:41:44,838 [INFO] ImportTextPane:205 - (OptionalMessage_ERROR) IP (DMA) : Parameter (Request) has Id (USART1_TX) currently not set
2024-12-01 18:41:44,838 [INFO] ImportTextPane:205 - (OptionalMessage_ERROR) IP (DMA) : Parameter (Direction) has Id (USART1_TX) currently not set
2024-12-01 18:41:44,838 [INFO] ImportTextPane:205 - (OptionalMessage_ERROR) IP (DMA) : Parameter (PeriphInc) has Id (USART1_TX) currently not set
2024-12-01 18:41:44,838 [INFO] ImportTextPane:205 - (OptionalMessage_ERROR) IP (DMA) : Parameter (MemInc) has Id (USART1_TX) currently not set
2024-12-01 18:41:44,838 [INFO] ImportTextPane:205 - (OptionalMessage_ERROR) IP (DMA) : Parameter (PeriphDataAlignment) has Id (USART1_TX) currently not set
2024-12-01 18:41:44,838 [INFO] ImportTextPane:205 - (OptionalMessage_ERROR) IP (DMA) : Parameter (MemDataAlignment) has Id (USART1_TX) currently not set
2024-12-01 18:41:44,838 [INFO] ImportTextPane:205 - (OptionalMessage_ERROR) IP (DMA) : Parameter (Mode) has Id (USART1_TX) currently not set
2024-12-01 18:41:44,838 [INFO] ImportTextPane:205 - (OptionalMessage_ERROR) IP (DMA) : Parameter (Priority) has Id (USART1_TX) currently not set
2024-12-01 18:41:44,838 [INFO] ImportTextPane:205 - (OptionalMessage_ERROR) IP (DMA) : Parameter (SignalID) has Id (USART1_TX) currently not set
2024-12-01 18:41:44,838 [INFO] ImportTextPane:205 - (OptionalMessage_ERROR) IP (DMA) : Parameter (Polarity) has Id (USART1_TX) currently not set
2024-12-01 18:41:44,838 [INFO] ImportTextPane:205 - (OptionalMessage_ERROR) IP (DMA) : Parameter (RequestNumber) has Id (USART1_TX) currently not set
2024-12-01 18:41:44,838 [INFO] ImportTextPane:205 - (OptionalMessage_ERROR) IP (DMA) : Parameter (SyncSignalID) has Id (USART1_TX) currently not set
2024-12-01 18:41:44,838 [INFO] ImportTextPane:205 - (OptionalMessage_ERROR) IP (DMA) : Parameter (SyncPolarity) has Id (USART1_TX) currently not set
2024-12-01 18:41:44,838 [INFO] ImportTextPane:205 - (OptionalMessage_ERROR) IP (DMA) : Parameter (SyncEnable) has Id (USART1_TX) currently not set
2024-12-01 18:41:44,838 [INFO] ImportTextPane:205 - (OptionalMessage_ERROR) IP (DMA) : Parameter (EventEnable) has Id (USART1_TX) currently not set
2024-12-01 18:41:44,838 [INFO] ImportTextPane:205 - (OptionalMessage_ERROR) IP (DMA) : Parameter (SyncRequestNumber) has Id (USART1_TX) currently not set
2024-12-01 18:41:44,852 [INFO] ImportTextPane:205 - (OptionalMessage_ERROR) IP (RCC) : Invalid parameter (FamilyName)
2024-12-01 18:41:44,853 [INFO] ImportTextPane:205 - (OptionalMessage_ERROR) IP (RCC) : Parameter (RNGFreq_Value) has invalid value (170000000)
2024-12-01 18:41:44,854 [INFO] ImportTextPane:205 - (OptionalMessage_ERROR) IP (RCC) : Parameter (USBFreq_Value) has invalid value (170000000)
2024-12-01 18:41:45,384 [INFO] ApiDb:581 - Connected to CubeFinder SQLite database (/home/kireiji/.stmcufinder/plugins/mcufinder/mcu/cube-finder-db.db)
2024-12-01 18:41:45,437 [INFO] ApiDb:668 - CubeFinder database Data Model version=2.1
2024-12-01 18:41:45,438 [INFO] ApiDb:669 - CubeFinder database Configuration version=3.0.39
2024-12-01 18:41:45,440 [INFO] ApiDb:670 - CubeFinder database generation date=2024-10-15 (1729006872)
2024-12-01 18:41:45,440 [INFO] ApiDb:671 - CubeFinder database FW Pack versions=[FP-ATR-ASTRA1_V2.0.0, FP-SNS-FLIGHT1_V5.0.2, FP-SNS-MOTENV1_V5.0.0, FP-SNS-MOTENVWB1_V1.4.0, FP-SNS-SMARTAG2_V1.2.0, FP-SNS-STBOX1_V2.0.0, STM32Cube_FW_C0_V1.2.0, STM32Cube_FW_F4_V1.28.1, STM32Cube_FW_F7_V1.17.2, STM32Cube_FW_G0_V1.6.2, STM32Cube_FW_G4_V1.6.0, STM32Cube_FW_H5_V1.3.0, STM32Cube_FW_H7RS_V1.1.0, STM32Cube_FW_H7_V1.11.2, STM32Cube_FW_L0_V1.12.2, STM32Cube_FW_L5_V1.5.1, STM32Cube_FW_U0_V1.1.0, STM32Cube_FW_U5_V1.6.0, STM32Cube_FW_WB0_V1.0.0, STM32Cube_FW_WBA_V1.4.1, STM32Cube_FW_WB_V1.20.0, STM32Cube_FW_WL_V1.3.0, X-CUBE-ALGOBUILD_V1.4.0, X-CUBE-ALS_V1.0.2, X-CUBE-AZRTOS-F4_V1.1.0, X-CUBE-AZRTOS-F7_V1.1.0, X-CUBE-AZRTOS-G0_V1.1.0, X-CUBE-AZRTOS-G4_V2.0.0, X-CUBE-AZRTOS-H7RS_V1.0.0, X-CUBE-AZRTOS-H7_V3.3.0, X-CUBE-AZRTOS-L4_V2.0.0, X-CUBE-AZRTOS-L5_V2.0.0, X-CUBE-AZRTOS-WB_V2.0.0, X-CUBE-AZRTOS-WL_V2.0.0, X-CUBE-BLE1_V7.0.0, X-CUBE-BLE2_V3.3.0, X-CUBE-BLEMGR_V3.1.0, X-CUBE-EEPRMA1_V5.1.0, X-CUBE-FREERTOS_V1.2.0, X-CUBE-GNSS1_V6.0.0, X-CUBE-MEMS1_V11.0.0, X-CUBE-NFC4_V3.0.0, X-CUBE-NFC7_V1.0.1, X-CUBE-SFXS2LP1_V4.0.0, X-CUBE-SUBG2_V5.0.0, X-CUBE-TOF1_V3.4.2]
2024-12-01 18:41:45,553 [INFO] DbBoardsSqlite:226 - include board P-NUCLEO-WB55-NUCLEO as a kit item of type 'Nucleo-64'
2024-12-01 18:41:45,554 [INFO] DbBoardsSqlite:226 - include board P-NUCLEO-WB55-USBDONGLE as a kit item of type 'Nucleo USB Dongle'
2024-12-01 18:41:45,554 [INFO] DbBoardsSqlite:226 - include board STEVAL-IDP005V1 as a kit item of type 'Evaluation Board'
2024-12-01 18:41:45,555 [INFO] DbBoardsSqlite:226 - include board STEVAL-IDP005V2 as a kit item of type 'Evaluation Board'
2024-12-01 18:41:45,649 [INFO] ApiDb:240 - Found 646 in-development CPN: [B-G473E-ZEST1S, B-WB1M-WPAN1, B-WL5M-SUBG1, NUCLEO-C031C6, NUCLEO-C071RB, NUCLEO-H503RB, NUCLEO-H533RE, NUCLEO-H563ZI, NUCLEO-H7S3L8, NUCLEO-U031R8, NUCLEO-U083RC, NUCLEO-U545RE-Q, NUCLEO-U5A5ZJ-Q, NUCLEO-WB05KZ, NUCLEO-WB07CC, NUCLEO-WB09KE, NUCLEO-WBA52CG, NUCLEO-WBA55CG, STEVAL-PROTEUS1, STEVAL-SMARTAG2, STEVAL-STWINBX1, STM320518-EVAL, STM32C0116-DK, STM32C011D6Y3TR, STM32C011D6Y6TR, STM32C011F4P3, STM32C011F4P6, STM32C011F4U3, STM32C011F4U6TR, STM32C011F6P3, STM32C011F6P6, STM32C011F6U3, STM32C011F6U6TR, STM32C011J4M3, STM32C011J4M6, STM32C011J6M3, STM32C011J6M6, STM32C0316-DK, STM32C031C4T3, STM32C031C4T6, STM32C031C4U3, STM32C031C4U6, STM32C031C6T3, STM32C031C6T6, STM32C031C6U3, STM32C031C6U6, STM32C031F4P3, STM32C031F4P6, STM32C031F6P3, STM32C031F6P6, STM32C031G4U3, STM32C031G4U6, STM32C031G6U3, STM32C031G6U6, STM32C031K4T3, STM32C031K4T6, STM32C031K4U3, STM32C031K4U6, STM32C031K6T3, STM32C031K6T6, STM32C031K6U3, STM32C031K6U6, STM32C071C8T6, STM32C071C8T6N, STM32C071C8U6, STM32C071C8U6N, STM32C071CBT6, STM32C071CBT6N, STM32C071CBU6, STM32C071CBU6N, STM32C071F8P6, STM32C071F8P6N, STM32C071FBP6, STM32C071FBP6N, STM32C071FBY6TR, STM32C071G8U6, STM32C071G8U6N, STM32C071GBU6, STM32C071GBU6N, STM32C071K8T6, STM32C071K8T6N, STM32C071K8U6, STM32C071K8U6N, STM32C071KBT6, STM32C071KBT6N, STM32C071KBU6, STM32C071KBU6N, STM32C071R8T6, STM32C071R8T6N, STM32C071RBI6N, STM32C071RBT6, STM32C071RBT6N, STM32G071K8TXN, STM32G071K8UXN, STM32G081GBU6N, STM32G081KBT6N, STM32G081KBUXN, STM32G0B1CCT6N, STM32G0B1KCT6, STM32G0B1NEY6TR, STM32G0B1RCT6N, STM32G0C1CCT6, STM32G0C1CCT6N, STM32G0C1CCU6N, STM32G0C1CET6N, STM32G0C1CEU6N, STM32G0C1KCT6, STM32G0C1NEY6TR, STM32G0C1RCI6N, STM32G0C1RCT6N, STM32G0C1REI6N, STM32G0C1RET6N, STM32G0C1VCI6, STM32G0C1VEI6, STM32G411C6T3, STM32G411C6T6, STM32G411C6U3, STM32G411C6U6, STM32G411C8T3, STM32G411C8T6, STM32G411C8U3, STM32G411C8U6, STM32G411CBT3, STM32G411CBT6, STM32G411CBU3, STM32G411CBU6, STM32G411K6T3, STM32G411K6T6, STM32G411K6U3, STM32G411K6U6, STM32G411K8T3, STM32G411K8T6, STM32G411K8U3, STM32G411K8U6, STM32G411KBT3, STM32G411KBT6, STM32G411KBU3, STM32G411KBU6, STM32G411M6T3, STM32G411M6T6, STM32G411M8T3, STM32G411M8T6, STM32G411MBT3, STM32G411MBT6, STM32G411R6T3, STM32G411R6T6, STM32G411R8T3, STM32G411R8T6, STM32G411RBT3, STM32G411RBT6, STM32G414CBT3, STM32G414CBT6, STM32G414CBU3, STM32G414CBU6, STM32G414CCT3, STM32G414CCT6, STM32G414CCU3, STM32G414CCU6, STM32G414MBT3, STM32G414MBT6, STM32G414MCT3, STM32G414MCT6, STM32G414RBT3, STM32G414RBT6, STM32G414RCT3, STM32G414RCT6, STM32G414VBT3, STM32G414VBT6, STM32G414VCT3, STM32G414VCT6, STM32G431CBT3Z, STM32G431RBT3Z, STM32G471CCT6, STM32G471CCU6, STM32G471CET3, STM32G471CET6, STM32G471CEU3, STM32G471CEU6, STM32G471MCT6, STM32G471MET3, STM32G471MET6, STM32G471MEY6TR, STM32G471QCT6, STM32G471QET3, STM32G471RCT6, STM32G471RET3, STM32G471RET6, STM32G471VCH6, STM32G471VCI6, STM32G471VCT6, STM32G471VEH3, STM32G471VEH6, STM32G471VEI3, STM32G471VEI6, STM32G471VET3, STM32G471VET6, STM32G473QET3Z, STM32G473RET3Z, STM32G474CCT6, STM32G491RET3Z, STM32H503CBT6, STM32H503CBU6, STM32H503EBY6TR, STM32H503KBU6, STM32H503RBT6, STM32H523CCT6, STM32H523CCU6, STM32H523CET6, STM32H523CEU6, STM32H523HEY6TR, STM32H523RCT6, STM32H523RET6, STM32H523VCI6, STM32H523VCT6, STM32H523VEI6, STM32H523VET6, STM32H523ZCJ6, STM32H523ZCT6, STM32H523ZEJ6, STM32H523ZET6, STM32H533CET6, STM32H533CEU6, STM32H533HEY6TR, STM32H533RET6, STM32H533VEI6, STM32H533VET6, STM32H533ZEJ6, STM32H533ZET6, STM32H562AGI6, STM32H562AII6, STM32H562IGK6, STM32H562IGT6, STM32H562IIK6, STM32H562IIT6, STM32H562RGT6, STM32H562RGV6, STM32H562RIT6, STM32H562RIV6, STM32H562VGT6, STM32H562VIT6, STM32H562ZGT6, STM32H562ZIT6, STM32H563AGI6, STM32H563AII3Q, STM32H563AII6, STM32H563IGK6, STM32H563IGT6, STM32H563IIK3Q, STM32H563IIK6, STM32H563IIT3Q, STM32H563IIT6, STM32H563MIY3QTR, STM32H563RGT6, STM32H563RGV6, STM32H563RIT6, STM32H563RIV6, STM32H563VGT6, STM32H563VIT3Q, STM32H563VIT6, STM32H563ZGT6, STM32H563ZIT3Q, STM32H563ZIT6, STM32H573AII3Q, STM32H573AII6, STM32H573I-DK, STM32H573IIK3Q, STM32H573IIK6, STM32H573IIT3Q, STM32H573IIT6, STM32H573MIY3QTR, STM32H573RIT6, STM32H573RIV6, STM32H573VIT3Q, STM32H573VIT6, STM32H573ZIT3Q, STM32H573ZIT6, STM32H7R3A8I6, STM32H7R3I8K6, STM32H7R3I8T6, STM32H7R3L8H6, STM32H7R3L8H6H, STM32H7R3R8V6, STM32H7R3V8H6, STM32H7R3V8T6, STM32H7R3V8Y6TR, STM32H7R3Z8J6, STM32H7R3Z8T6, STM32H7R7A8I6, STM32H7R7I8K6, STM32H7R7I8T6, STM32H7R7L8H6, STM32H7R7L8H6H, STM32H7R7Z8J6, STM32H7S3A8I6, STM32H7S3I8K6, STM32H7S3I8T6, STM32H7S3L8H6, STM32H7S3L8H6H, STM32H7S3R8V6, STM32H7S3V8H6, STM32H7S3V8T6, STM32H7S3V8Y6TR, STM32H7S3Z8J6, STM32H7S3Z8T6, STM32H7S78-DK, STM32H7S7A8I6, STM32H7S7I8K6, STM32H7S7I8T6, STM32H7S7L8H6, STM32H7S7L8H6H, STM32H7S7Z8J6, STM32L4R5QGI6STR, STM32MP131AAE3, STM32MP131AAF3, STM32MP131AAG3, STM32MP131CAE3, STM32MP131CAF3, STM32MP131CAG3, STM32MP131DAE7, STM32MP131DAF7, STM32MP131DAG7, STM32MP131FAE7, STM32MP131FAF7, STM32MP131FAG7, STM32MP133AAE3, STM32MP133AAF3, STM32MP133AAG3, STM32MP133CAE3, STM32MP133CAF3, STM32MP133CAG3, STM32MP133DAE7, STM32MP133DAF7, STM32MP133DAG7, STM32MP133FAE7, STM32MP133FAF7, STM32MP133FAG7, STM32MP135AAE3, STM32MP135AAF3, STM32MP135AAG3, STM32MP135CAE3, STM32MP135CAF3, STM32MP135CAG3, STM32MP135DAE7, STM32MP135DAF7, STM32MP135DAG7, STM32MP135F-DK, STM32MP135FAE7, STM32MP135FAF7, STM32MP135FAF7T, STM32MP135FAF7U, STM32MP135FAG7, STM32MP251AAI3, STM32MP251AAK3, STM32MP251AAL3, STM32MP251CAI3, STM32MP251CAK3, STM32MP251CAL3, STM32MP251DAI3, STM32MP251DAK3, STM32MP251DAL3, STM32MP251FAI3, STM32MP251FAK3, STM32MP251FAL3, STM32MP253AAI3, STM32MP253AAK3, STM32MP253AAL3, STM32MP253CAI3, STM32MP253CAK3, STM32MP253CAL3, STM32MP253DAI3, STM32MP253DAK3, STM32MP253DAL3, STM32MP253FAI3, STM32MP253FAK3, STM32MP253FAL3, STM32MP255AAI3, STM32MP255AAK3, STM32MP255AAL3, STM32MP255CAI3, STM32MP255CAK3, STM32MP255CAL3, STM32MP255DAI3, STM32MP255DAK3, STM32MP255DAL3, STM32MP255FAI3, STM32MP255FAK3, STM32MP255FAL3, STM32MP257AAI3, STM32MP257AAK3, STM32MP257AAL3, STM32MP257CAI3, STM32MP257CAK3, STM32MP257CAL3, STM32MP257DAI3, STM32MP257DAK3, STM32MP257DAL3, STM32MP257F-DK, STM32MP257F-EV1, STM32MP257FAI3, STM32MP257FAK3, STM32MP257FAL3, STM32U031C6T6, STM32U031C6U6, STM32U031C8T6, STM32U031C8U6, STM32U031F4P6, STM32U031F6P6, STM32U031F8P6, STM32U031G6Y6TR, STM32U031G8Y6TR, STM32U031K4U6, STM32U031K6U6, STM32U031K8U6, STM32U031R6I6, STM32U031R6T6, STM32U031R8I6, STM32U031R8T6, STM32U073C8T6, STM32U073C8U6, STM32U073CBT6, STM32U073CBU6, STM32U073CCT6, STM32U073CCU6, STM32U073H8Y6TR, STM32U073HBY6TR, STM32U073HCY6TR, STM32U073K8U6, STM32U073KBU6, STM32U073KCU6, STM32U073M8I6, STM32U073M8T6, STM32U073MBI6, STM32U073MBT6, STM32U073MCI6, STM32U073MCT6, STM32U073R8I6, STM32U073R8T6, STM32U073RBI6, STM32U073RBT6, STM32U073RCI6, STM32U073RCT6, STM32U083C-DK, STM32U083CCT6, STM32U083CCU6, STM32U083HCY6TR, STM32U083KCU6, STM32U083MCI6, STM32U083MCT6, STM32U083RCI6, STM32U083RCT6, STM32U535CBT6, STM32U535CBT6Q, STM32U535CBU6, STM32U535CBU6Q, STM32U535CCT6, STM32U535CCT6Q, STM32U535CCU6, STM32U535CCU6Q, STM32U535CET6, STM32U535CET6Q, STM32U535CEU6, STM32U535CEU6Q, STM32U535JEY6QTR, STM32U535NCY6QTR, STM32U535NEY6QTR, STM32U535RBI6, STM32U535RBI6Q, STM32U535RBT6, STM32U535RBT6Q, STM32U535RCI6, STM32U535RCI6Q, STM32U535RCT6, STM32U535RCT6Q, STM32U535REI6, STM32U535REI6Q, STM32U535RET6, STM32U535RET6Q, STM32U535VCI6, STM32U535VCI6Q, STM32U535VCT6, STM32U535VCT6Q, STM32U535VEI6, STM32U535VEI6Q, STM32U535VET6, STM32U535VET6Q, STM32U545CET6, STM32U545CET6Q, STM32U545CEU6, STM32U545CEU6Q, STM32U545JEY6QTR, STM32U545NEY6QTR, STM32U545REI6, STM32U545REI6Q, STM32U545RET6, STM32U545RET6Q, STM32U545VEI6, STM32U545VEI6Q, STM32U545VET6, STM32U545VET6Q, STM32U595AIH6, STM32U595AIH6Q, STM32U595AJH6, STM32U595AJH6Q, STM32U595QII6, STM32U595QII6Q, STM32U595QJI6, STM32U595QJI6Q, STM32U595RIT6, STM32U595RIT6Q, STM32U595RJT6, STM32U595RJT6Q, STM32U595VIT6, STM32U595VIT6Q, STM32U595VJT6, STM32U595VJT6Q, STM32U595ZIT6, STM32U595ZIT6Q, STM32U595ZIY6QTR, STM32U595ZJT6, STM32U595ZJT6Q, STM32U595ZJY6QTR, STM32U599BJY6QTR, STM32U599NIH6Q, STM32U599NJH6Q, STM32U599VIT6Q, STM32U599VJT6, STM32U599VJT6Q, STM32U599ZIT6Q, STM32U599ZIY6QTR, STM32U599ZJT6Q, STM32U599ZJY6QTR, STM32U5A5AJH6, STM32U5A5AJH6Q, STM32U5A5QII3Q , STM32U5A5QJI6, STM32U5A5QJI6Q, STM32U5A5RJT6, STM32U5A5RJT6Q, STM32U5A5VJT6, STM32U5A5VJT6Q, STM32U5A5ZJT6, STM32U5A5ZJT6Q, STM32U5A5ZJY6QTR, STM32U5A9BJY6QTR, STM32U5A9J-DK, STM32U5A9NJH6Q, STM32U5A9VJT6Q, STM32U5A9ZJT6Q, STM32U5A9ZJY6QTR, STM32U5F7VIT6, STM32U5F7VIT6Q, STM32U5F7VJT6, STM32U5F7VJT6Q, STM32U5F9BJY6QTR, STM32U5F9NJH6Q, STM32U5F9VIT6Q, STM32U5F9VJT6Q, STM32U5F9ZIJ6QTR, STM32U5F9ZIT6Q, STM32U5F9ZJJ6QTR, STM32U5F9ZJT6Q, STM32U5G7VJT6, STM32U5G7VJT6Q, STM32U5G9BJY6QTR, STM32U5G9J-DK1, STM32U5G9J-DK2, STM32U5G9NJH6Q, STM32U5G9VJT6Q, STM32U5G9ZJJ6QTR, STM32U5G9ZJT6Q, STM32WB05KZV6TR, STM32WB05KZV7TR, STM32WB05TZF6TR, STM32WB05TZF7TR, STM32WB06CCF6TR, STM32WB06CCF7TR, STM32WB06CCV6TR, STM32WB06CCV7TR, STM32WB06KCV6TR, STM32WB06KCV7TR, STM32WB07CCF6TR, STM32WB07CCF7TR, STM32WB07CCV6TR, STM32WB07CCV7TR, STM32WB07KCV6TR, STM32WB07KCV7TR, STM32WB09KEV6TR, STM32WB09KEV7TR, STM32WB09TEF6TR, STM32WB09TEF7TR, STM32WB1MMCH6, STM32WBA50KGU6, STM32WBA50KGU6TR, STM32WBA52CEU6, STM32WBA52CEU6TR, STM32WBA52CEU7, STM32WBA52CEU7TR, STM32WBA52CGU6, STM32WBA52CGU6TR, STM32WBA52CGU6U, STM32WBA52CGU7, STM32WBA52CGU7TR, STM32WBA52KEU6, STM32WBA52KEU6TR, STM32WBA52KGU6, STM32WBA52KGU6TR, STM32WBA54CEU6, STM32WBA54CEU6TR, STM32WBA54CEU7, STM32WBA54CEU7TR, STM32WBA54CGU6, STM32WBA54CGU6TR, STM32WBA54CGU7, STM32WBA54CGU7TR, STM32WBA54KEU6, STM32WBA54KEU6TR, STM32WBA54KEU7, STM32WBA54KEU7TR, STM32WBA54KGU6, STM32WBA54KGU6TR, STM32WBA54KGU7, STM32WBA54KGU7TR, STM32WBA55CEU6, STM32WBA55CEU6TR, STM32WBA55CEU7, STM32WBA55CEU7TR, STM32WBA55CGU6, STM32WBA55CGU6TR, STM32WBA55CGU6U, STM32WBA55CGU7, STM32WBA55CGU7TR, STM32WBA55G-DK1, STM32WBA55HEF6, STM32WBA55HEF7, STM32WBA55HGF6, STM32WBA55HGF7, STM32WBA55UEI6, STM32WBA55UEI6TR, STM32WBA55UEI7, STM32WBA55UEI7TR, STM32WBA55UGI6, STM32WBA55UGI6TR, STM32WBA55UGI7, STM32WBA55UGI7TR, STM32WL5MOCH6, STM32WL5MOCH6TR]
2024-12-01 18:41:45,769 [INFO] BoardInfo:889 - No configuration file found for board P-NUCLEO-WB55
2024-12-01 18:41:45,770 [INFO] DbBoards:161 - Kit is not supported: P-NUCLEO-WB55
2024-12-01 18:41:45,775 [INFO] BoardInfo:889 - No configuration file found for board STEVAL-BFA001V1B
2024-12-01 18:41:45,776 [INFO] DbBoards:161 - Kit is not supported: STEVAL-BFA001V1B
2024-12-01 18:41:45,777 [INFO] BoardInfo:889 - No configuration file found for board STEVAL-BFA001V2B
2024-12-01 18:41:45,777 [INFO] DbBoards:161 - Kit is not supported: STEVAL-BFA001V2B
2024-12-01 18:41:45,886 [INFO] DbBoards:168 - Found 201 boards, 198 are supported
2024-12-01 18:41:45,887 [INFO] DbBoards:169 - Found 201 boards, 25 of them is supported for  Bsp
2024-12-01 18:41:45,890 [INFO] ApiDb:668 - CubeFinder database Data Model version=2.1
2024-12-01 18:41:45,890 [INFO] ApiDb:669 - CubeFinder database Configuration version=3.0.39
2024-12-01 18:41:45,890 [INFO] ApiDb:670 - CubeFinder database generation date=2024-10-15 (1729006872)
2024-12-01 18:41:45,890 [INFO] ApiDb:671 - CubeFinder database FW Pack versions=[FP-ATR-ASTRA1_V2.0.0, FP-SNS-FLIGHT1_V5.0.2, FP-SNS-MOTENV1_V5.0.0, FP-SNS-MOTENVWB1_V1.4.0, FP-SNS-SMARTAG2_V1.2.0, FP-SNS-STBOX1_V2.0.0, STM32Cube_FW_C0_V1.2.0, STM32Cube_FW_F4_V1.28.1, STM32Cube_FW_F7_V1.17.2, STM32Cube_FW_G0_V1.6.2, STM32Cube_FW_G4_V1.6.0, STM32Cube_FW_H5_V1.3.0, STM32Cube_FW_H7RS_V1.1.0, STM32Cube_FW_H7_V1.11.2, STM32Cube_FW_L0_V1.12.2, STM32Cube_FW_L5_V1.5.1, STM32Cube_FW_U0_V1.1.0, STM32Cube_FW_U5_V1.6.0, STM32Cube_FW_WB0_V1.0.0, STM32Cube_FW_WBA_V1.4.1, STM32Cube_FW_WB_V1.20.0, STM32Cube_FW_WL_V1.3.0, X-CUBE-ALGOBUILD_V1.4.0, X-CUBE-ALS_V1.0.2, X-CUBE-AZRTOS-F4_V1.1.0, X-CUBE-AZRTOS-F7_V1.1.0, X-CUBE-AZRTOS-G0_V1.1.0, X-CUBE-AZRTOS-G4_V2.0.0, X-CUBE-AZRTOS-H7RS_V1.0.0, X-CUBE-AZRTOS-H7_V3.3.0, X-CUBE-AZRTOS-L4_V2.0.0, X-CUBE-AZRTOS-L5_V2.0.0, X-CUBE-AZRTOS-WB_V2.0.0, X-CUBE-AZRTOS-WL_V2.0.0, X-CUBE-BLE1_V7.0.0, X-CUBE-BLE2_V3.3.0, X-CUBE-BLEMGR_V3.1.0, X-CUBE-EEPRMA1_V5.1.0, X-CUBE-FREERTOS_V1.2.0, X-CUBE-GNSS1_V6.0.0, X-CUBE-MEMS1_V11.0.0, X-CUBE-NFC4_V3.0.0, X-CUBE-NFC7_V1.0.1, X-CUBE-SFXS2LP1_V4.0.0, X-CUBE-SUBG2_V5.0.0, X-CUBE-TOF1_V3.4.2]
2024-12-01 18:41:48,281 [INFO] ApiDb:240 - Found 646 in-development CPN: [B-G473E-ZEST1S, B-WB1M-WPAN1, B-WL5M-SUBG1, NUCLEO-C031C6, NUCLEO-C071RB, NUCLEO-H503RB, NUCLEO-H533RE, NUCLEO-H563ZI, NUCLEO-H7S3L8, NUCLEO-U031R8, NUCLEO-U083RC, NUCLEO-U545RE-Q, NUCLEO-U5A5ZJ-Q, NUCLEO-WB05KZ, NUCLEO-WB07CC, NUCLEO-WB09KE, NUCLEO-WBA52CG, NUCLEO-WBA55CG, STEVAL-PROTEUS1, STEVAL-SMARTAG2, STEVAL-STWINBX1, STM320518-EVAL, STM32C0116-DK, STM32C011D6Y3TR, STM32C011D6Y6TR, STM32C011F4P3, STM32C011F4P6, STM32C011F4U3, STM32C011F4U6TR, STM32C011F6P3, STM32C011F6P6, STM32C011F6U3, STM32C011F6U6TR, STM32C011J4M3, STM32C011J4M6, STM32C011J6M3, STM32C011J6M6, STM32C0316-DK, STM32C031C4T3, STM32C031C4T6, STM32C031C4U3, STM32C031C4U6, STM32C031C6T3, STM32C031C6T6, STM32C031C6U3, STM32C031C6U6, STM32C031F4P3, STM32C031F4P6, STM32C031F6P3, STM32C031F6P6, STM32C031G4U3, STM32C031G4U6, STM32C031G6U3, STM32C031G6U6, STM32C031K4T3, STM32C031K4T6, STM32C031K4U3, STM32C031K4U6, STM32C031K6T3, STM32C031K6T6, STM32C031K6U3, STM32C031K6U6, STM32C071C8T6, STM32C071C8T6N, STM32C071C8U6, STM32C071C8U6N, STM32C071CBT6, STM32C071CBT6N, STM32C071CBU6, STM32C071CBU6N, STM32C071F8P6, STM32C071F8P6N, STM32C071FBP6, STM32C071FBP6N, STM32C071FBY6TR, STM32C071G8U6, STM32C071G8U6N, STM32C071GBU6, STM32C071GBU6N, STM32C071K8T6, STM32C071K8T6N, STM32C071K8U6, STM32C071K8U6N, STM32C071KBT6, STM32C071KBT6N, STM32C071KBU6, STM32C071KBU6N, STM32C071R8T6, STM32C071R8T6N, STM32C071RBI6N, STM32C071RBT6, STM32C071RBT6N, STM32G071K8TXN, STM32G071K8UXN, STM32G081GBU6N, STM32G081KBT6N, STM32G081KBUXN, STM32G0B1CCT6N, STM32G0B1KCT6, STM32G0B1NEY6TR, STM32G0B1RCT6N, STM32G0C1CCT6, STM32G0C1CCT6N, STM32G0C1CCU6N, STM32G0C1CET6N, STM32G0C1CEU6N, STM32G0C1KCT6, STM32G0C1NEY6TR, STM32G0C1RCI6N, STM32G0C1RCT6N, STM32G0C1REI6N, STM32G0C1RET6N, STM32G0C1VCI6, STM32G0C1VEI6, STM32G411C6T3, STM32G411C6T6, STM32G411C6U3, STM32G411C6U6, STM32G411C8T3, STM32G411C8T6, STM32G411C8U3, STM32G411C8U6, STM32G411CBT3, STM32G411CBT6, STM32G411CBU3, STM32G411CBU6, STM32G411K6T3, STM32G411K6T6, STM32G411K6U3, STM32G411K6U6, STM32G411K8T3, STM32G411K8T6, STM32G411K8U3, STM32G411K8U6, STM32G411KBT3, STM32G411KBT6, STM32G411KBU3, STM32G411KBU6, STM32G411M6T3, STM32G411M6T6, STM32G411M8T3, STM32G411M8T6, STM32G411MBT3, STM32G411MBT6, STM32G411R6T3, STM32G411R6T6, STM32G411R8T3, STM32G411R8T6, STM32G411RBT3, STM32G411RBT6, STM32G414CBT3, STM32G414CBT6, STM32G414CBU3, STM32G414CBU6, STM32G414CCT3, STM32G414CCT6, STM32G414CCU3, STM32G414CCU6, STM32G414MBT3, STM32G414MBT6, STM32G414MCT3, STM32G414MCT6, STM32G414RBT3, STM32G414RBT6, STM32G414RCT3, STM32G414RCT6, STM32G414VBT3, STM32G414VBT6, STM32G414VCT3, STM32G414VCT6, STM32G431CBT3Z, STM32G431RBT3Z, STM32G471CCT6, STM32G471CCU6, STM32G471CET3, STM32G471CET6, STM32G471CEU3, STM32G471CEU6, STM32G471MCT6, STM32G471MET3, STM32G471MET6, STM32G471MEY6TR, STM32G471QCT6, STM32G471QET3, STM32G471RCT6, STM32G471RET3, STM32G471RET6, STM32G471VCH6, STM32G471VCI6, STM32G471VCT6, STM32G471VEH3, STM32G471VEH6, STM32G471VEI3, STM32G471VEI6, STM32G471VET3, STM32G471VET6, STM32G473QET3Z, STM32G473RET3Z, STM32G474CCT6, STM32G491RET3Z, STM32H503CBT6, STM32H503CBU6, STM32H503EBY6TR, STM32H503KBU6, STM32H503RBT6, STM32H523CCT6, STM32H523CCU6, STM32H523CET6, STM32H523CEU6, STM32H523HEY6TR, STM32H523RCT6, STM32H523RET6, STM32H523VCI6, STM32H523VCT6, STM32H523VEI6, STM32H523VET6, STM32H523ZCJ6, STM32H523ZCT6, STM32H523ZEJ6, STM32H523ZET6, STM32H533CET6, STM32H533CEU6, STM32H533HEY6TR, STM32H533RET6, STM32H533VEI6, STM32H533VET6, STM32H533ZEJ6, STM32H533ZET6, STM32H562AGI6, STM32H562AII6, STM32H562IGK6, STM32H562IGT6, STM32H562IIK6, STM32H562IIT6, STM32H562RGT6, STM32H562RGV6, STM32H562RIT6, STM32H562RIV6, STM32H562VGT6, STM32H562VIT6, STM32H562ZGT6, STM32H562ZIT6, STM32H563AGI6, STM32H563AII3Q, STM32H563AII6, STM32H563IGK6, STM32H563IGT6, STM32H563IIK3Q, STM32H563IIK6, STM32H563IIT3Q, STM32H563IIT6, STM32H563MIY3QTR, STM32H563RGT6, STM32H563RGV6, STM32H563RIT6, STM32H563RIV6, STM32H563VGT6, STM32H563VIT3Q, STM32H563VIT6, STM32H563ZGT6, STM32H563ZIT3Q, STM32H563ZIT6, STM32H573AII3Q, STM32H573AII6, STM32H573I-DK, STM32H573IIK3Q, STM32H573IIK6, STM32H573IIT3Q, STM32H573IIT6, STM32H573MIY3QTR, STM32H573RIT6, STM32H573RIV6, STM32H573VIT3Q, STM32H573VIT6, STM32H573ZIT3Q, STM32H573ZIT6, STM32H7R3A8I6, STM32H7R3I8K6, STM32H7R3I8T6, STM32H7R3L8H6, STM32H7R3L8H6H, STM32H7R3R8V6, STM32H7R3V8H6, STM32H7R3V8T6, STM32H7R3V8Y6TR, STM32H7R3Z8J6, STM32H7R3Z8T6, STM32H7R7A8I6, STM32H7R7I8K6, STM32H7R7I8T6, STM32H7R7L8H6, STM32H7R7L8H6H, STM32H7R7Z8J6, STM32H7S3A8I6, STM32H7S3I8K6, STM32H7S3I8T6, STM32H7S3L8H6, STM32H7S3L8H6H, STM32H7S3R8V6, STM32H7S3V8H6, STM32H7S3V8T6, STM32H7S3V8Y6TR, STM32H7S3Z8J6, STM32H7S3Z8T6, STM32H7S78-DK, STM32H7S7A8I6, STM32H7S7I8K6, STM32H7S7I8T6, STM32H7S7L8H6, STM32H7S7L8H6H, STM32H7S7Z8J6, STM32L4R5QGI6STR, STM32MP131AAE3, STM32MP131AAF3, STM32MP131AAG3, STM32MP131CAE3, STM32MP131CAF3, STM32MP131CAG3, STM32MP131DAE7, STM32MP131DAF7, STM32MP131DAG7, STM32MP131FAE7, STM32MP131FAF7, STM32MP131FAG7, STM32MP133AAE3, STM32MP133AAF3, STM32MP133AAG3, STM32MP133CAE3, STM32MP133CAF3, STM32MP133CAG3, STM32MP133DAE7, STM32MP133DAF7, STM32MP133DAG7, STM32MP133FAE7, STM32MP133FAF7, STM32MP133FAG7, STM32MP135AAE3, STM32MP135AAF3, STM32MP135AAG3, STM32MP135CAE3, STM32MP135CAF3, STM32MP135CAG3, STM32MP135DAE7, STM32MP135DAF7, STM32MP135DAG7, STM32MP135F-DK, STM32MP135FAE7, STM32MP135FAF7, STM32MP135FAF7T, STM32MP135FAF7U, STM32MP135FAG7, STM32MP251AAI3, STM32MP251AAK3, STM32MP251AAL3, STM32MP251CAI3, STM32MP251CAK3, STM32MP251CAL3, STM32MP251DAI3, STM32MP251DAK3, STM32MP251DAL3, STM32MP251FAI3, STM32MP251FAK3, STM32MP251FAL3, STM32MP253AAI3, STM32MP253AAK3, STM32MP253AAL3, STM32MP253CAI3, STM32MP253CAK3, STM32MP253CAL3, STM32MP253DAI3, STM32MP253DAK3, STM32MP253DAL3, STM32MP253FAI3, STM32MP253FAK3, STM32MP253FAL3, STM32MP255AAI3, STM32MP255AAK3, STM32MP255AAL3, STM32MP255CAI3, STM32MP255CAK3, STM32MP255CAL3, STM32MP255DAI3, STM32MP255DAK3, STM32MP255DAL3, STM32MP255FAI3, STM32MP255FAK3, STM32MP255FAL3, STM32MP257AAI3, STM32MP257AAK3, STM32MP257AAL3, STM32MP257CAI3, STM32MP257CAK3, STM32MP257CAL3, STM32MP257DAI3, STM32MP257DAK3, STM32MP257DAL3, STM32MP257F-DK, STM32MP257F-EV1, STM32MP257FAI3, STM32MP257FAK3, STM32MP257FAL3, STM32U031C6T6, STM32U031C6U6, STM32U031C8T6, STM32U031C8U6, STM32U031F4P6, STM32U031F6P6, STM32U031F8P6, STM32U031G6Y6TR, STM32U031G8Y6TR, STM32U031K4U6, STM32U031K6U6, STM32U031K8U6, STM32U031R6I6, STM32U031R6T6, STM32U031R8I6, STM32U031R8T6, STM32U073C8T6, STM32U073C8U6, STM32U073CBT6, STM32U073CBU6, STM32U073CCT6, STM32U073CCU6, STM32U073H8Y6TR, STM32U073HBY6TR, STM32U073HCY6TR, STM32U073K8U6, STM32U073KBU6, STM32U073KCU6, STM32U073M8I6, STM32U073M8T6, STM32U073MBI6, STM32U073MBT6, STM32U073MCI6, STM32U073MCT6, STM32U073R8I6, STM32U073R8T6, STM32U073RBI6, STM32U073RBT6, STM32U073RCI6, STM32U073RCT6, STM32U083C-DK, STM32U083CCT6, STM32U083CCU6, STM32U083HCY6TR, STM32U083KCU6, STM32U083MCI6, STM32U083MCT6, STM32U083RCI6, STM32U083RCT6, STM32U535CBT6, STM32U535CBT6Q, STM32U535CBU6, STM32U535CBU6Q, STM32U535CCT6, STM32U535CCT6Q, STM32U535CCU6, STM32U535CCU6Q, STM32U535CET6, STM32U535CET6Q, STM32U535CEU6, STM32U535CEU6Q, STM32U535JEY6QTR, STM32U535NCY6QTR, STM32U535NEY6QTR, STM32U535RBI6, STM32U535RBI6Q, STM32U535RBT6, STM32U535RBT6Q, STM32U535RCI6, STM32U535RCI6Q, STM32U535RCT6, STM32U535RCT6Q, STM32U535REI6, STM32U535REI6Q, STM32U535RET6, STM32U535RET6Q, STM32U535VCI6, STM32U535VCI6Q, STM32U535VCT6, STM32U535VCT6Q, STM32U535VEI6, STM32U535VEI6Q, STM32U535VET6, STM32U535VET6Q, STM32U545CET6, STM32U545CET6Q, STM32U545CEU6, STM32U545CEU6Q, STM32U545JEY6QTR, STM32U545NEY6QTR, STM32U545REI6, STM32U545REI6Q, STM32U545RET6, STM32U545RET6Q, STM32U545VEI6, STM32U545VEI6Q, STM32U545VET6, STM32U545VET6Q, STM32U595AIH6, STM32U595AIH6Q, STM32U595AJH6, STM32U595AJH6Q, STM32U595QII6, STM32U595QII6Q, STM32U595QJI6, STM32U595QJI6Q, STM32U595RIT6, STM32U595RIT6Q, STM32U595RJT6, STM32U595RJT6Q, STM32U595VIT6, STM32U595VIT6Q, STM32U595VJT6, STM32U595VJT6Q, STM32U595ZIT6, STM32U595ZIT6Q, STM32U595ZIY6QTR, STM32U595ZJT6, STM32U595ZJT6Q, STM32U595ZJY6QTR, STM32U599BJY6QTR, STM32U599NIH6Q, STM32U599NJH6Q, STM32U599VIT6Q, STM32U599VJT6, STM32U599VJT6Q, STM32U599ZIT6Q, STM32U599ZIY6QTR, STM32U599ZJT6Q, STM32U599ZJY6QTR, STM32U5A5AJH6, STM32U5A5AJH6Q, STM32U5A5QII3Q , STM32U5A5QJI6, STM32U5A5QJI6Q, STM32U5A5RJT6, STM32U5A5RJT6Q, STM32U5A5VJT6, STM32U5A5VJT6Q, STM32U5A5ZJT6, STM32U5A5ZJT6Q, STM32U5A5ZJY6QTR, STM32U5A9BJY6QTR, STM32U5A9J-DK, STM32U5A9NJH6Q, STM32U5A9VJT6Q, STM32U5A9ZJT6Q, STM32U5A9ZJY6QTR, STM32U5F7VIT6, STM32U5F7VIT6Q, STM32U5F7VJT6, STM32U5F7VJT6Q, STM32U5F9BJY6QTR, STM32U5F9NJH6Q, STM32U5F9VIT6Q, STM32U5F9VJT6Q, STM32U5F9ZIJ6QTR, STM32U5F9ZIT6Q, STM32U5F9ZJJ6QTR, STM32U5F9ZJT6Q, STM32U5G7VJT6, STM32U5G7VJT6Q, STM32U5G9BJY6QTR, STM32U5G9J-DK1, STM32U5G9J-DK2, STM32U5G9NJH6Q, STM32U5G9VJT6Q, STM32U5G9ZJJ6QTR, STM32U5G9ZJT6Q, STM32WB05KZV6TR, STM32WB05KZV7TR, STM32WB05TZF6TR, STM32WB05TZF7TR, STM32WB06CCF6TR, STM32WB06CCF7TR, STM32WB06CCV6TR, STM32WB06CCV7TR, STM32WB06KCV6TR, STM32WB06KCV7TR, STM32WB07CCF6TR, STM32WB07CCF7TR, STM32WB07CCV6TR, STM32WB07CCV7TR, STM32WB07KCV6TR, STM32WB07KCV7TR, STM32WB09KEV6TR, STM32WB09KEV7TR, STM32WB09TEF6TR, STM32WB09TEF7TR, STM32WB1MMCH6, STM32WBA50KGU6, STM32WBA50KGU6TR, STM32WBA52CEU6, STM32WBA52CEU6TR, STM32WBA52CEU7, STM32WBA52CEU7TR, STM32WBA52CGU6, STM32WBA52CGU6TR, STM32WBA52CGU6U, STM32WBA52CGU7, STM32WBA52CGU7TR, STM32WBA52KEU6, STM32WBA52KEU6TR, STM32WBA52KGU6, STM32WBA52KGU6TR, STM32WBA54CEU6, STM32WBA54CEU6TR, STM32WBA54CEU7, STM32WBA54CEU7TR, STM32WBA54CGU6, STM32WBA54CGU6TR, STM32WBA54CGU7, STM32WBA54CGU7TR, STM32WBA54KEU6, STM32WBA54KEU6TR, STM32WBA54KEU7, STM32WBA54KEU7TR, STM32WBA54KGU6, STM32WBA54KGU6TR, STM32WBA54KGU7, STM32WBA54KGU7TR, STM32WBA55CEU6, STM32WBA55CEU6TR, STM32WBA55CEU7, STM32WBA55CEU7TR, STM32WBA55CGU6, STM32WBA55CGU6TR, STM32WBA55CGU6U, STM32WBA55CGU7, STM32WBA55CGU7TR, STM32WBA55G-DK1, STM32WBA55HEF6, STM32WBA55HEF7, STM32WBA55HGF6, STM32WBA55HGF7, STM32WBA55UEI6, STM32WBA55UEI6TR, STM32WBA55UEI7, STM32WBA55UEI7TR, STM32WBA55UGI6, STM32WBA55UGI6TR, STM32WBA55UGI7, STM32WBA55UGI7TR, STM32WL5MOCH6, STM32WL5MOCH6TR]
2024-12-01 18:41:48,285 [INFO] DbMcus:218 - Found 4252 MCUs, 4252 are supported
2024-12-01 18:41:48,285 [INFO] ApiDb:423 - Load user favorites file /home/kireiji/.stm32cubeide/favorites.mcus.txt: 0 item(s)
2024-12-01 18:41:48,285 [INFO] ApiDb:427 - User favorites MCUs=[]
2024-12-01 18:41:48,285 [INFO] DbMcus:224 - Set 0 / 0 favorites MCUs
2024-12-01 18:41:48,716 [INFO] ApiDb:423 - Load user favorites file /home/kireiji/.stm32cubeide/favorites.boards.txt: 1 item(s)
2024-12-01 18:41:48,716 [INFO] ApiDb:427 - User favorites Boards=[NUCLEO-G474RE]
2024-12-01 18:41:48,717 [INFO] DbBoards:198 - Set 1 / 1 favorites Boards
2024-12-01 18:41:48,764 [INFO] UtilMem:75 - End LoadConfig() Used Memory: 221273576 Bytes (751828992)
2024-12-01 18:41:48,905 [WARN] ThirdParty:833 - waiting for thirdparty lock release [change project]
2024-12-01 18:41:48,906 [INFO] ThirdParty:835 - entering critical section [change project]
2024-12-01 18:41:48,906 [INFO] ThirdParty:1030 - CMSIS Pack Vendor :STMicroelectronics USBPD 4.1
2024-12-01 18:41:48,906 [INFO] ThirdParty:1030 - CMSIS Pack Vendor :STMicroelectronics X-CUBE-AZRTOS-H7 3.3.0
2024-12-01 18:41:48,906 [INFO] ThirdParty:1030 - CMSIS Pack Vendor :STMicroelectronics USB_HOST 2.0.0
2024-12-01 18:41:48,906 [INFO] ThirdParty:1030 - CMSIS Pack Vendor :STMicroelectronics FP-SNS-MOTENVWB1 1.4.0
2024-12-01 18:41:48,906 [INFO] ThirdParty:1030 - CMSIS Pack Vendor :STMicroelectronics X-CUBE-AZRTOS-F4 1.1.0
2024-12-01 18:41:48,906 [INFO] ThirdParty:1030 - CMSIS Pack Vendor :STMicroelectronics LIBJPEG 8.0.0
2024-12-01 18:41:48,906 [INFO] ThirdParty:1030 - CMSIS Pack Vendor :STMicroelectronics FP-ATR-ASTRA1 2.0.1
2024-12-01 18:41:48,906 [INFO] ThirdParty:1030 - CMSIS Pack Vendor :STMicroelectronics X-CUBE-SMBUS 2.1.0
2024-12-01 18:41:48,906 [INFO] ThirdParty:1030 - CMSIS Pack Vendor :STMicroelectronics X-CUBE-WB05N 1.1.0
2024-12-01 18:41:48,906 [INFO] ThirdParty:1030 - CMSIS Pack Vendor :STMicroelectronics USB_DEVICE 3.0.0
2024-12-01 18:41:48,906 [INFO] ThirdParty:1030 - CMSIS Pack Vendor :STMicroelectronics X-CUBE-TCPP 4.1.0
2024-12-01 18:41:48,906 [INFO] ThirdParty:1030 - CMSIS Pack Vendor :STMicroelectronics X-CUBE-FREERTOS 1.2.0
2024-12-01 18:41:48,906 [INFO] ThirdParty:1030 - CMSIS Pack Vendor :STMicroelectronics X-CUBE-AZRTOS-WB 2.0.0
2024-12-01 18:41:48,906 [INFO] ThirdParty:1030 - CMSIS Pack Vendor :STMicroelectronics X-CUBE-AZRTOS-F7 1.1.0
2024-12-01 18:41:48,906 [INFO] ThirdParty:1030 - CMSIS Pack Vendor :STMicroelectronics X-CUBE-AZRTOS-L5 2.0.0
2024-12-01 18:41:48,906 [INFO] ThirdParty:1030 - CMSIS Pack Vendor :STMicroelectronics USB_DEVICE 2.0.0
2024-12-01 18:41:48,906 [INFO] ThirdParty:1030 - CMSIS Pack Vendor :STMicroelectronics X-CUBE-NFC6 3.1.0
2024-12-01 18:41:48,906 [INFO] ThirdParty:1030 - CMSIS Pack Vendor :STMicroelectronics FreeRTOS 0.0.1
2024-12-01 18:41:48,906 [INFO] ThirdParty:1030 - CMSIS Pack Vendor :STMicroelectronics X-CUBE-AZRTOS-G0 1.1.0
2024-12-01 18:41:48,906 [INFO] ThirdParty:1030 - CMSIS Pack Vendor :STMicroelectronics X-CUBE-SAFEA1 1.2.2
2024-12-01 18:41:48,906 [INFO] ThirdParty:1030 - CMSIS Pack Vendor :STMicroelectronics X-CUBE-NFC4 3.0.0
2024-12-01 18:41:48,906 [INFO] ThirdParty:1030 - CMSIS Pack Vendor :STMicroelectronics X-CUBE-SUBG2 5.0.0
2024-12-01 18:41:48,906 [INFO] ThirdParty:1030 - CMSIS Pack Vendor :STMicroelectronics STM32_WPAN 1.0.0
2024-12-01 18:41:48,906 [INFO] ThirdParty:1030 - CMSIS Pack Vendor :EmbeddedOffice I-CUBE-FS-RTOS 1.0.1
2024-12-01 18:41:48,906 [INFO] ThirdParty:1030 - CMSIS Pack Vendor :STMicroelectronics lwIP 2.0.3
2024-12-01 18:41:48,906 [INFO] ThirdParty:1030 - CMSIS Pack Vendor :STMicroelectronics FP-SNS-FLIGHT1 5.0.2
2024-12-01 18:41:48,906 [INFO] ThirdParty:1030 - CMSIS Pack Vendor :Cesanta I-CUBE-Mongoose 7.13.0
2024-12-01 18:41:48,906 [INFO] ThirdParty:1030 - CMSIS Pack Vendor :STMicroelectronics USB_HOST 1.0.0
2024-12-01 18:41:48,906 [INFO] ThirdParty:1030 - CMSIS Pack Vendor :STMicroelectronics X-CUBE-AZRTOS-G4 2.0.0
2024-12-01 18:41:48,906 [INFO] ThirdParty:1030 - CMSIS Pack Vendor :STMicroelectronics PDM2PCM 3.1.0
2024-12-01 18:41:48,906 [INFO] ThirdParty:1030 - CMSIS Pack Vendor :STMicroelectronics PDM2PCM 3.3.0
2024-12-01 18:41:48,906 [INFO] ThirdParty:1030 - CMSIS Pack Vendor :STMicroelectronics X-CUBE-DISPLAY 3.0.0
2024-12-01 18:41:48,906 [INFO] ThirdParty:1030 - CMSIS Pack Vendor :RealThread X-CUBE-RT-Thread_Nano 4.1.1
2024-12-01 18:41:48,907 [INFO] ThirdParty:1030 - CMSIS Pack Vendor :STMicroelectronics X-CUBE-BLE1 7.0.0
2024-12-01 18:41:48,907 [INFO] ThirdParty:1030 - CMSIS Pack Vendor :STMicroelectronics FP-ATR-SIGFOX1 3.2.0
2024-12-01 18:41:48,907 [INFO] ThirdParty:1030 - CMSIS Pack Vendor :quantropi X-CUBE-qispace-sdk-base 1.9.3
2024-12-01 18:41:48,907 [INFO] ThirdParty:1030 - CMSIS Pack Vendor :STMicroelectronics X-CUBE-EEPRMA1 5.1.0
2024-12-01 18:41:48,907 [INFO] ThirdParty:1030 - CMSIS Pack Vendor :STMicroelectronics HAL Drivers 0.0.0
2024-12-01 18:41:48,907 [INFO] ThirdParty:1030 - CMSIS Pack Vendor :STMicroelectronics MBEDTLS 2.16.2
2024-12-01 18:41:48,907 [INFO] ThirdParty:1030 - CMSIS Pack Vendor :STMicroelectronics X-CUBE-ALS 1.0.2
2024-12-01 18:41:48,907 [INFO] ThirdParty:1030 - CMSIS Pack Vendor :emotas I-CUBE-CANOPEN 1.3.0
2024-12-01 18:41:48,907 [INFO] ThirdParty:1030 - CMSIS Pack Vendor :wolfSSL I-CUBE-wolfSSL 5.7.4
2024-12-01 18:41:48,907 [INFO] ThirdParty:1030 - CMSIS Pack Vendor :STMicroelectronics X-CUBE-NFC7 1.0.1
2024-12-01 18:41:48,907 [INFO] ThirdParty:1030 - CMSIS Pack Vendor :STMicroelectronics MBEDTLS 2.14.1
2024-12-01 18:41:48,907 [INFO] ThirdParty:1030 - CMSIS Pack Vendor :ITTIA_DB I-CUBE-ITTIADB 8.9.0
2024-12-01 18:41:48,907 [INFO] ThirdParty:1030 - CMSIS Pack Vendor :STMicroelectronics X-CUBE-TOUCHGFX 4.24.1
2024-12-01 18:41:48,907 [INFO] ThirdParty:1030 - CMSIS Pack Vendor :wolfSSL I-CUBE-wolfTPM 3.4.0
2024-12-01 18:41:48,907 [INFO] ThirdParty:1030 - CMSIS Pack Vendor :portGmbH I-Cube-SoM-uGOAL 1.1.0
2024-12-01 18:41:48,907 [INFO] ThirdParty:1030 - CMSIS Pack Vendor :STMicroelectronics X-CUBE-BLEMGR 3.1.0
2024-12-01 18:41:48,907 [INFO] ThirdParty:1030 - CMSIS Pack Vendor :STMicroelectronics ThreadX 1.0.0
2024-12-01 18:41:48,907 [INFO] ThirdParty:1030 - CMSIS Pack Vendor :STMicroelectronics FP-SNS-SMARTAG2 1.2.0
2024-12-01 18:41:48,907 [INFO] ThirdParty:1030 - CMSIS Pack Vendor :STMicroelectronics X-CUBE-AZRTOS-WL 2.0.0
2024-12-01 18:41:48,907 [INFO] ThirdParty:1030 - CMSIS Pack Vendor :SEGGER I-CUBE-embOS 1.3.1
2024-12-01 18:41:48,907 [INFO] ThirdParty:1030 - CMSIS Pack Vendor :STMicroelectronics X-CUBE-ALGOBUILD 1.4.0
2024-12-01 18:41:48,907 [INFO] ThirdParty:1030 - CMSIS Pack Vendor :STMicroelectronics FP-SNS-MOTENV1 5.0.0
2024-12-01 18:41:48,907 [INFO] ThirdParty:1030 - CMSIS Pack Vendor :STMicroelectronics USB_DEVICE 1.0.0
2024-12-01 18:41:48,907 [INFO] ThirdParty:1030 - CMSIS Pack Vendor :STMicroelectronics X-CUBE-AZRTOS-H7RS 1.0.0
2024-12-01 18:41:48,907 [INFO] ThirdParty:1030 - CMSIS Pack Vendor :wolfSSL I-CUBE-wolfMQTT 1.19.0
2024-12-01 18:41:48,907 [INFO] ThirdParty:1030 - CMSIS Pack Vendor :STMicroelectronics X-CUBE-AZRTOS-L4 2.0.0
2024-12-01 18:41:48,907 [INFO] ThirdParty:1030 - CMSIS Pack Vendor :STMicroelectronics ThreadX 0.0.2
2024-12-01 18:41:48,907 [INFO] ThirdParty:1030 - CMSIS Pack Vendor :WES I-CUBE-Cesium 1.3.0
2024-12-01 18:41:48,907 [INFO] ThirdParty:1030 - CMSIS Pack Vendor :STMicroelectronics FP-ATR-ASTRA1 2.0.0
2024-12-01 18:41:48,907 [INFO] ThirdParty:1030 - CMSIS Pack Vendor :STMicroelectronics lwIP 2.1.2
2024-12-01 18:41:48,907 [INFO] ThirdParty:1030 - CMSIS Pack Vendor :STMicroelectronics X-CUBE-SFXS2LP1 4.0.0
2024-12-01 18:41:48,907 [INFO] ThirdParty:1030 - CMSIS Pack Vendor :STMicroelectronics X-CUBE-BLE2 3.3.0
2024-12-01 18:41:48,907 [INFO] ThirdParty:1030 - CMSIS Pack Vendor :Infineon AIROC-Wi-Fi-Bluetooth-STM32 1.6.1
2024-12-01 18:41:48,907 [INFO] ThirdParty:1030 - CMSIS Pack Vendor :STMicroelectronics PDM2PCM 3.2.0
2024-12-01 18:41:48,907 [INFO] ThirdParty:1030 - CMSIS Pack Vendor :wolfSSL I-CUBE-wolfSSH 1.4.17
2024-12-01 18:41:48,907 [INFO] ThirdParty:841 - exiting critical section [change project]
2024-12-01 18:41:49,489 [INFO] PinOutPanel:1561 - setPackage(No Configuration,No Configuration)
2024-12-01 18:41:49,490 [INFO] PinOutPanel:1561 - setPackage(STM32G474RETx,LQFP64)
2024-12-01 18:41:50,294 [INFO] UtilMem:75 - Before build in PCC Used Memory: 396987008 Bytes (837812224)
2024-12-01 18:41:51,170 [INFO] UtilMem:75 - After build in PCC Used Memory: 594035416 Bytes (837812224)
2024-12-01 18:41:51,191 [INFO] ApiDbMcu:508 - Load IP Config File for FREERTOS
2024-12-01 18:41:51,233 [INFO] IPUIPlugin:80 - create IPUIPlugin
2024-12-01 18:41:51,234 [INFO] IPUIPlugin:80 - create IPUIPlugin
2024-12-01 18:41:51,234 [INFO] IPUIPlugin:80 - create IPUIPlugin
2024-12-01 18:41:51,234 [INFO] IPUIPlugin:80 - create IPUIPlugin
2024-12-01 18:41:51,234 [INFO] IPUIPlugin:80 - create IPUIPlugin
2024-12-01 18:41:51,234 [INFO] IPUIPlugin:80 - create IPUIPlugin
2024-12-01 18:41:51,235 [INFO] IPUIPlugin:80 - create IPUIPlugin
2024-12-01 18:41:51,235 [INFO] IPUIPlugin:80 - create IPUIPlugin
2024-12-01 18:41:51,235 [INFO] IPUIPlugin:80 - create IPUIPlugin
2024-12-01 18:41:51,235 [INFO] IPUIPlugin:80 - create IPUIPlugin
2024-12-01 18:41:51,235 [INFO] IPUIPlugin:80 - create IPUIPlugin
2024-12-01 18:41:51,236 [INFO] IPUIPlugin:80 - create IPUIPlugin
2024-12-01 18:41:51,236 [INFO] IPUIPlugin:80 - create IPUIPlugin
2024-12-01 18:41:51,237 [INFO] IPUIPlugin:80 - create IPUIPlugin
2024-12-01 18:41:51,237 [INFO] IPUIPlugin:80 - create IPUIPlugin
2024-12-01 18:41:51,238 [INFO] IPUIPlugin:80 - create IPUIPlugin
2024-12-01 18:41:51,238 [INFO] IPUIPlugin:80 - create IPUIPlugin
2024-12-01 18:41:51,238 [INFO] IPUIPlugin:80 - create IPUIPlugin
2024-12-01 18:41:51,238 [INFO] IPUIPlugin:80 - create IPUIPlugin
2024-12-01 18:41:51,239 [INFO] IPUIPlugin:80 - create IPUIPlugin
2024-12-01 18:41:51,239 [INFO] IPUIPlugin:80 - create IPUIPlugin
2024-12-01 18:41:51,239 [INFO] IPUIPlugin:80 - create IPUIPlugin
2024-12-01 18:41:51,239 [INFO] IPUIPlugin:80 - create IPUIPlugin
2024-12-01 18:41:51,239 [INFO] IPUIPlugin:80 - create IPUIPlugin
2024-12-01 18:41:51,239 [INFO] IPUIPlugin:80 - create IPUIPlugin
2024-12-01 18:41:51,240 [INFO] IPUIPlugin:80 - create IPUIPlugin
2024-12-01 18:41:51,240 [INFO] IPUIPlugin:80 - create IPUIPlugin
2024-12-01 18:41:51,240 [INFO] IPUIPlugin:80 - create IPUIPlugin
2024-12-01 18:41:51,240 [INFO] IPUIPlugin:80 - create IPUIPlugin
2024-12-01 18:41:51,240 [INFO] IPUIPlugin:80 - create IPUIPlugin
2024-12-01 18:41:51,241 [INFO] IPUIPlugin:80 - create IPUIPlugin
2024-12-01 18:41:51,241 [INFO] IPUIPlugin:80 - create IPUIPlugin
2024-12-01 18:41:51,242 [INFO] IPUIPlugin:80 - create IPUIPlugin
2024-12-01 18:41:51,242 [INFO] IPUIPlugin:80 - create IPUIPlugin
2024-12-01 18:41:51,242 [INFO] IPUIPlugin:80 - create IPUIPlugin
2024-12-01 18:41:51,243 [INFO] IPUIPlugin:80 - create IPUIPlugin
2024-12-01 18:41:51,243 [INFO] IPUIPlugin:80 - create IPUIPlugin
2024-12-01 18:41:51,244 [INFO] IPUIPlugin:80 - create IPUIPlugin
2024-12-01 18:41:51,244 [INFO] IPUIPlugin:80 - create IPUIPlugin
2024-12-01 18:41:51,244 [INFO] IPUIPlugin:80 - create IPUIPlugin
2024-12-01 18:41:51,244 [INFO] IPUIPlugin:80 - create IPUIPlugin
2024-12-01 18:41:51,245 [INFO] IPUIPlugin:80 - create IPUIPlugin
2024-12-01 18:41:51,245 [INFO] IPUIPlugin:80 - create IPUIPlugin
2024-12-01 18:41:51,245 [INFO] IPUIPlugin:80 - create IPUIPlugin
2024-12-01 18:41:51,245 [INFO] IPUIPlugin:80 - create IPUIPlugin
2024-12-01 18:41:51,245 [INFO] IPUIPlugin:80 - create IPUIPlugin
2024-12-01 18:41:51,246 [INFO] IPUIPlugin:80 - create IPUIPlugin
2024-12-01 18:41:51,246 [INFO] IPUIPlugin:80 - create IPUIPlugin
2024-12-01 18:41:51,246 [INFO] IPUIPlugin:80 - create IPUIPlugin
2024-12-01 18:41:51,247 [INFO] IPUIPlugin:80 - create IPUIPlugin
2024-12-01 18:41:51,247 [INFO] IPUIPlugin:80 - create IPUIPlugin
2024-12-01 18:41:51,248 [INFO] IPUIPlugin:80 - create IPUIPlugin
2024-12-01 18:41:51,248 [INFO] IPUIPlugin:80 - create IPUIPlugin
2024-12-01 18:41:51,248 [INFO] IPUIPlugin:80 - create IPUIPlugin
2024-12-01 18:41:51,249 [INFO] IPUIPlugin:80 - create IPUIPlugin
2024-12-01 18:41:51,249 [INFO] IPUIPlugin:80 - create IPUIPlugin
2024-12-01 18:41:51,249 [INFO] IPUIPlugin:80 - create IPUIPlugin
2024-12-01 18:41:51,250 [INFO] IPUIPlugin:80 - create IPUIPlugin
2024-12-01 18:41:51,250 [INFO] IPUIPlugin:80 - create IPUIPlugin
2024-12-01 18:41:51,250 [INFO] IPUIPlugin:80 - create IPUIPlugin
2024-12-01 18:41:51,250 [INFO] IPUIPlugin:80 - create IPUIPlugin
2024-12-01 18:41:51,251 [INFO] IPUIPlugin:80 - create IPUIPlugin
2024-12-01 18:41:51,252 [INFO] IPUIPlugin:80 - create IPUIPlugin
2024-12-01 18:41:51,252 [INFO] IPUIPlugin:80 - create IPUIPlugin
2024-12-01 18:41:51,252 [INFO] IPUIPlugin:80 - create IPUIPlugin
2024-12-01 18:41:51,253 [INFO] IPUIPlugin:80 - create IPUIPlugin
2024-12-01 18:41:51,253 [INFO] IPUIPlugin:80 - create IPUIPlugin
2024-12-01 18:41:51,253 [INFO] IPUIPlugin:80 - create IPUIPlugin
2024-12-01 18:41:51,254 [INFO] IPUIPlugin:80 - create IPUIPlugin
2024-12-01 18:41:51,254 [INFO] IPUIPlugin:80 - create IPUIPlugin
2024-12-01 18:41:51,254 [INFO] IPUIPlugin:80 - create IPUIPlugin
2024-12-01 18:41:51,254 [INFO] IPUIPlugin:80 - create IPUIPlugin
2024-12-01 18:41:51,254 [INFO] IPUIPlugin:80 - create IPUIPlugin
2024-12-01 18:41:51,254 [INFO] IPUIPlugin:80 - create IPUIPlugin
2024-12-01 18:41:51,255 [INFO] IPUIPlugin:80 - create IPUIPlugin
2024-12-01 18:41:51,256 [INFO] IPUIPlugin:80 - create IPUIPlugin
2024-12-01 18:41:51,256 [INFO] IPUIPlugin:80 - create IPUIPlugin
2024-12-01 18:41:51,256 [INFO] IPUIPlugin:80 - create IPUIPlugin
2024-12-01 18:41:51,297 [WARN] FreeRTOS:1023 - Null or empty value: should not occur! (nothing added to the table)
2024-12-01 18:41:51,479 [INFO] CADModel:165 - CPN selected for project levelSTM32G474RET6
2024-12-01 18:41:51,479 [INFO] CADModel:114 - Register for checkConnection events
2024-12-01 18:41:51,483 [INFO] RtosManager:697 - Active RTOS found at IOC load: FREERTOS [Cortex-M4NS]
2024-12-01 18:41:51,530 [INFO] OpenFileManager:363 - Restore cursor
2024-12-01 18:42:10,978 [INFO] UtilMem:75 - End SaveConfig() Used Memory: 416503808 Bytes (814743552)
2024-12-01 18:42:13,206 [INFO] BlockDiagram:2766 - set Specific Code input for plugin: FREERTOS
2024-12-01 18:42:13,206 [INFO] BlockDiagram:2766 - set Specific Code input for plugin: IWDG
2024-12-01 18:42:13,206 [INFO] BlockDiagram:2766 - set Specific Code input for plugin: TIM1_8G4
2024-12-01 18:42:13,206 [INFO] BlockDiagram:2766 - set Specific Code input for plugin: SYS
2024-12-01 18:42:13,206 [INFO] BlockDiagram:2766 - set Specific Code input for plugin: RCC
2024-12-01 18:42:13,206 [INFO] BlockDiagram:2766 - set Specific Code input for plugin: LPUART
2024-12-01 18:42:13,206 [INFO] BlockDiagram:2766 - set Specific Code input for plugin: NVIC
2024-12-01 18:42:13,206 [INFO] BlockDiagram:2766 - set Specific Code input for plugin: USART
2024-12-01 18:42:13,206 [INFO] BlockDiagram:2766 - set Specific Code input for plugin: DMA
2024-12-01 18:42:13,206 [INFO] BlockDiagram:2766 - set Specific Code input for plugin: TIM1_8G4
2024-12-01 18:42:13,207 [INFO] BlockDiagram:2766 - set Specific Code input for plugin: GPIO
2024-12-01 18:42:13,207 [INFO] CodeGenerator:807 - code generatio: config db path: /opt/st/stm32cubeide_1.16.1/plugins/com.st.stm32cube.common.mx_6.12.1.202409122256//db/
2024-12-01 18:42:13,537 [INFO] CodeEngine:255 - oldGeneratedFile, /home/kireiji/Documents/GitHub/CARVER/AMT212E-V/AMT212E-V/AMT212E-V_Micro-ROS/firmware/AMT212E-V_Micro-ROS_UART/MXTmpFiles/license.tmp_save
2024-12-01 18:42:13,986 [INFO] CodeEngine:279 - Generated code: /home/kireiji/Documents/GitHub/CARVER/AMT212E-V/AMT212E-V/AMT212E-V_Micro-ROS/firmware/AMT212E-V_Micro-ROS_UART/MXTmpFiles/license.tmp
2024-12-01 18:42:14,099 [INFO] CodeEngine:255 - oldGeneratedFile, /home/kireiji/Documents/GitHub/CARVER/AMT212E-V/AMT212E-V/AMT212E-V_Micro-ROS/firmware/AMT212E-V_Micro-ROS_UART/Core/Src/gpio.c_save
2024-12-01 18:42:14,285 [INFO] CodeEngine:279 - Generated code: /home/kireiji/Documents/GitHub/CARVER/AMT212E-V/AMT212E-V/AMT212E-V_Micro-ROS/firmware/AMT212E-V_Micro-ROS_UART/Core/Src/gpio.c
2024-12-01 18:42:14,289 [INFO] CodeEngine:255 - oldGeneratedFile, /home/kireiji/Documents/GitHub/CARVER/AMT212E-V/AMT212E-V/AMT212E-V_Micro-ROS/firmware/AMT212E-V_Micro-ROS_UART/Core/Inc/gpio.h_save
2024-12-01 18:42:14,415 [INFO] CodeEngine:279 - Generated code: /home/kireiji/Documents/GitHub/CARVER/AMT212E-V/AMT212E-V/AMT212E-V_Micro-ROS/firmware/AMT212E-V_Micro-ROS_UART/Core/Inc/gpio.h
2024-12-01 18:42:15,827 [INFO] Middleware:1439 - No code input for Bsp Dependency
2024-12-01 18:42:15,833 [INFO] CodeEngine:255 - oldGeneratedFile, /home/kireiji/Documents/GitHub/CARVER/AMT212E-V/AMT212E-V/AMT212E-V_Micro-ROS/firmware/AMT212E-V_Micro-ROS_UART/MXTmpFiles/rtos_inc.tmp_save
2024-12-01 18:42:15,940 [INFO] CodeEngine:279 - Generated code: /home/kireiji/Documents/GitHub/CARVER/AMT212E-V/AMT212E-V/AMT212E-V_Micro-ROS/firmware/AMT212E-V_Micro-ROS_UART/MXTmpFiles/rtos_inc.tmp
2024-12-01 18:42:15,952 [INFO] CodeEngine:255 - oldGeneratedFile, /home/kireiji/Documents/GitHub/CARVER/AMT212E-V/AMT212E-V/AMT212E-V_Micro-ROS/firmware/AMT212E-V_Micro-ROS_UART/MXTmpFiles/rtos_kernelInit.tmp_save
2024-12-01 18:42:16,041 [INFO] CodeEngine:279 - Generated code: /home/kireiji/Documents/GitHub/CARVER/AMT212E-V/AMT212E-V/AMT212E-V_Micro-ROS/firmware/AMT212E-V_Micro-ROS_UART/MXTmpFiles/rtos_kernelInit.tmp
2024-12-01 18:42:16,043 [INFO] CodeEngine:255 - oldGeneratedFile, /home/kireiji/Documents/GitHub/CARVER/AMT212E-V/AMT212E-V/AMT212E-V_Micro-ROS/firmware/AMT212E-V_Micro-ROS_UART/MXTmpFiles/rtos_kernelStart.tmp_save
2024-12-01 18:42:16,153 [INFO] CodeEngine:279 - Generated code: /home/kireiji/Documents/GitHub/CARVER/AMT212E-V/AMT212E-V/AMT212E-V_Micro-ROS/firmware/AMT212E-V_Micro-ROS_UART/MXTmpFiles/rtos_kernelStart.tmp
2024-12-01 18:42:16,166 [INFO] CodeEngine:255 - oldGeneratedFile, /home/kireiji/Documents/GitHub/CARVER/AMT212E-V/AMT212E-V/AMT212E-V_Micro-ROS/firmware/AMT212E-V_Micro-ROS_UART/MXTmpFiles/rtos_typedefs.tmp_save
2024-12-01 18:42:16,263 [INFO] CodeEngine:279 - Generated code: /home/kireiji/Documents/GitHub/CARVER/AMT212E-V/AMT212E-V/AMT212E-V_Micro-ROS/firmware/AMT212E-V_Micro-ROS_UART/MXTmpFiles/rtos_typedefs.tmp
2024-12-01 18:42:16,265 [INFO] CodeEngine:255 - oldGeneratedFile, /home/kireiji/Documents/GitHub/CARVER/AMT212E-V/AMT212E-V/AMT212E-V_Micro-ROS/firmware/AMT212E-V_Micro-ROS_UART/MXTmpFiles/rtos_vars.tmp_save
2024-12-01 18:42:16,339 [INFO] CodeEngine:279 - Generated code: /home/kireiji/Documents/GitHub/CARVER/AMT212E-V/AMT212E-V/AMT212E-V_Micro-ROS/firmware/AMT212E-V_Micro-ROS_UART/MXTmpFiles/rtos_vars.tmp
2024-12-01 18:42:16,340 [INFO] CodeEngine:255 - oldGeneratedFile, /home/kireiji/Documents/GitHub/CARVER/AMT212E-V/AMT212E-V/AMT212E-V_Micro-ROS/firmware/AMT212E-V_Micro-ROS_UART/MXTmpFiles/rtos_pfp.tmp_save
2024-12-01 18:42:16,408 [INFO] CodeEngine:279 - Generated code: /home/kireiji/Documents/GitHub/CARVER/AMT212E-V/AMT212E-V/AMT212E-V_Micro-ROS/firmware/AMT212E-V_Micro-ROS_UART/MXTmpFiles/rtos_pfp.tmp
2024-12-01 18:42:16,409 [INFO] CodeEngine:255 - oldGeneratedFile, /home/kireiji/Documents/GitHub/CARVER/AMT212E-V/AMT212E-V/AMT212E-V_Micro-ROS/firmware/AMT212E-V_Micro-ROS_UART/MXTmpFiles/rtos_obj_creat.tmp_save
2024-12-01 18:42:16,479 [INFO] CodeEngine:279 - Generated code: /home/kireiji/Documents/GitHub/CARVER/AMT212E-V/AMT212E-V/AMT212E-V_Micro-ROS/firmware/AMT212E-V_Micro-ROS_UART/MXTmpFiles/rtos_obj_creat.tmp
2024-12-01 18:42:16,481 [INFO] CodeEngine:255 - oldGeneratedFile, /home/kireiji/Documents/GitHub/CARVER/AMT212E-V/AMT212E-V/AMT212E-V_Micro-ROS/firmware/AMT212E-V_Micro-ROS_UART/MXTmpFiles/rtos_default_thread.tmp_save
2024-12-01 18:42:16,546 [INFO] CodeEngine:279 - Generated code: /home/kireiji/Documents/GitHub/CARVER/AMT212E-V/AMT212E-V/AMT212E-V_Micro-ROS/firmware/AMT212E-V_Micro-ROS_UART/MXTmpFiles/rtos_default_thread.tmp
2024-12-01 18:42:16,548 [INFO] CodeEngine:255 - oldGeneratedFile, /home/kireiji/Documents/GitHub/CARVER/AMT212E-V/AMT212E-V/AMT212E-V_Micro-ROS/firmware/AMT212E-V_Micro-ROS_UART/MXTmpFiles/rtos_threads.tmp_save
2024-12-01 18:42:16,612 [INFO] CodeEngine:279 - Generated code: /home/kireiji/Documents/GitHub/CARVER/AMT212E-V/AMT212E-V/AMT212E-V_Micro-ROS/firmware/AMT212E-V_Micro-ROS_UART/MXTmpFiles/rtos_threads.tmp
2024-12-01 18:42:16,629 [INFO] Middleware:1439 - No code input for Bsp Dependency
2024-12-01 18:42:16,634 [INFO] CodeEngine:255 - oldGeneratedFile, /home/kireiji/Documents/GitHub/CARVER/AMT212E-V/AMT212E-V/AMT212E-V_Micro-ROS/firmware/AMT212E-V_Micro-ROS_UART/MXTmpFiles/rtos_inc.tmp_save
2024-12-01 18:42:16,720 [INFO] CodeEngine:279 - Generated code: /home/kireiji/Documents/GitHub/CARVER/AMT212E-V/AMT212E-V/AMT212E-V_Micro-ROS/firmware/AMT212E-V_Micro-ROS_UART/MXTmpFiles/rtos_inc.tmp
2024-12-01 18:42:16,721 [INFO] CodeEngine:255 - oldGeneratedFile, /home/kireiji/Documents/GitHub/CARVER/AMT212E-V/AMT212E-V/AMT212E-V_Micro-ROS/firmware/AMT212E-V_Micro-ROS_UART/MXTmpFiles/rtos_kernelInit.tmp_save
2024-12-01 18:42:16,788 [INFO] CodeEngine:279 - Generated code: /home/kireiji/Documents/GitHub/CARVER/AMT212E-V/AMT212E-V/AMT212E-V_Micro-ROS/firmware/AMT212E-V_Micro-ROS_UART/MXTmpFiles/rtos_kernelInit.tmp
2024-12-01 18:42:16,789 [INFO] CodeEngine:255 - oldGeneratedFile, /home/kireiji/Documents/GitHub/CARVER/AMT212E-V/AMT212E-V/AMT212E-V_Micro-ROS/firmware/AMT212E-V_Micro-ROS_UART/MXTmpFiles/rtos_kernelStart.tmp_save
2024-12-01 18:42:16,855 [INFO] CodeEngine:279 - Generated code: /home/kireiji/Documents/GitHub/CARVER/AMT212E-V/AMT212E-V/AMT212E-V_Micro-ROS/firmware/AMT212E-V_Micro-ROS_UART/MXTmpFiles/rtos_kernelStart.tmp
2024-12-01 18:42:16,857 [INFO] CodeEngine:255 - oldGeneratedFile, /home/kireiji/Documents/GitHub/CARVER/AMT212E-V/AMT212E-V/AMT212E-V_Micro-ROS/firmware/AMT212E-V_Micro-ROS_UART/MXTmpFiles/rtos_typedefs.tmp_save
2024-12-01 18:42:16,922 [INFO] CodeEngine:279 - Generated code: /home/kireiji/Documents/GitHub/CARVER/AMT212E-V/AMT212E-V/AMT212E-V_Micro-ROS/firmware/AMT212E-V_Micro-ROS_UART/MXTmpFiles/rtos_typedefs.tmp
2024-12-01 18:42:16,923 [INFO] CodeEngine:255 - oldGeneratedFile, /home/kireiji/Documents/GitHub/CARVER/AMT212E-V/AMT212E-V/AMT212E-V_Micro-ROS/firmware/AMT212E-V_Micro-ROS_UART/MXTmpFiles/rtos_vars.tmp_save
2024-12-01 18:42:16,988 [INFO] CodeEngine:279 - Generated code: /home/kireiji/Documents/GitHub/CARVER/AMT212E-V/AMT212E-V/AMT212E-V_Micro-ROS/firmware/AMT212E-V_Micro-ROS_UART/MXTmpFiles/rtos_vars.tmp
2024-12-01 18:42:16,989 [INFO] CodeEngine:255 - oldGeneratedFile, /home/kireiji/Documents/GitHub/CARVER/AMT212E-V/AMT212E-V/AMT212E-V_Micro-ROS/firmware/AMT212E-V_Micro-ROS_UART/MXTmpFiles/rtos_pfp.tmp_save
2024-12-01 18:42:17,051 [INFO] CodeEngine:279 - Generated code: /home/kireiji/Documents/GitHub/CARVER/AMT212E-V/AMT212E-V/AMT212E-V_Micro-ROS/firmware/AMT212E-V_Micro-ROS_UART/MXTmpFiles/rtos_pfp.tmp
2024-12-01 18:42:17,052 [INFO] CodeEngine:255 - oldGeneratedFile, /home/kireiji/Documents/GitHub/CARVER/AMT212E-V/AMT212E-V/AMT212E-V_Micro-ROS/firmware/AMT212E-V_Micro-ROS_UART/MXTmpFiles/rtos_obj_creat.tmp_save
2024-12-01 18:42:17,120 [INFO] CodeEngine:279 - Generated code: /home/kireiji/Documents/GitHub/CARVER/AMT212E-V/AMT212E-V/AMT212E-V_Micro-ROS/firmware/AMT212E-V_Micro-ROS_UART/MXTmpFiles/rtos_obj_creat.tmp
2024-12-01 18:42:17,121 [INFO] CodeEngine:255 - oldGeneratedFile, /home/kireiji/Documents/GitHub/CARVER/AMT212E-V/AMT212E-V/AMT212E-V_Micro-ROS/firmware/AMT212E-V_Micro-ROS_UART/MXTmpFiles/rtos_default_thread.tmp_save
2024-12-01 18:42:17,187 [INFO] CodeEngine:279 - Generated code: /home/kireiji/Documents/GitHub/CARVER/AMT212E-V/AMT212E-V/AMT212E-V_Micro-ROS/firmware/AMT212E-V_Micro-ROS_UART/MXTmpFiles/rtos_default_thread.tmp
2024-12-01 18:42:17,188 [INFO] CodeEngine:255 - oldGeneratedFile, /home/kireiji/Documents/GitHub/CARVER/AMT212E-V/AMT212E-V/AMT212E-V_Micro-ROS/firmware/AMT212E-V_Micro-ROS_UART/MXTmpFiles/rtos_threads.tmp_save
2024-12-01 18:42:17,255 [INFO] CodeEngine:279 - Generated code: /home/kireiji/Documents/GitHub/CARVER/AMT212E-V/AMT212E-V/AMT212E-V_Micro-ROS/firmware/AMT212E-V_Micro-ROS_UART/MXTmpFiles/rtos_threads.tmp
2024-12-01 18:42:17,257 [INFO] CodeEngine:255 - oldGeneratedFile, /home/kireiji/Documents/GitHub/CARVER/AMT212E-V/AMT212E-V/AMT212E-V_Micro-ROS/firmware/AMT212E-V_Micro-ROS_UART/Core/Inc/FreeRTOSConfig.h_save
2024-12-01 18:42:17,351 [INFO] CodeEngine:279 - Generated code: /home/kireiji/Documents/GitHub/CARVER/AMT212E-V/AMT212E-V/AMT212E-V_Micro-ROS/firmware/AMT212E-V_Micro-ROS_UART/Core/Inc/FreeRTOSConfig.h
2024-12-01 18:42:17,354 [INFO] CodeEngine:255 - oldGeneratedFile, /home/kireiji/Documents/GitHub/CARVER/AMT212E-V/AMT212E-V/AMT212E-V_Micro-ROS/firmware/AMT212E-V_Micro-ROS_UART/Core/Src/app_freertos.c_save
2024-12-01 18:42:17,452 [INFO] CodeEngine:279 - Generated code: /home/kireiji/Documents/GitHub/CARVER/AMT212E-V/AMT212E-V/AMT212E-V_Micro-ROS/firmware/AMT212E-V_Micro-ROS_UART/Core/Src/app_freertos.c
2024-12-01 18:42:17,623 [INFO] CodeEngine:255 - oldGeneratedFile, /home/kireiji/Documents/GitHub/CARVER/AMT212E-V/AMT212E-V/AMT212E-V_Micro-ROS/firmware/AMT212E-V_Micro-ROS_UART/Core/Src/dma.c_save
2024-12-01 18:42:17,697 [INFO] CodeEngine:279 - Generated code: /home/kireiji/Documents/GitHub/CARVER/AMT212E-V/AMT212E-V/AMT212E-V_Micro-ROS/firmware/AMT212E-V_Micro-ROS_UART/Core/Src/dma.c
2024-12-01 18:42:17,699 [INFO] CodeEngine:255 - oldGeneratedFile, /home/kireiji/Documents/GitHub/CARVER/AMT212E-V/AMT212E-V/AMT212E-V_Micro-ROS/firmware/AMT212E-V_Micro-ROS_UART/Core/Inc/dma.h_save
2024-12-01 18:42:17,770 [INFO] CodeEngine:279 - Generated code: /home/kireiji/Documents/GitHub/CARVER/AMT212E-V/AMT212E-V/AMT212E-V_Micro-ROS/firmware/AMT212E-V_Micro-ROS_UART/Core/Inc/dma.h
2024-12-01 18:42:17,774 [INFO] CodeEngine:255 - oldGeneratedFile, /home/kireiji/Documents/GitHub/CARVER/AMT212E-V/AMT212E-V/AMT212E-V_Micro-ROS/firmware/AMT212E-V_Micro-ROS_UART/Core/Src/iwdg.c_save
2024-12-01 18:42:17,916 [INFO] CodeEngine:279 - Generated code: /home/kireiji/Documents/GitHub/CARVER/AMT212E-V/AMT212E-V/AMT212E-V_Micro-ROS/firmware/AMT212E-V_Micro-ROS_UART/Core/Src/iwdg.c
2024-12-01 18:42:17,918 [INFO] CodeEngine:255 - oldGeneratedFile, /home/kireiji/Documents/GitHub/CARVER/AMT212E-V/AMT212E-V/AMT212E-V_Micro-ROS/firmware/AMT212E-V_Micro-ROS_UART/Core/Inc/iwdg.h_save
2024-12-01 18:42:17,990 [INFO] CodeEngine:279 - Generated code: /home/kireiji/Documents/GitHub/CARVER/AMT212E-V/AMT212E-V/AMT212E-V_Micro-ROS/firmware/AMT212E-V_Micro-ROS_UART/Core/Inc/iwdg.h
2024-12-01 18:42:17,996 [INFO] CodeEngine:255 - oldGeneratedFile, /home/kireiji/Documents/GitHub/CARVER/AMT212E-V/AMT212E-V/AMT212E-V_Micro-ROS/firmware/AMT212E-V_Micro-ROS_UART/Core/Src/usart.c_save
2024-12-01 18:42:18,140 [INFO] CodeEngine:279 - Generated code: /home/kireiji/Documents/GitHub/CARVER/AMT212E-V/AMT212E-V/AMT212E-V_Micro-ROS/firmware/AMT212E-V_Micro-ROS_UART/Core/Src/usart.c
2024-12-01 18:42:18,143 [INFO] CodeEngine:255 - oldGeneratedFile, /home/kireiji/Documents/GitHub/CARVER/AMT212E-V/AMT212E-V/AMT212E-V_Micro-ROS/firmware/AMT212E-V_Micro-ROS_UART/Core/Inc/usart.h_save
2024-12-01 18:42:18,219 [INFO] CodeEngine:279 - Generated code: /home/kireiji/Documents/GitHub/CARVER/AMT212E-V/AMT212E-V/AMT212E-V_Micro-ROS/firmware/AMT212E-V_Micro-ROS_UART/Core/Inc/usart.h
2024-12-01 18:42:18,225 [INFO] CodeEngine:255 - oldGeneratedFile, /home/kireiji/Documents/GitHub/CARVER/AMT212E-V/AMT212E-V/AMT212E-V_Micro-ROS/firmware/AMT212E-V_Micro-ROS_UART/Core/Src/tim.c_save
2024-12-01 18:42:18,341 [INFO] CodeEngine:279 - Generated code: /home/kireiji/Documents/GitHub/CARVER/AMT212E-V/AMT212E-V/AMT212E-V_Micro-ROS/firmware/AMT212E-V_Micro-ROS_UART/Core/Src/tim.c
2024-12-01 18:42:18,343 [INFO] CodeEngine:255 - oldGeneratedFile, /home/kireiji/Documents/GitHub/CARVER/AMT212E-V/AMT212E-V/AMT212E-V_Micro-ROS/firmware/AMT212E-V_Micro-ROS_UART/Core/Inc/tim.h_save
2024-12-01 18:42:18,418 [INFO] CodeEngine:279 - Generated code: /home/kireiji/Documents/GitHub/CARVER/AMT212E-V/AMT212E-V/AMT212E-V_Micro-ROS/firmware/AMT212E-V_Micro-ROS_UART/Core/Inc/tim.h
2024-12-01 18:42:18,440 [INFO] CodeEngine:255 - oldGeneratedFile, /home/kireiji/Documents/GitHub/CARVER/AMT212E-V/AMT212E-V/AMT212E-V_Micro-ROS/firmware/AMT212E-V_Micro-ROS_UART/Core/Src/stm32g4xx_it.c_save
2024-12-01 18:42:18,551 [INFO] CodeEngine:279 - Generated code: /home/kireiji/Documents/GitHub/CARVER/AMT212E-V/AMT212E-V/AMT212E-V_Micro-ROS/firmware/AMT212E-V_Micro-ROS_UART/Core/Src/stm32g4xx_it.c
2024-12-01 18:42:18,553 [INFO] CodeEngine:255 - oldGeneratedFile, /home/kireiji/Documents/GitHub/CARVER/AMT212E-V/AMT212E-V/AMT212E-V_Micro-ROS/firmware/AMT212E-V_Micro-ROS_UART/Core/Inc/stm32g4xx_it.h_save
2024-12-01 18:42:18,628 [INFO] CodeEngine:279 - Generated code: /home/kireiji/Documents/GitHub/CARVER/AMT212E-V/AMT212E-V/AMT212E-V_Micro-ROS/firmware/AMT212E-V_Micro-ROS_UART/Core/Inc/stm32g4xx_it.h
2024-12-01 18:42:18,648 [INFO] CodeEngine:255 - oldGeneratedFile, /home/kireiji/Documents/GitHub/CARVER/AMT212E-V/AMT212E-V/AMT212E-V_Micro-ROS/firmware/AMT212E-V_Micro-ROS_UART/Core/Src/stm32g4xx_hal_msp.c_save
2024-12-01 18:42:18,777 [INFO] CodeEngine:279 - Generated code: /home/kireiji/Documents/GitHub/CARVER/AMT212E-V/AMT212E-V/AMT212E-V_Micro-ROS/firmware/AMT212E-V_Micro-ROS_UART/Core/Src/stm32g4xx_hal_msp.c
2024-12-01 18:42:18,779 [INFO] CodeEngine:255 - oldGeneratedFile, /home/kireiji/Documents/GitHub/CARVER/AMT212E-V/AMT212E-V/AMT212E-V_Micro-ROS/firmware/AMT212E-V_Micro-ROS_UART/MXTmpFiles/system.tmp_save
2024-12-01 18:42:18,840 [INFO] CodeEngine:279 - Generated code: /home/kireiji/Documents/GitHub/CARVER/AMT212E-V/AMT212E-V/AMT212E-V_Micro-ROS/firmware/AMT212E-V_Micro-ROS_UART/MXTmpFiles/system.tmp
2024-12-01 18:42:18,842 [INFO] CodeEngine:255 - oldGeneratedFile, /home/kireiji/Documents/GitHub/CARVER/AMT212E-V/AMT212E-V/AMT212E-V_Micro-ROS/firmware/AMT212E-V_Micro-ROS_UART/Core/Src/stm32g4xx_hal_timebase_tim.c_save
2024-12-01 18:42:18,910 [INFO] CodeEngine:279 - Generated code: /home/kireiji/Documents/GitHub/CARVER/AMT212E-V/AMT212E-V/AMT212E-V_Micro-ROS/firmware/AMT212E-V_Micro-ROS_UART/Core/Src/stm32g4xx_hal_timebase_tim.c
2024-12-01 18:42:18,915 [INFO] CodeEngine:311 - oldGeneratedFile, /home/kireiji/Documents/GitHub/CARVER/AMT212E-V/AMT212E-V/AMT212E-V_Micro-ROS/firmware/AMT212E-V_Micro-ROS_UART/Core/Inc/stm32g4xx_hal_conf.h_save
2024-12-01 18:42:18,983 [INFO] CodeEngine:335 - Generated code: /home/kireiji/Documents/GitHub/CARVER/AMT212E-V/AMT212E-V/AMT212E-V_Micro-ROS/firmware/AMT212E-V_Micro-ROS_UART/Core/Inc/stm32g4xx_hal_conf.h
2024-12-01 18:42:19,008 [WARN] IPConfigManager:3005 - Warning: the RefConfig RCC_CommonPeriphClockConfig is not available in your config.xml file
2024-12-01 18:42:19,021 [INFO] CodeEngine:255 - oldGeneratedFile, /home/kireiji/Documents/GitHub/CARVER/AMT212E-V/AMT212E-V/AMT212E-V_Micro-ROS/firmware/AMT212E-V_Micro-ROS_UART/Core/Inc/main.h_save
2024-12-01 18:42:19,121 [INFO] CodeEngine:279 - Generated code: /home/kireiji/Documents/GitHub/CARVER/AMT212E-V/AMT212E-V/AMT212E-V_Micro-ROS/firmware/AMT212E-V_Micro-ROS_UART/Core/Inc/main.h
2024-12-01 18:42:19,123 [INFO] CodeEngine:255 - oldGeneratedFile, /home/kireiji/Documents/GitHub/CARVER/AMT212E-V/AMT212E-V/AMT212E-V_Micro-ROS/firmware/AMT212E-V_Micro-ROS_UART/Core/Src/main.c_save
2024-12-01 18:42:19,312 [INFO] CodeEngine:279 - Generated code: /home/kireiji/Documents/GitHub/CARVER/AMT212E-V/AMT212E-V/AMT212E-V_Micro-ROS/firmware/AMT212E-V_Micro-ROS_UART/Core/Src/main.c
2024-12-01 18:42:19,704 [INFO] ProjectBuilder:3249 - Time for Copy HAL[1] : 65mS.
2024-12-01 18:42:19,712 [INFO] ProjectBuilder:4828 - Project Generator version: 4.5.0-B34
2024-12-01 18:42:19,857 [INFO] ConfigFileManager:1531 - The Die is : DIE469
2024-12-01 18:42:19,870 [INFO] ApiDbMcu:508 - Load IP Config File for FATFS
2024-12-01 18:42:19,876 [INFO] ApiDbMcu:508 - Load IP Config File for USBPD
2024-12-01 18:42:19,886 [INFO] ApiDbMcu:508 - Load IP Config File for USB_Device
2024-12-01 18:42:20,275 [INFO] LogOutputStream:77 - [STDOUT_REDIRECT] 
2024-12-01 18:42:21,179 [INFO] ProjectBuilder:5097 - Time for Generating toolchain IDE Files: 1466mS.
2024-12-01 18:42:21,180 [INFO] ProjectBuilder:3107 - Time for Copy CMSIS : 0mS.
2024-12-01 18:42:21,181 [INFO] ProjectBuilder:3107 - Time for Copy CMSIS : 0mS.
2024-12-01 18:55:05,076 [INFO] WebApp:189 - Connection lost
2024-12-01 18:55:05,414 [INFO] WebApp:186 - Connection restablished
2024-12-01 18:55:17,684 [INFO] WebApp:189 - Connection lost
2024-12-01 18:55:17,845 [INFO] WebApp:186 - Connection restablished
2024-12-01 18:59:52,975 [INFO] WebApp:189 - Connection lost
2024-12-01 18:59:53,275 [INFO] WebApp:186 - Connection restablished
