23:28:36 **** Incremental Build of configuration Debug for project AMT212E-V_Micro-ROS_UART ****
make -j16 all 
echo "Kireiji_02" | sudo -S docker pull microros/micro_ros_static_library_builder:humble && echo "Kireiji_02" | sudo -S docker run --rm -v /home/kireiji/Documents/GitHub/CARVER/AMT212E-V/AMT212E-V/AMT212E-V_Micro-ROS/firmware/AMT212E-V_Micro-ROS_UART:/project --env MICROROS_LIBRARY_FOLDER=micro_ros_stm32cubemx_utils/microros_static_library_ide microros/micro_ros_static_library_builder:humble
humble: Pulling from microros/micro_ros_static_library_builder
Digest: sha256:83ab4e8ce95b2a62feb5dd270ad4460218d2d026a455ea32a5873cf629aa1e99
Status: Image is up to date for microros/micro_ros_static_library_builder:humble
docker.io/microros/micro_ros_static_library_builder:humble
[sudo] password for kireiji: dos2unix: converting file /project/micro_ros_stm32cubemx_utils/microros_static_library_ide/library_generation/library_generation.sh to Unix format...
micro-ROS library found. Skipping...
Delete micro_ros_stm32cubemx_utils/microros_static_library_ide/libmicroros/ for rebuild.
 
arm-none-eabi-gcc "../Core/Src/app_freertos.c" -mcpu=cortex-m4 -std=gnu11 -g3 -DDEBUG -DUSE_HAL_DRIVER -DSTM32G474xx -c -I../Core/Inc -I../micro_ros_stm32cubemx_utils/microros_static_library_ide/libmicroros/include -I../Drivers/STM32G4xx_HAL_Driver/Inc -I../Drivers/STM32G4xx_HAL_Driver/Inc/Legacy -I../Drivers/CMSIS/Device/ST/STM32G4xx/Include -I../Drivers/CMSIS/Include -I../Middlewares/Third_Party/FreeRTOS/Source/include -I../Middlewares/Third_Party/FreeRTOS/Source/CMSIS_RTOS_V2 -I../Middlewares/Third_Party/FreeRTOS/Source/portable/GCC/ARM_CM4F -O0 -ffunction-sections -fdata-sections -Wall -fstack-usage -fcyclomatic-complexity -MMD -MP -MF"Core/Src/app_freertos.d" -MT"Core/Src/app_freertos.o" --specs=nano.specs -mfpu=fpv4-sp-d16 -mfloat-abi=hard -mthumb -o "Core/Src/app_freertos.o"
arm-none-eabi-gcc -o "AMT212E-V_Micro-ROS_UART.elf" @"objects.list"  -lmicroros -mcpu=cortex-m4 -T"/home/kireiji/Documents/GitHub/CARVER/AMT212E-V/AMT212E-V/AMT212E-V_Micro-ROS/firmware/AMT212E-V_Micro-ROS_UART/STM32G474RETX_FLASH.ld" --specs=nosys.specs -Wl,-Map="AMT212E-V_Micro-ROS_UART.map" -Wl,--gc-sections -static -L../micro_ros_stm32cubemx_utils/microros_static_library_ide/libmicroros --specs=nano.specs -mfpu=fpv4-sp-d16 -mfloat-abi=hard -mthumb -Wl,--start-group -lc -lm -Wl,--end-group
/opt/st/stm32cubeide_1.16.1/plugins/com.st.stm32cube.ide.mcu.externaltools.gnu-tools-for-stm32.12.3.rel1.linux64_1.0.200.202406132123/tools/bin/../lib/gcc/arm-none-eabi/12.3.1/../../../../arm-none-eabi/bin/ld: /opt/st/stm32cubeide_1.16.1/plugins/com.st.stm32cube.ide.mcu.externaltools.gnu-tools-for-stm32.12.3.rel1.linux64_1.0.200.202406132123/tools/bin/../lib/gcc/arm-none-eabi/12.3.1/../../../../arm-none-eabi/lib/thumb/v7e-m+fp/hard/libc_nano.a(libc_a-gettimeofdayr.o): in function `_gettimeofday_r':
(.text._gettimeofday_r+0xe): warning: _gettimeofday is not implemented and will always fail
Finished building target: AMT212E-V_Micro-ROS_UART.elf
 
arm-none-eabi-size  AMT212E-V_Micro-ROS_UART.elf 
arm-none-eabi-objdump -h -S AMT212E-V_Micro-ROS_UART.elf  > "AMT212E-V_Micro-ROS_UART.list"
   text	   data	    bss	    dec	    hex	filename
 110508	    492	  46184	 157184	  26600	AMT212E-V_Micro-ROS_UART.elf
Finished building: default.size.stdout
 
Finished building: AMT212E-V_Micro-ROS_UART.list
 
23:28:40 **** Incremental Build of configuration Debug for project AMT212E-V_Micro-ROS_UART ****
make -j16 all 
echo "Kireiji_02" | sudo -S docker pull microros/micro_ros_static_library_builder:humble && echo "Kireiji_02" | sudo -S docker run --rm -v /home/kireiji/Documents/GitHub/CARVER/AMT212E-V/AMT212E-V/AMT212E-V_Micro-ROS/firmware/AMT212E-V_Micro-ROS_UART:/project --env MICROROS_LIBRARY_FOLDER=micro_ros_stm32cubemx_utils/microros_static_library_ide microros/micro_ros_static_library_builder:humble
humble: Pulling from microros/micro_ros_static_library_builder
Digest: sha256:83ab4e8ce95b2a62feb5dd270ad4460218d2d026a455ea32a5873cf629aa1e99
Status: Image is up to date for microros/micro_ros_static_library_builder:humble
docker.io/microros/micro_ros_static_library_builder:humble
[sudo] password for kireiji: dos2unix: converting file /project/micro_ros_stm32cubemx_utils/microros_static_library_ide/library_generation/library_generation.sh to Unix format...
micro-ROS library found. Skipping...
Delete micro_ros_stm32cubemx_utils/microros_static_library_ide/libmicroros/ for rebuild.
 
arm-none-eabi-size  AMT212E-V_Micro-ROS_UART.elf 
   text	   data	    bss	    dec	    hex	filename
 110508	    492	  46184	 157184	  26600	AMT212E-V_Micro-ROS_UART.elf
Finished building: default.size.stdout
 
23:33:57 **** Incremental Build of configuration Debug for project AMT212E-V_Micro-ROS_UART ****
make -j16 all 
echo "Kireiji_02" | sudo -S docker pull microros/micro_ros_static_library_builder:humble && echo "Kireiji_02" | sudo -S docker run --rm -v /home/kireiji/Documents/GitHub/CARVER/AMT212E-V/AMT212E-V/AMT212E-V_Micro-ROS/firmware/AMT212E-V_Micro-ROS_UART:/project --env MICROROS_LIBRARY_FOLDER=micro_ros_stm32cubemx_utils/microros_static_library_ide microros/micro_ros_static_library_builder:humble
humble: Pulling from microros/micro_ros_static_library_builder
Digest: sha256:83ab4e8ce95b2a62feb5dd270ad4460218d2d026a455ea32a5873cf629aa1e99
Status: Image is up to date for microros/micro_ros_static_library_builder:humble
docker.io/microros/micro_ros_static_library_builder:humble
[sudo] password for kireiji: dos2unix: converting file /project/micro_ros_stm32cubemx_utils/microros_static_library_ide/library_generation/library_generation.sh to Unix format...
micro-ROS library found. Skipping...
Delete micro_ros_stm32cubemx_utils/microros_static_library_ide/libmicroros/ for rebuild.
 
arm-none-eabi-gcc "../Core/Src/app_freertos.c" -mcpu=cortex-m4 -std=gnu11 -g3 -DDEBUG -DUSE_HAL_DRIVER -DSTM32G474xx -c -I../Core/Inc -I../micro_ros_stm32cubemx_utils/microros_static_library_ide/libmicroros/include -I../Drivers/STM32G4xx_HAL_Driver/Inc -I../Drivers/STM32G4xx_HAL_Driver/Inc/Legacy -I../Drivers/CMSIS/Device/ST/STM32G4xx/Include -I../Drivers/CMSIS/Include -I../Middlewares/Third_Party/FreeRTOS/Source/include -I../Middlewares/Third_Party/FreeRTOS/Source/CMSIS_RTOS_V2 -I../Middlewares/Third_Party/FreeRTOS/Source/portable/GCC/ARM_CM4F -O0 -ffunction-sections -fdata-sections -Wall -fstack-usage -fcyclomatic-complexity -MMD -MP -MF"Core/Src/app_freertos.d" -MT"Core/Src/app_freertos.o" --specs=nano.specs -mfpu=fpv4-sp-d16 -mfloat-abi=hard -mthumb -o "Core/Src/app_freertos.o"
arm-none-eabi-gcc -o "AMT212E-V_Micro-ROS_UART.elf" @"objects.list"  -lmicroros -mcpu=cortex-m4 -T"/home/kireiji/Documents/GitHub/CARVER/AMT212E-V/AMT212E-V/AMT212E-V_Micro-ROS/firmware/AMT212E-V_Micro-ROS_UART/STM32G474RETX_FLASH.ld" --specs=nosys.specs -Wl,-Map="AMT212E-V_Micro-ROS_UART.map" -Wl,--gc-sections -static -L../micro_ros_stm32cubemx_utils/microros_static_library_ide/libmicroros --specs=nano.specs -mfpu=fpv4-sp-d16 -mfloat-abi=hard -mthumb -Wl,--start-group -lc -lm -Wl,--end-group
/opt/st/stm32cubeide_1.16.1/plugins/com.st.stm32cube.ide.mcu.externaltools.gnu-tools-for-stm32.12.3.rel1.linux64_1.0.200.202406132123/tools/bin/../lib/gcc/arm-none-eabi/12.3.1/../../../../arm-none-eabi/bin/ld: /opt/st/stm32cubeide_1.16.1/plugins/com.st.stm32cube.ide.mcu.externaltools.gnu-tools-for-stm32.12.3.rel1.linux64_1.0.200.202406132123/tools/bin/../lib/gcc/arm-none-eabi/12.3.1/../../../../arm-none-eabi/lib/thumb/v7e-m+fp/hard/libc_nano.a(libc_a-gettimeofdayr.o): in function `_gettimeofday_r':
(.text._gettimeofday_r+0xe): warning: _gettimeofday is not implemented and will always fail
Finished building target: AMT212E-V_Micro-ROS_UART.elf
 
arm-none-eabi-size  AMT212E-V_Micro-ROS_UART.elf 
arm-none-eabi-objdump -h -S AMT212E-V_Micro-ROS_UART.elf  > "AMT212E-V_Micro-ROS_UART.list"
   text	   data	    bss	    dec	    hex	filename
 110572	    492	  46184	 157248	  26640	AMT212E-V_Micro-ROS_UART.elf
Finished building: default.size.stdout
 
Finished building: AMT212E-V_Micro-ROS_UART.list
 
23:34:46 **** Incremental Build of configuration Debug for project AMT212E-V_Micro-ROS_UART ****
make -j16 all 
echo "Kireiji_02" | sudo -S docker pull microros/micro_ros_static_library_builder:humble && echo "Kireiji_02" | sudo -S docker run --rm -v /home/kireiji/Documents/GitHub/CARVER/AMT212E-V/AMT212E-V/AMT212E-V_Micro-ROS/firmware/AMT212E-V_Micro-ROS_UART:/project --env MICROROS_LIBRARY_FOLDER=micro_ros_stm32cubemx_utils/microros_static_library_ide microros/micro_ros_static_library_builder:humble
humble: Pulling from microros/micro_ros_static_library_builder
Digest: sha256:83ab4e8ce95b2a62feb5dd270ad4460218d2d026a455ea32a5873cf629aa1e99
Status: Image is up to date for microros/micro_ros_static_library_builder:humble
docker.io/microros/micro_ros_static_library_builder:humble
[sudo] password for kireiji: dos2unix: converting file /project/micro_ros_stm32cubemx_utils/microros_static_library_ide/library_generation/library_generation.sh to Unix format...
micro-ROS library found. Skipping...
Delete micro_ros_stm32cubemx_utils/microros_static_library_ide/libmicroros/ for rebuild.
 
arm-none-eabi-size  AMT212E-V_Micro-ROS_UART.elf 
   text	   data	    bss	    dec	    hex	filename
 110572	    492	  46184	 157248	  26640	AMT212E-V_Micro-ROS_UART.elf
Finished building: default.size.stdout
 
23:38:48 **** Incremental Build of configuration Debug for project AMT212E-V_Micro-ROS_UART ****
make -j16 all 
echo "Kireiji_02" | sudo -S docker pull microros/micro_ros_static_library_builder:humble && echo "Kireiji_02" | sudo -S docker run --rm -v /home/kireiji/Documents/GitHub/CARVER/AMT212E-V/AMT212E-V/AMT212E-V_Micro-ROS/firmware/AMT212E-V_Micro-ROS_UART:/project --env MICROROS_LIBRARY_FOLDER=micro_ros_stm32cubemx_utils/microros_static_library_ide microros/micro_ros_static_library_builder:humble
humble: Pulling from microros/micro_ros_static_library_builder
Digest: sha256:83ab4e8ce95b2a62feb5dd270ad4460218d2d026a455ea32a5873cf629aa1e99
Status: Image is up to date for microros/micro_ros_static_library_builder:humble
docker.io/microros/micro_ros_static_library_builder:humble
[sudo] password for kireiji: dos2unix: converting file /project/micro_ros_stm32cubemx_utils/microros_static_library_ide/library_generation/library_generation.sh to Unix format...
micro-ROS library found. Skipping...
Delete micro_ros_stm32cubemx_utils/microros_static_library_ide/libmicroros/ for rebuild.
 
arm-none-eabi-gcc "../Core/Src/app_freertos.c" -mcpu=cortex-m4 -std=gnu11 -g3 -DDEBUG -DUSE_HAL_DRIVER -DSTM32G474xx -c -I../Core/Inc -I../micro_ros_stm32cubemx_utils/microros_static_library_ide/libmicroros/include -I../Drivers/STM32G4xx_HAL_Driver/Inc -I../Drivers/STM32G4xx_HAL_Driver/Inc/Legacy -I../Drivers/CMSIS/Device/ST/STM32G4xx/Include -I../Drivers/CMSIS/Include -I../Middlewares/Third_Party/FreeRTOS/Source/include -I../Middlewares/Third_Party/FreeRTOS/Source/CMSIS_RTOS_V2 -I../Middlewares/Third_Party/FreeRTOS/Source/portable/GCC/ARM_CM4F -O0 -ffunction-sections -fdata-sections -Wall -fstack-usage -fcyclomatic-complexity -MMD -MP -MF"Core/Src/app_freertos.d" -MT"Core/Src/app_freertos.o" --specs=nano.specs -mfpu=fpv4-sp-d16 -mfloat-abi=hard -mthumb -o "Core/Src/app_freertos.o"
arm-none-eabi-gcc -o "AMT212E-V_Micro-ROS_UART.elf" @"objects.list"  -lmicroros -mcpu=cortex-m4 -T"/home/kireiji/Documents/GitHub/CARVER/AMT212E-V/AMT212E-V/AMT212E-V_Micro-ROS/firmware/AMT212E-V_Micro-ROS_UART/STM32G474RETX_FLASH.ld" --specs=nosys.specs -Wl,-Map="AMT212E-V_Micro-ROS_UART.map" -Wl,--gc-sections -static -L../micro_ros_stm32cubemx_utils/microros_static_library_ide/libmicroros --specs=nano.specs -mfpu=fpv4-sp-d16 -mfloat-abi=hard -mthumb -Wl,--start-group -lc -lm -Wl,--end-group
/opt/st/stm32cubeide_1.16.1/plugins/com.st.stm32cube.ide.mcu.externaltools.gnu-tools-for-stm32.12.3.rel1.linux64_1.0.200.202406132123/tools/bin/../lib/gcc/arm-none-eabi/12.3.1/../../../../arm-none-eabi/bin/ld: /opt/st/stm32cubeide_1.16.1/plugins/com.st.stm32cube.ide.mcu.externaltools.gnu-tools-for-stm32.12.3.rel1.linux64_1.0.200.202406132123/tools/bin/../lib/gcc/arm-none-eabi/12.3.1/../../../../arm-none-eabi/lib/thumb/v7e-m+fp/hard/libc_nano.a(libc_a-gettimeofdayr.o): in function `_gettimeofday_r':
(.text._gettimeofday_r+0xe): warning: _gettimeofday is not implemented and will always fail
Finished building target: AMT212E-V_Micro-ROS_UART.elf
 
arm-none-eabi-size  AMT212E-V_Micro-ROS_UART.elf 
arm-none-eabi-objdump -h -S AMT212E-V_Micro-ROS_UART.elf  > "AMT212E-V_Micro-ROS_UART.list"
   text	   data	    bss	    dec	    hex	filename
 110572	    492	  46184	 157248	  26640	AMT212E-V_Micro-ROS_UART.elf
Finished building: default.size.stdout
 
Finished building: AMT212E-V_Micro-ROS_UART.list
 
23:38:59 **** Incremental Build of configuration Debug for project AMT212E-V_Micro-ROS_UART ****
make -j16 all 
echo "Kireiji_02" | sudo -S docker pull microros/micro_ros_static_library_builder:humble && echo "Kireiji_02" | sudo -S docker run --rm -v /home/kireiji/Documents/GitHub/CARVER/AMT212E-V/AMT212E-V/AMT212E-V_Micro-ROS/firmware/AMT212E-V_Micro-ROS_UART:/project --env MICROROS_LIBRARY_FOLDER=micro_ros_stm32cubemx_utils/microros_static_library_ide microros/micro_ros_static_library_builder:humble
humble: Pulling from microros/micro_ros_static_library_builder
Digest: sha256:83ab4e8ce95b2a62feb5dd270ad4460218d2d026a455ea32a5873cf629aa1e99
Status: Image is up to date for microros/micro_ros_static_library_builder:humble
docker.io/microros/micro_ros_static_library_builder:humble
[sudo] password for kireiji: dos2unix: converting file /project/micro_ros_stm32cubemx_utils/microros_static_library_ide/library_generation/library_generation.sh to Unix format...
micro-ROS library found. Skipping...
Delete micro_ros_stm32cubemx_utils/microros_static_library_ide/libmicroros/ for rebuild.
 
arm-none-eabi-size  AMT212E-V_Micro-ROS_UART.elf 
   text	   data	    bss	    dec	    hex	filename
 110572	    492	  46184	 157248	  26640	AMT212E-V_Micro-ROS_UART.elf
Finished building: default.size.stdout
 
23:55:00 **** Incremental Build of configuration Debug for project AMT212E-V_Micro-ROS_UART ****
make -j16 all 
echo "Kireiji_02" | sudo -S docker pull microros/micro_ros_static_library_builder:humble && echo "Kireiji_02" | sudo -S docker run --rm -v /home/kireiji/Documents/GitHub/CARVER/AMT212E-V/AMT212E-V/AMT212E-V_Micro-ROS/firmware/AMT212E-V_Micro-ROS_UART:/project --env MICROROS_LIBRARY_FOLDER=micro_ros_stm32cubemx_utils/microros_static_library_ide microros/micro_ros_static_library_builder:humble
humble: Pulling from microros/micro_ros_static_library_builder
Digest: sha256:83ab4e8ce95b2a62feb5dd270ad4460218d2d026a455ea32a5873cf629aa1e99
Status: Image is up to date for microros/micro_ros_static_library_builder:humble
docker.io/microros/micro_ros_static_library_builder:humble
[sudo] password for kireiji: dos2unix: converting file /project/micro_ros_stm32cubemx_utils/microros_static_library_ide/library_generation/library_generation.sh to Unix format...
micro-ROS library found. Skipping...
Delete micro_ros_stm32cubemx_utils/microros_static_library_ide/libmicroros/ for rebuild.
 
arm-none-eabi-gcc "../Core/Src/app_freertos.c" -mcpu=cortex-m4 -std=gnu11 -g3 -DDEBUG -DUSE_HAL_DRIVER -DSTM32G474xx -c -I../Core/Inc -I../micro_ros_stm32cubemx_utils/microros_static_library_ide/libmicroros/include -I../Drivers/STM32G4xx_HAL_Driver/Inc -I../Drivers/STM32G4xx_HAL_Driver/Inc/Legacy -I../Drivers/CMSIS/Device/ST/STM32G4xx/Include -I../Drivers/CMSIS/Include -I../Middlewares/Third_Party/FreeRTOS/Source/include -I../Middlewares/Third_Party/FreeRTOS/Source/CMSIS_RTOS_V2 -I../Middlewares/Third_Party/FreeRTOS/Source/portable/GCC/ARM_CM4F -O0 -ffunction-sections -fdata-sections -Wall -fstack-usage -fcyclomatic-complexity -MMD -MP -MF"Core/Src/app_freertos.d" -MT"Core/Src/app_freertos.o" --specs=nano.specs -mfpu=fpv4-sp-d16 -mfloat-abi=hard -mthumb -o "Core/Src/app_freertos.o"
arm-none-eabi-gcc -o "AMT212E-V_Micro-ROS_UART.elf" @"objects.list"  -lmicroros -mcpu=cortex-m4 -T"/home/kireiji/Documents/GitHub/CARVER/AMT212E-V/AMT212E-V/AMT212E-V_Micro-ROS/firmware/AMT212E-V_Micro-ROS_UART/STM32G474RETX_FLASH.ld" --specs=nosys.specs -Wl,-Map="AMT212E-V_Micro-ROS_UART.map" -Wl,--gc-sections -static -L../micro_ros_stm32cubemx_utils/microros_static_library_ide/libmicroros --specs=nano.specs -mfpu=fpv4-sp-d16 -mfloat-abi=hard -mthumb -Wl,--start-group -lc -lm -Wl,--end-group
/opt/st/stm32cubeide_1.16.1/plugins/com.st.stm32cube.ide.mcu.externaltools.gnu-tools-for-stm32.12.3.rel1.linux64_1.0.200.202406132123/tools/bin/../lib/gcc/arm-none-eabi/12.3.1/../../../../arm-none-eabi/bin/ld: /opt/st/stm32cubeide_1.16.1/plugins/com.st.stm32cube.ide.mcu.externaltools.gnu-tools-for-stm32.12.3.rel1.linux64_1.0.200.202406132123/tools/bin/../lib/gcc/arm-none-eabi/12.3.1/../../../../arm-none-eabi/lib/thumb/v7e-m+fp/hard/libc_nano.a(libc_a-gettimeofdayr.o): in function `_gettimeofday_r':
(.text._gettimeofday_r+0xe): warning: _gettimeofday is not implemented and will always fail
Finished building target: AMT212E-V_Micro-ROS_UART.elf
 
arm-none-eabi-size  AMT212E-V_Micro-ROS_UART.elf 
arm-none-eabi-objdump -h -S AMT212E-V_Micro-ROS_UART.elf  > "AMT212E-V_Micro-ROS_UART.list"
   text	   data	    bss	    dec	    hex	filename
 110572	    492	  46184	 157248	  26640	AMT212E-V_Micro-ROS_UART.elf
Finished building: default.size.stdout
 
Finished building: AMT212E-V_Micro-ROS_UART.list
 
23:55:46 **** Incremental Build of configuration Debug for project AMT212E-V_Micro-ROS_UART ****
make -j16 all 
echo "Kireiji_02" | sudo -S docker pull microros/micro_ros_static_library_builder:humble && echo "Kireiji_02" | sudo -S docker run --rm -v /home/kireiji/Documents/GitHub/CARVER/AMT212E-V/AMT212E-V/AMT212E-V_Micro-ROS/firmware/AMT212E-V_Micro-ROS_UART:/project --env MICROROS_LIBRARY_FOLDER=micro_ros_stm32cubemx_utils/microros_static_library_ide microros/micro_ros_static_library_builder:humble
humble: Pulling from microros/micro_ros_static_library_builder
Digest: sha256:83ab4e8ce95b2a62feb5dd270ad4460218d2d026a455ea32a5873cf629aa1e99
Status: Image is up to date for microros/micro_ros_static_library_builder:humble
docker.io/microros/micro_ros_static_library_builder:humble
[sudo] password for kireiji: dos2unix: converting file /project/micro_ros_stm32cubemx_utils/microros_static_library_ide/library_generation/library_generation.sh to Unix format...
micro-ROS library found. Skipping...
Delete micro_ros_stm32cubemx_utils/microros_static_library_ide/libmicroros/ for rebuild.
 
arm-none-eabi-gcc "../Core/Src/app_freertos.c" -mcpu=cortex-m4 -std=gnu11 -g3 -DDEBUG -DUSE_HAL_DRIVER -DSTM32G474xx -c -I../Core/Inc -I../micro_ros_stm32cubemx_utils/microros_static_library_ide/libmicroros/include -I../Drivers/STM32G4xx_HAL_Driver/Inc -I../Drivers/STM32G4xx_HAL_Driver/Inc/Legacy -I../Drivers/CMSIS/Device/ST/STM32G4xx/Include -I../Drivers/CMSIS/Include -I../Middlewares/Third_Party/FreeRTOS/Source/include -I../Middlewares/Third_Party/FreeRTOS/Source/CMSIS_RTOS_V2 -I../Middlewares/Third_Party/FreeRTOS/Source/portable/GCC/ARM_CM4F -O0 -ffunction-sections -fdata-sections -Wall -fstack-usage -fcyclomatic-complexity -MMD -MP -MF"Core/Src/app_freertos.d" -MT"Core/Src/app_freertos.o" --specs=nano.specs -mfpu=fpv4-sp-d16 -mfloat-abi=hard -mthumb -o "Core/Src/app_freertos.o"
arm-none-eabi-gcc -o "AMT212E-V_Micro-ROS_UART.elf" @"objects.list"  -lmicroros -mcpu=cortex-m4 -T"/home/kireiji/Documents/GitHub/CARVER/AMT212E-V/AMT212E-V/AMT212E-V_Micro-ROS/firmware/AMT212E-V_Micro-ROS_UART/STM32G474RETX_FLASH.ld" --specs=nosys.specs -Wl,-Map="AMT212E-V_Micro-ROS_UART.map" -Wl,--gc-sections -static -L../micro_ros_stm32cubemx_utils/microros_static_library_ide/libmicroros --specs=nano.specs -mfpu=fpv4-sp-d16 -mfloat-abi=hard -mthumb -Wl,--start-group -lc -lm -Wl,--end-group
/opt/st/stm32cubeide_1.16.1/plugins/com.st.stm32cube.ide.mcu.externaltools.gnu-tools-for-stm32.12.3.rel1.linux64_1.0.200.202406132123/tools/bin/../lib/gcc/arm-none-eabi/12.3.1/../../../../arm-none-eabi/bin/ld: /opt/st/stm32cubeide_1.16.1/plugins/com.st.stm32cube.ide.mcu.externaltools.gnu-tools-for-stm32.12.3.rel1.linux64_1.0.200.202406132123/tools/bin/../lib/gcc/arm-none-eabi/12.3.1/../../../../arm-none-eabi/lib/thumb/v7e-m+fp/hard/libc_nano.a(libc_a-gettimeofdayr.o): in function `_gettimeofday_r':
(.text._gettimeofday_r+0xe): warning: _gettimeofday is not implemented and will always fail
Finished building target: AMT212E-V_Micro-ROS_UART.elf
 
arm-none-eabi-size  AMT212E-V_Micro-ROS_UART.elf 
arm-none-eabi-objdump -h -S AMT212E-V_Micro-ROS_UART.elf  > "AMT212E-V_Micro-ROS_UART.list"
   text	   data	    bss	    dec	    hex	filename
 110572	    492	  46184	 157248	  26640	AMT212E-V_Micro-ROS_UART.elf
Finished building: default.size.stdout
 
Finished building: AMT212E-V_Micro-ROS_UART.list
 
23:56:01 **** Incremental Build of configuration Debug for project AMT212E-V_Micro-ROS_UART ****
make -j16 all 
echo "Kireiji_02" | sudo -S docker pull microros/micro_ros_static_library_builder:humble && echo "Kireiji_02" | sudo -S docker run --rm -v /home/kireiji/Documents/GitHub/CARVER/AMT212E-V/AMT212E-V/AMT212E-V_Micro-ROS/firmware/AMT212E-V_Micro-ROS_UART:/project --env MICROROS_LIBRARY_FOLDER=micro_ros_stm32cubemx_utils/microros_static_library_ide microros/micro_ros_static_library_builder:humble
humble: Pulling from microros/micro_ros_static_library_builder
Digest: sha256:83ab4e8ce95b2a62feb5dd270ad4460218d2d026a455ea32a5873cf629aa1e99
Status: Image is up to date for microros/micro_ros_static_library_builder:humble
docker.io/microros/micro_ros_static_library_builder:humble
[sudo] password for kireiji: dos2unix: converting file /project/micro_ros_stm32cubemx_utils/microros_static_library_ide/library_generation/library_generation.sh to Unix format...
micro-ROS library found. Skipping...
Delete micro_ros_stm32cubemx_utils/microros_static_library_ide/libmicroros/ for rebuild.
 
arm-none-eabi-size  AMT212E-V_Micro-ROS_UART.elf 
   text	   data	    bss	    dec	    hex	filename
 110572	    492	  46184	 157248	  26640	AMT212E-V_Micro-ROS_UART.elf
Finished building: default.size.stdout
 
23:56:22 **** Incremental Build of configuration Debug for project AMT212E-V_Micro-ROS_UART ****
make -j16 all 
echo "Kireiji_02" | sudo -S docker pull microros/micro_ros_static_library_builder:humble && echo "Kireiji_02" | sudo -S docker run --rm -v /home/kireiji/Documents/GitHub/CARVER/AMT212E-V/AMT212E-V/AMT212E-V_Micro-ROS/firmware/AMT212E-V_Micro-ROS_UART:/project --env MICROROS_LIBRARY_FOLDER=micro_ros_stm32cubemx_utils/microros_static_library_ide microros/micro_ros_static_library_builder:humble
humble: Pulling from microros/micro_ros_static_library_builder
Digest: sha256:83ab4e8ce95b2a62feb5dd270ad4460218d2d026a455ea32a5873cf629aa1e99
Status: Image is up to date for microros/micro_ros_static_library_builder:humble
docker.io/microros/micro_ros_static_library_builder:humble
[sudo] password for kireiji: dos2unix: converting file /project/micro_ros_stm32cubemx_utils/microros_static_library_ide/library_generation/library_generation.sh to Unix format...
micro-ROS library found. Skipping...
Delete micro_ros_stm32cubemx_utils/microros_static_library_ide/libmicroros/ for rebuild.
 
arm-none-eabi-gcc "../Core/Src/app_freertos.c" -mcpu=cortex-m4 -std=gnu11 -g3 -DDEBUG -DUSE_HAL_DRIVER -DSTM32G474xx -c -I../Core/Inc -I../micro_ros_stm32cubemx_utils/microros_static_library_ide/libmicroros/include -I../Drivers/STM32G4xx_HAL_Driver/Inc -I../Drivers/STM32G4xx_HAL_Driver/Inc/Legacy -I../Drivers/CMSIS/Device/ST/STM32G4xx/Include -I../Drivers/CMSIS/Include -I../Middlewares/Third_Party/FreeRTOS/Source/include -I../Middlewares/Third_Party/FreeRTOS/Source/CMSIS_RTOS_V2 -I../Middlewares/Third_Party/FreeRTOS/Source/portable/GCC/ARM_CM4F -O0 -ffunction-sections -fdata-sections -Wall -fstack-usage -fcyclomatic-complexity -MMD -MP -MF"Core/Src/app_freertos.d" -MT"Core/Src/app_freertos.o" --specs=nano.specs -mfpu=fpv4-sp-d16 -mfloat-abi=hard -mthumb -o "Core/Src/app_freertos.o"
arm-none-eabi-gcc -o "AMT212E-V_Micro-ROS_UART.elf" @"objects.list"  -lmicroros -mcpu=cortex-m4 -T"/home/kireiji/Documents/GitHub/CARVER/AMT212E-V/AMT212E-V/AMT212E-V_Micro-ROS/firmware/AMT212E-V_Micro-ROS_UART/STM32G474RETX_FLASH.ld" --specs=nosys.specs -Wl,-Map="AMT212E-V_Micro-ROS_UART.map" -Wl,--gc-sections -static -L../micro_ros_stm32cubemx_utils/microros_static_library_ide/libmicroros --specs=nano.specs -mfpu=fpv4-sp-d16 -mfloat-abi=hard -mthumb -Wl,--start-group -lc -lm -Wl,--end-group
/opt/st/stm32cubeide_1.16.1/plugins/com.st.stm32cube.ide.mcu.externaltools.gnu-tools-for-stm32.12.3.rel1.linux64_1.0.200.202406132123/tools/bin/../lib/gcc/arm-none-eabi/12.3.1/../../../../arm-none-eabi/bin/ld: /opt/st/stm32cubeide_1.16.1/plugins/com.st.stm32cube.ide.mcu.externaltools.gnu-tools-for-stm32.12.3.rel1.linux64_1.0.200.202406132123/tools/bin/../lib/gcc/arm-none-eabi/12.3.1/../../../../arm-none-eabi/lib/thumb/v7e-m+fp/hard/libc_nano.a(libc_a-gettimeofdayr.o): in function `_gettimeofday_r':
(.text._gettimeofday_r+0xe): warning: _gettimeofday is not implemented and will always fail
Finished building target: AMT212E-V_Micro-ROS_UART.elf
 
arm-none-eabi-size  AMT212E-V_Micro-ROS_UART.elf 
arm-none-eabi-objdump -h -S AMT212E-V_Micro-ROS_UART.elf  > "AMT212E-V_Micro-ROS_UART.list"
   text	   data	    bss	    dec	    hex	filename
 110572	    492	  46184	 157248	  26640	AMT212E-V_Micro-ROS_UART.elf
Finished building: default.size.stdout
 
Finished building: AMT212E-V_Micro-ROS_UART.list
 
23:57:05 **** Incremental Build of configuration Debug for project AMT212E-V_Micro-ROS_UART ****
make -j16 all 
echo "Kireiji_02" | sudo -S docker pull microros/micro_ros_static_library_builder:humble && echo "Kireiji_02" | sudo -S docker run --rm -v /home/kireiji/Documents/GitHub/CARVER/AMT212E-V/AMT212E-V/AMT212E-V_Micro-ROS/firmware/AMT212E-V_Micro-ROS_UART:/project --env MICROROS_LIBRARY_FOLDER=micro_ros_stm32cubemx_utils/microros_static_library_ide microros/micro_ros_static_library_builder:humble
humble: Pulling from microros/micro_ros_static_library_builder
Digest: sha256:83ab4e8ce95b2a62feb5dd270ad4460218d2d026a455ea32a5873cf629aa1e99
Status: Image is up to date for microros/micro_ros_static_library_builder:humble
docker.io/microros/micro_ros_static_library_builder:humble
[sudo] password for kireiji: dos2unix: converting file /project/micro_ros_stm32cubemx_utils/microros_static_library_ide/library_generation/library_generation.sh to Unix format...
micro-ROS library found. Skipping...
Delete micro_ros_stm32cubemx_utils/microros_static_library_ide/libmicroros/ for rebuild.
 
arm-none-eabi-gcc "../Core/Src/app_freertos.c" -mcpu=cortex-m4 -std=gnu11 -g3 -DDEBUG -DUSE_HAL_DRIVER -DSTM32G474xx -c -I../Core/Inc -I../micro_ros_stm32cubemx_utils/microros_static_library_ide/libmicroros/include -I../Drivers/STM32G4xx_HAL_Driver/Inc -I../Drivers/STM32G4xx_HAL_Driver/Inc/Legacy -I../Drivers/CMSIS/Device/ST/STM32G4xx/Include -I../Drivers/CMSIS/Include -I../Middlewares/Third_Party/FreeRTOS/Source/include -I../Middlewares/Third_Party/FreeRTOS/Source/CMSIS_RTOS_V2 -I../Middlewares/Third_Party/FreeRTOS/Source/portable/GCC/ARM_CM4F -O0 -ffunction-sections -fdata-sections -Wall -fstack-usage -fcyclomatic-complexity -MMD -MP -MF"Core/Src/app_freertos.d" -MT"Core/Src/app_freertos.o" --specs=nano.specs -mfpu=fpv4-sp-d16 -mfloat-abi=hard -mthumb -o "Core/Src/app_freertos.o"
arm-none-eabi-gcc -o "AMT212E-V_Micro-ROS_UART.elf" @"objects.list"  -lmicroros -mcpu=cortex-m4 -T"/home/kireiji/Documents/GitHub/CARVER/AMT212E-V/AMT212E-V/AMT212E-V_Micro-ROS/firmware/AMT212E-V_Micro-ROS_UART/STM32G474RETX_FLASH.ld" --specs=nosys.specs -Wl,-Map="AMT212E-V_Micro-ROS_UART.map" -Wl,--gc-sections -static -L../micro_ros_stm32cubemx_utils/microros_static_library_ide/libmicroros --specs=nano.specs -mfpu=fpv4-sp-d16 -mfloat-abi=hard -mthumb -Wl,--start-group -lc -lm -Wl,--end-group
/opt/st/stm32cubeide_1.16.1/plugins/com.st.stm32cube.ide.mcu.externaltools.gnu-tools-for-stm32.12.3.rel1.linux64_1.0.200.202406132123/tools/bin/../lib/gcc/arm-none-eabi/12.3.1/../../../../arm-none-eabi/bin/ld: /opt/st/stm32cubeide_1.16.1/plugins/com.st.stm32cube.ide.mcu.externaltools.gnu-tools-for-stm32.12.3.rel1.linux64_1.0.200.202406132123/tools/bin/../lib/gcc/arm-none-eabi/12.3.1/../../../../arm-none-eabi/lib/thumb/v7e-m+fp/hard/libc_nano.a(libc_a-gettimeofdayr.o): in function `_gettimeofday_r':
(.text._gettimeofday_r+0xe): warning: _gettimeofday is not implemented and will always fail
Finished building target: AMT212E-V_Micro-ROS_UART.elf
 
arm-none-eabi-size  AMT212E-V_Micro-ROS_UART.elf 
arm-none-eabi-objdump -h -S AMT212E-V_Micro-ROS_UART.elf  > "AMT212E-V_Micro-ROS_UART.list"
   text	   data	    bss	    dec	    hex	filename
 110572	    492	  46184	 157248	  26640	AMT212E-V_Micro-ROS_UART.elf
Finished building: default.size.stdout
 
Finished building: AMT212E-V_Micro-ROS_UART.list
 
23:57:59 **** Incremental Build of configuration Debug for project AMT212E-V_Micro-ROS_UART ****
make -j16 all 
echo "Kireiji_02" | sudo -S docker pull microros/micro_ros_static_library_builder:humble && echo "Kireiji_02" | sudo -S docker run --rm -v /home/kireiji/Documents/GitHub/CARVER/AMT212E-V/AMT212E-V/AMT212E-V_Micro-ROS/firmware/AMT212E-V_Micro-ROS_UART:/project --env MICROROS_LIBRARY_FOLDER=micro_ros_stm32cubemx_utils/microros_static_library_ide microros/micro_ros_static_library_builder:humble
humble: Pulling from microros/micro_ros_static_library_builder
Digest: sha256:83ab4e8ce95b2a62feb5dd270ad4460218d2d026a455ea32a5873cf629aa1e99
Status: Image is up to date for microros/micro_ros_static_library_builder:humble
docker.io/microros/micro_ros_static_library_builder:humble
[sudo] password for kireiji: dos2unix: converting file /project/micro_ros_stm32cubemx_utils/microros_static_library_ide/library_generation/library_generation.sh to Unix format...
micro-ROS library found. Skipping...
Delete micro_ros_stm32cubemx_utils/microros_static_library_ide/libmicroros/ for rebuild.
 
arm-none-eabi-gcc "../Core/Src/app_freertos.c" -mcpu=cortex-m4 -std=gnu11 -g3 -DDEBUG -DUSE_HAL_DRIVER -DSTM32G474xx -c -I../Core/Inc -I../micro_ros_stm32cubemx_utils/microros_static_library_ide/libmicroros/include -I../Drivers/STM32G4xx_HAL_Driver/Inc -I../Drivers/STM32G4xx_HAL_Driver/Inc/Legacy -I../Drivers/CMSIS/Device/ST/STM32G4xx/Include -I../Drivers/CMSIS/Include -I../Middlewares/Third_Party/FreeRTOS/Source/include -I../Middlewares/Third_Party/FreeRTOS/Source/CMSIS_RTOS_V2 -I../Middlewares/Third_Party/FreeRTOS/Source/portable/GCC/ARM_CM4F -O0 -ffunction-sections -fdata-sections -Wall -fstack-usage -fcyclomatic-complexity -MMD -MP -MF"Core/Src/app_freertos.d" -MT"Core/Src/app_freertos.o" --specs=nano.specs -mfpu=fpv4-sp-d16 -mfloat-abi=hard -mthumb -o "Core/Src/app_freertos.o"
arm-none-eabi-gcc -o "AMT212E-V_Micro-ROS_UART.elf" @"objects.list"  -lmicroros -mcpu=cortex-m4 -T"/home/kireiji/Documents/GitHub/CARVER/AMT212E-V/AMT212E-V/AMT212E-V_Micro-ROS/firmware/AMT212E-V_Micro-ROS_UART/STM32G474RETX_FLASH.ld" --specs=nosys.specs -Wl,-Map="AMT212E-V_Micro-ROS_UART.map" -Wl,--gc-sections -static -L../micro_ros_stm32cubemx_utils/microros_static_library_ide/libmicroros --specs=nano.specs -mfpu=fpv4-sp-d16 -mfloat-abi=hard -mthumb -Wl,--start-group -lc -lm -Wl,--end-group
/opt/st/stm32cubeide_1.16.1/plugins/com.st.stm32cube.ide.mcu.externaltools.gnu-tools-for-stm32.12.3.rel1.linux64_1.0.200.202406132123/tools/bin/../lib/gcc/arm-none-eabi/12.3.1/../../../../arm-none-eabi/bin/ld: /opt/st/stm32cubeide_1.16.1/plugins/com.st.stm32cube.ide.mcu.externaltools.gnu-tools-for-stm32.12.3.rel1.linux64_1.0.200.202406132123/tools/bin/../lib/gcc/arm-none-eabi/12.3.1/../../../../arm-none-eabi/lib/thumb/v7e-m+fp/hard/libc_nano.a(libc_a-gettimeofdayr.o): in function `_gettimeofday_r':
(.text._gettimeofday_r+0xe): warning: _gettimeofday is not implemented and will always fail
Finished building target: AMT212E-V_Micro-ROS_UART.elf
 
arm-none-eabi-size  AMT212E-V_Micro-ROS_UART.elf 
arm-none-eabi-objdump -h -S AMT212E-V_Micro-ROS_UART.elf  > "AMT212E-V_Micro-ROS_UART.list"
   text	   data	    bss	    dec	    hex	filename
 110572	    492	  46184	 157248	  26640	AMT212E-V_Micro-ROS_UART.elf
Finished building: default.size.stdout
 
Finished building: AMT212E-V_Micro-ROS_UART.list
 
23:58:52 **** Incremental Build of configuration Debug for project AMT212E-V_Micro-ROS_UART ****
make -j16 all 
echo "Kireiji_02" | sudo -S docker pull microros/micro_ros_static_library_builder:humble && echo "Kireiji_02" | sudo -S docker run --rm -v /home/kireiji/Documents/GitHub/CARVER/AMT212E-V/AMT212E-V/AMT212E-V_Micro-ROS/firmware/AMT212E-V_Micro-ROS_UART:/project --env MICROROS_LIBRARY_FOLDER=micro_ros_stm32cubemx_utils/microros_static_library_ide microros/micro_ros_static_library_builder:humble
humble: Pulling from microros/micro_ros_static_library_builder
Digest: sha256:83ab4e8ce95b2a62feb5dd270ad4460218d2d026a455ea32a5873cf629aa1e99
Status: Image is up to date for microros/micro_ros_static_library_builder:humble
docker.io/microros/micro_ros_static_library_builder:humble
[sudo] password for kireiji: dos2unix: converting file /project/micro_ros_stm32cubemx_utils/microros_static_library_ide/library_generation/library_generation.sh to Unix format...
micro-ROS library found. Skipping...
Delete micro_ros_stm32cubemx_utils/microros_static_library_ide/libmicroros/ for rebuild.
 
arm-none-eabi-gcc "../Core/Src/app_freertos.c" -mcpu=cortex-m4 -std=gnu11 -g3 -DDEBUG -DUSE_HAL_DRIVER -DSTM32G474xx -c -I../Core/Inc -I../micro_ros_stm32cubemx_utils/microros_static_library_ide/libmicroros/include -I../Drivers/STM32G4xx_HAL_Driver/Inc -I../Drivers/STM32G4xx_HAL_Driver/Inc/Legacy -I../Drivers/CMSIS/Device/ST/STM32G4xx/Include -I../Drivers/CMSIS/Include -I../Middlewares/Third_Party/FreeRTOS/Source/include -I../Middlewares/Third_Party/FreeRTOS/Source/CMSIS_RTOS_V2 -I../Middlewares/Third_Party/FreeRTOS/Source/portable/GCC/ARM_CM4F -O0 -ffunction-sections -fdata-sections -Wall -fstack-usage -fcyclomatic-complexity -MMD -MP -MF"Core/Src/app_freertos.d" -MT"Core/Src/app_freertos.o" --specs=nano.specs -mfpu=fpv4-sp-d16 -mfloat-abi=hard -mthumb -o "Core/Src/app_freertos.o"
arm-none-eabi-gcc -o "AMT212E-V_Micro-ROS_UART.elf" @"objects.list"  -lmicroros -mcpu=cortex-m4 -T"/home/kireiji/Documents/GitHub/CARVER/AMT212E-V/AMT212E-V/AMT212E-V_Micro-ROS/firmware/AMT212E-V_Micro-ROS_UART/STM32G474RETX_FLASH.ld" --specs=nosys.specs -Wl,-Map="AMT212E-V_Micro-ROS_UART.map" -Wl,--gc-sections -static -L../micro_ros_stm32cubemx_utils/microros_static_library_ide/libmicroros --specs=nano.specs -mfpu=fpv4-sp-d16 -mfloat-abi=hard -mthumb -Wl,--start-group -lc -lm -Wl,--end-group
/opt/st/stm32cubeide_1.16.1/plugins/com.st.stm32cube.ide.mcu.externaltools.gnu-tools-for-stm32.12.3.rel1.linux64_1.0.200.202406132123/tools/bin/../lib/gcc/arm-none-eabi/12.3.1/../../../../arm-none-eabi/bin/ld: /opt/st/stm32cubeide_1.16.1/plugins/com.st.stm32cube.ide.mcu.externaltools.gnu-tools-for-stm32.12.3.rel1.linux64_1.0.200.202406132123/tools/bin/../lib/gcc/arm-none-eabi/12.3.1/../../../../arm-none-eabi/lib/thumb/v7e-m+fp/hard/libc_nano.a(libc_a-gettimeofdayr.o): in function `_gettimeofday_r':
(.text._gettimeofday_r+0xe): warning: _gettimeofday is not implemented and will always fail
Finished building target: AMT212E-V_Micro-ROS_UART.elf
 
arm-none-eabi-size  AMT212E-V_Micro-ROS_UART.elf 
arm-none-eabi-objdump -h -S AMT212E-V_Micro-ROS_UART.elf  > "AMT212E-V_Micro-ROS_UART.list"
   text	   data	    bss	    dec	    hex	filename
 110572	    492	  46184	 157248	  26640	AMT212E-V_Micro-ROS_UART.elf
Finished building: default.size.stdout
 
Finished building: AMT212E-V_Micro-ROS_UART.list
 
23:59:34 **** Incremental Build of configuration Debug for project AMT212E-V_Micro-ROS_UART ****
make -j16 all 
echo "Kireiji_02" | sudo -S docker pull microros/micro_ros_static_library_builder:humble && echo "Kireiji_02" | sudo -S docker run --rm -v /home/kireiji/Documents/GitHub/CARVER/AMT212E-V/AMT212E-V/AMT212E-V_Micro-ROS/firmware/AMT212E-V_Micro-ROS_UART:/project --env MICROROS_LIBRARY_FOLDER=micro_ros_stm32cubemx_utils/microros_static_library_ide microros/micro_ros_static_library_builder:humble
humble: Pulling from microros/micro_ros_static_library_builder
Digest: sha256:83ab4e8ce95b2a62feb5dd270ad4460218d2d026a455ea32a5873cf629aa1e99
Status: Image is up to date for microros/micro_ros_static_library_builder:humble
docker.io/microros/micro_ros_static_library_builder:humble
[sudo] password for kireiji: dos2unix: converting file /project/micro_ros_stm32cubemx_utils/microros_static_library_ide/library_generation/library_generation.sh to Unix format...
micro-ROS library found. Skipping...
Delete micro_ros_stm32cubemx_utils/microros_static_library_ide/libmicroros/ for rebuild.
 
arm-none-eabi-gcc "../Core/Src/app_freertos.c" -mcpu=cortex-m4 -std=gnu11 -g3 -DDEBUG -DUSE_HAL_DRIVER -DSTM32G474xx -c -I../Core/Inc -I../micro_ros_stm32cubemx_utils/microros_static_library_ide/libmicroros/include -I../Drivers/STM32G4xx_HAL_Driver/Inc -I../Drivers/STM32G4xx_HAL_Driver/Inc/Legacy -I../Drivers/CMSIS/Device/ST/STM32G4xx/Include -I../Drivers/CMSIS/Include -I../Middlewares/Third_Party/FreeRTOS/Source/include -I../Middlewares/Third_Party/FreeRTOS/Source/CMSIS_RTOS_V2 -I../Middlewares/Third_Party/FreeRTOS/Source/portable/GCC/ARM_CM4F -O0 -ffunction-sections -fdata-sections -Wall -fstack-usage -fcyclomatic-complexity -MMD -MP -MF"Core/Src/app_freertos.d" -MT"Core/Src/app_freertos.o" --specs=nano.specs -mfpu=fpv4-sp-d16 -mfloat-abi=hard -mthumb -o "Core/Src/app_freertos.o"
arm-none-eabi-gcc -o "AMT212E-V_Micro-ROS_UART.elf" @"objects.list"  -lmicroros -mcpu=cortex-m4 -T"/home/kireiji/Documents/GitHub/CARVER/AMT212E-V/AMT212E-V/AMT212E-V_Micro-ROS/firmware/AMT212E-V_Micro-ROS_UART/STM32G474RETX_FLASH.ld" --specs=nosys.specs -Wl,-Map="AMT212E-V_Micro-ROS_UART.map" -Wl,--gc-sections -static -L../micro_ros_stm32cubemx_utils/microros_static_library_ide/libmicroros --specs=nano.specs -mfpu=fpv4-sp-d16 -mfloat-abi=hard -mthumb -Wl,--start-group -lc -lm -Wl,--end-group
/opt/st/stm32cubeide_1.16.1/plugins/com.st.stm32cube.ide.mcu.externaltools.gnu-tools-for-stm32.12.3.rel1.linux64_1.0.200.202406132123/tools/bin/../lib/gcc/arm-none-eabi/12.3.1/../../../../arm-none-eabi/bin/ld: /opt/st/stm32cubeide_1.16.1/plugins/com.st.stm32cube.ide.mcu.externaltools.gnu-tools-for-stm32.12.3.rel1.linux64_1.0.200.202406132123/tools/bin/../lib/gcc/arm-none-eabi/12.3.1/../../../../arm-none-eabi/lib/thumb/v7e-m+fp/hard/libc_nano.a(libc_a-gettimeofdayr.o): in function `_gettimeofday_r':
(.text._gettimeofday_r+0xe): warning: _gettimeofday is not implemented and will always fail
Finished building target: AMT212E-V_Micro-ROS_UART.elf
 
arm-none-eabi-size  AMT212E-V_Micro-ROS_UART.elf 
arm-none-eabi-objdump -h -S AMT212E-V_Micro-ROS_UART.elf  > "AMT212E-V_Micro-ROS_UART.list"
   text	   data	    bss	    dec	    hex	filename
 110572	    492	  46184	 157248	  26640	AMT212E-V_Micro-ROS_UART.elf
Finished building: default.size.stdout
 
Finished building: AMT212E-V_Micro-ROS_UART.list
 
00:00:13 **** Incremental Build of configuration Debug for project AMT212E-V_Micro-ROS_UART ****
make -j16 all 
echo "Kireiji_02" | sudo -S docker pull microros/micro_ros_static_library_builder:humble && echo "Kireiji_02" | sudo -S docker run --rm -v /home/kireiji/Documents/GitHub/CARVER/AMT212E-V/AMT212E-V/AMT212E-V_Micro-ROS/firmware/AMT212E-V_Micro-ROS_UART:/project --env MICROROS_LIBRARY_FOLDER=micro_ros_stm32cubemx_utils/microros_static_library_ide microros/micro_ros_static_library_builder:humble
humble: Pulling from microros/micro_ros_static_library_builder
Digest: sha256:83ab4e8ce95b2a62feb5dd270ad4460218d2d026a455ea32a5873cf629aa1e99
Status: Image is up to date for microros/micro_ros_static_library_builder:humble
docker.io/microros/micro_ros_static_library_builder:humble
[sudo] password for kireiji: dos2unix: converting file /project/micro_ros_stm32cubemx_utils/microros_static_library_ide/library_generation/library_generation.sh to Unix format...
micro-ROS library found. Skipping...
Delete micro_ros_stm32cubemx_utils/microros_static_library_ide/libmicroros/ for rebuild.
 
arm-none-eabi-gcc "../Core/Src/app_freertos.c" -mcpu=cortex-m4 -std=gnu11 -g3 -DDEBUG -DUSE_HAL_DRIVER -DSTM32G474xx -c -I../Core/Inc -I../micro_ros_stm32cubemx_utils/microros_static_library_ide/libmicroros/include -I../Drivers/STM32G4xx_HAL_Driver/Inc -I../Drivers/STM32G4xx_HAL_Driver/Inc/Legacy -I../Drivers/CMSIS/Device/ST/STM32G4xx/Include -I../Drivers/CMSIS/Include -I../Middlewares/Third_Party/FreeRTOS/Source/include -I../Middlewares/Third_Party/FreeRTOS/Source/CMSIS_RTOS_V2 -I../Middlewares/Third_Party/FreeRTOS/Source/portable/GCC/ARM_CM4F -O0 -ffunction-sections -fdata-sections -Wall -fstack-usage -fcyclomatic-complexity -MMD -MP -MF"Core/Src/app_freertos.d" -MT"Core/Src/app_freertos.o" --specs=nano.specs -mfpu=fpv4-sp-d16 -mfloat-abi=hard -mthumb -o "Core/Src/app_freertos.o"
arm-none-eabi-gcc -o "AMT212E-V_Micro-ROS_UART.elf" @"objects.list"  -lmicroros -mcpu=cortex-m4 -T"/home/kireiji/Documents/GitHub/CARVER/AMT212E-V/AMT212E-V/AMT212E-V_Micro-ROS/firmware/AMT212E-V_Micro-ROS_UART/STM32G474RETX_FLASH.ld" --specs=nosys.specs -Wl,-Map="AMT212E-V_Micro-ROS_UART.map" -Wl,--gc-sections -static -L../micro_ros_stm32cubemx_utils/microros_static_library_ide/libmicroros --specs=nano.specs -mfpu=fpv4-sp-d16 -mfloat-abi=hard -mthumb -Wl,--start-group -lc -lm -Wl,--end-group
/opt/st/stm32cubeide_1.16.1/plugins/com.st.stm32cube.ide.mcu.externaltools.gnu-tools-for-stm32.12.3.rel1.linux64_1.0.200.202406132123/tools/bin/../lib/gcc/arm-none-eabi/12.3.1/../../../../arm-none-eabi/bin/ld: /opt/st/stm32cubeide_1.16.1/plugins/com.st.stm32cube.ide.mcu.externaltools.gnu-tools-for-stm32.12.3.rel1.linux64_1.0.200.202406132123/tools/bin/../lib/gcc/arm-none-eabi/12.3.1/../../../../arm-none-eabi/lib/thumb/v7e-m+fp/hard/libc_nano.a(libc_a-gettimeofdayr.o): in function `_gettimeofday_r':
(.text._gettimeofday_r+0xe): warning: _gettimeofday is not implemented and will always fail
Finished building target: AMT212E-V_Micro-ROS_UART.elf
 
arm-none-eabi-size  AMT212E-V_Micro-ROS_UART.elf 
arm-none-eabi-objdump -h -S AMT212E-V_Micro-ROS_UART.elf  > "AMT212E-V_Micro-ROS_UART.list"
   text	   data	    bss	    dec	    hex	filename
 110572	    492	  46184	 157248	  26640	AMT212E-V_Micro-ROS_UART.elf
Finished building: default.size.stdout
 
Finished building: AMT212E-V_Micro-ROS_UART.list
 
00:01:27 **** Incremental Build of configuration Debug for project AMT212E-V_Micro-ROS_UART ****
make -j16 all 
echo "Kireiji_02" | sudo -S docker pull microros/micro_ros_static_library_builder:humble && echo "Kireiji_02" | sudo -S docker run --rm -v /home/kireiji/Documents/GitHub/CARVER/AMT212E-V/AMT212E-V/AMT212E-V_Micro-ROS/firmware/AMT212E-V_Micro-ROS_UART:/project --env MICROROS_LIBRARY_FOLDER=micro_ros_stm32cubemx_utils/microros_static_library_ide microros/micro_ros_static_library_builder:humble
humble: Pulling from microros/micro_ros_static_library_builder
Digest: sha256:83ab4e8ce95b2a62feb5dd270ad4460218d2d026a455ea32a5873cf629aa1e99
Status: Image is up to date for microros/micro_ros_static_library_builder:humble
docker.io/microros/micro_ros_static_library_builder:humble
[sudo] password for kireiji: dos2unix: converting file /project/micro_ros_stm32cubemx_utils/microros_static_library_ide/library_generation/library_generation.sh to Unix format...
micro-ROS library found. Skipping...
Delete micro_ros_stm32cubemx_utils/microros_static_library_ide/libmicroros/ for rebuild.
 
arm-none-eabi-gcc "../Core/Src/app_freertos.c" -mcpu=cortex-m4 -std=gnu11 -g3 -DDEBUG -DUSE_HAL_DRIVER -DSTM32G474xx -c -I../Core/Inc -I../micro_ros_stm32cubemx_utils/microros_static_library_ide/libmicroros/include -I../Drivers/STM32G4xx_HAL_Driver/Inc -I../Drivers/STM32G4xx_HAL_Driver/Inc/Legacy -I../Drivers/CMSIS/Device/ST/STM32G4xx/Include -I../Drivers/CMSIS/Include -I../Middlewares/Third_Party/FreeRTOS/Source/include -I../Middlewares/Third_Party/FreeRTOS/Source/CMSIS_RTOS_V2 -I../Middlewares/Third_Party/FreeRTOS/Source/portable/GCC/ARM_CM4F -O0 -ffunction-sections -fdata-sections -Wall -fstack-usage -fcyclomatic-complexity -MMD -MP -MF"Core/Src/app_freertos.d" -MT"Core/Src/app_freertos.o" --specs=nano.specs -mfpu=fpv4-sp-d16 -mfloat-abi=hard -mthumb -o "Core/Src/app_freertos.o"
arm-none-eabi-gcc -o "AMT212E-V_Micro-ROS_UART.elf" @"objects.list"  -lmicroros -mcpu=cortex-m4 -T"/home/kireiji/Documents/GitHub/CARVER/AMT212E-V/AMT212E-V/AMT212E-V_Micro-ROS/firmware/AMT212E-V_Micro-ROS_UART/STM32G474RETX_FLASH.ld" --specs=nosys.specs -Wl,-Map="AMT212E-V_Micro-ROS_UART.map" -Wl,--gc-sections -static -L../micro_ros_stm32cubemx_utils/microros_static_library_ide/libmicroros --specs=nano.specs -mfpu=fpv4-sp-d16 -mfloat-abi=hard -mthumb -Wl,--start-group -lc -lm -Wl,--end-group
/opt/st/stm32cubeide_1.16.1/plugins/com.st.stm32cube.ide.mcu.externaltools.gnu-tools-for-stm32.12.3.rel1.linux64_1.0.200.202406132123/tools/bin/../lib/gcc/arm-none-eabi/12.3.1/../../../../arm-none-eabi/bin/ld: /opt/st/stm32cubeide_1.16.1/plugins/com.st.stm32cube.ide.mcu.externaltools.gnu-tools-for-stm32.12.3.rel1.linux64_1.0.200.202406132123/tools/bin/../lib/gcc/arm-none-eabi/12.3.1/../../../../arm-none-eabi/lib/thumb/v7e-m+fp/hard/libc_nano.a(libc_a-gettimeofdayr.o): in function `_gettimeofday_r':
(.text._gettimeofday_r+0xe): warning: _gettimeofday is not implemented and will always fail
Finished building target: AMT212E-V_Micro-ROS_UART.elf
 
arm-none-eabi-size  AMT212E-V_Micro-ROS_UART.elf 
arm-none-eabi-objdump -h -S AMT212E-V_Micro-ROS_UART.elf  > "AMT212E-V_Micro-ROS_UART.list"
   text	   data	    bss	    dec	    hex	filename
 110572	    492	  46184	 157248	  26640	AMT212E-V_Micro-ROS_UART.elf
Finished building: default.size.stdout
 
Finished building: AMT212E-V_Micro-ROS_UART.list
 
00:02:19 **** Incremental Build of configuration Debug for project AMT212E-V_Micro-ROS_UART ****
make -j16 all 
echo "Kireiji_02" | sudo -S docker pull microros/micro_ros_static_library_builder:humble && echo "Kireiji_02" | sudo -S docker run --rm -v /home/kireiji/Documents/GitHub/CARVER/AMT212E-V/AMT212E-V/AMT212E-V_Micro-ROS/firmware/AMT212E-V_Micro-ROS_UART:/project --env MICROROS_LIBRARY_FOLDER=micro_ros_stm32cubemx_utils/microros_static_library_ide microros/micro_ros_static_library_builder:humble
humble: Pulling from microros/micro_ros_static_library_builder
Digest: sha256:83ab4e8ce95b2a62feb5dd270ad4460218d2d026a455ea32a5873cf629aa1e99
Status: Image is up to date for microros/micro_ros_static_library_builder:humble
docker.io/microros/micro_ros_static_library_builder:humble
[sudo] password for kireiji: dos2unix: converting file /project/micro_ros_stm32cubemx_utils/microros_static_library_ide/library_generation/library_generation.sh to Unix format...
micro-ROS library found. Skipping...
Delete micro_ros_stm32cubemx_utils/microros_static_library_ide/libmicroros/ for rebuild.
 
arm-none-eabi-gcc "../Core/Src/app_freertos.c" -mcpu=cortex-m4 -std=gnu11 -g3 -DDEBUG -DUSE_HAL_DRIVER -DSTM32G474xx -c -I../Core/Inc -I../micro_ros_stm32cubemx_utils/microros_static_library_ide/libmicroros/include -I../Drivers/STM32G4xx_HAL_Driver/Inc -I../Drivers/STM32G4xx_HAL_Driver/Inc/Legacy -I../Drivers/CMSIS/Device/ST/STM32G4xx/Include -I../Drivers/CMSIS/Include -I../Middlewares/Third_Party/FreeRTOS/Source/include -I../Middlewares/Third_Party/FreeRTOS/Source/CMSIS_RTOS_V2 -I../Middlewares/Third_Party/FreeRTOS/Source/portable/GCC/ARM_CM4F -O0 -ffunction-sections -fdata-sections -Wall -fstack-usage -fcyclomatic-complexity -MMD -MP -MF"Core/Src/app_freertos.d" -MT"Core/Src/app_freertos.o" --specs=nano.specs -mfpu=fpv4-sp-d16 -mfloat-abi=hard -mthumb -o "Core/Src/app_freertos.o"
arm-none-eabi-gcc -o "AMT212E-V_Micro-ROS_UART.elf" @"objects.list"  -lmicroros -mcpu=cortex-m4 -T"/home/kireiji/Documents/GitHub/CARVER/AMT212E-V/AMT212E-V/AMT212E-V_Micro-ROS/firmware/AMT212E-V_Micro-ROS_UART/STM32G474RETX_FLASH.ld" --specs=nosys.specs -Wl,-Map="AMT212E-V_Micro-ROS_UART.map" -Wl,--gc-sections -static -L../micro_ros_stm32cubemx_utils/microros_static_library_ide/libmicroros --specs=nano.specs -mfpu=fpv4-sp-d16 -mfloat-abi=hard -mthumb -Wl,--start-group -lc -lm -Wl,--end-group
/opt/st/stm32cubeide_1.16.1/plugins/com.st.stm32cube.ide.mcu.externaltools.gnu-tools-for-stm32.12.3.rel1.linux64_1.0.200.202406132123/tools/bin/../lib/gcc/arm-none-eabi/12.3.1/../../../../arm-none-eabi/bin/ld: /opt/st/stm32cubeide_1.16.1/plugins/com.st.stm32cube.ide.mcu.externaltools.gnu-tools-for-stm32.12.3.rel1.linux64_1.0.200.202406132123/tools/bin/../lib/gcc/arm-none-eabi/12.3.1/../../../../arm-none-eabi/lib/thumb/v7e-m+fp/hard/libc_nano.a(libc_a-gettimeofdayr.o): in function `_gettimeofday_r':
(.text._gettimeofday_r+0xe): warning: _gettimeofday is not implemented and will always fail
Finished building target: AMT212E-V_Micro-ROS_UART.elf
 
arm-none-eabi-size  AMT212E-V_Micro-ROS_UART.elf 
arm-none-eabi-objdump -h -S AMT212E-V_Micro-ROS_UART.elf  > "AMT212E-V_Micro-ROS_UART.list"
   text	   data	    bss	    dec	    hex	filename
 110572	    492	  46184	 157248	  26640	AMT212E-V_Micro-ROS_UART.elf
Finished building: default.size.stdout
 
Finished building: AMT212E-V_Micro-ROS_UART.list
 
00:03:26 **** Incremental Build of configuration Debug for project AMT212E-V_Micro-ROS_UART ****
make -j16 all 
echo "Kireiji_02" | sudo -S docker pull microros/micro_ros_static_library_builder:humble && echo "Kireiji_02" | sudo -S docker run --rm -v /home/kireiji/Documents/GitHub/CARVER/AMT212E-V/AMT212E-V/AMT212E-V_Micro-ROS/firmware/AMT212E-V_Micro-ROS_UART:/project --env MICROROS_LIBRARY_FOLDER=micro_ros_stm32cubemx_utils/microros_static_library_ide microros/micro_ros_static_library_builder:humble
humble: Pulling from microros/micro_ros_static_library_builder
Digest: sha256:83ab4e8ce95b2a62feb5dd270ad4460218d2d026a455ea32a5873cf629aa1e99
Status: Image is up to date for microros/micro_ros_static_library_builder:humble
docker.io/microros/micro_ros_static_library_builder:humble
[sudo] password for kireiji: dos2unix: converting file /project/micro_ros_stm32cubemx_utils/microros_static_library_ide/library_generation/library_generation.sh to Unix format...
micro-ROS library found. Skipping...
Delete micro_ros_stm32cubemx_utils/microros_static_library_ide/libmicroros/ for rebuild.
 
arm-none-eabi-gcc "../Core/Src/app_freertos.c" -mcpu=cortex-m4 -std=gnu11 -g3 -DDEBUG -DUSE_HAL_DRIVER -DSTM32G474xx -c -I../Core/Inc -I../micro_ros_stm32cubemx_utils/microros_static_library_ide/libmicroros/include -I../Drivers/STM32G4xx_HAL_Driver/Inc -I../Drivers/STM32G4xx_HAL_Driver/Inc/Legacy -I../Drivers/CMSIS/Device/ST/STM32G4xx/Include -I../Drivers/CMSIS/Include -I../Middlewares/Third_Party/FreeRTOS/Source/include -I../Middlewares/Third_Party/FreeRTOS/Source/CMSIS_RTOS_V2 -I../Middlewares/Third_Party/FreeRTOS/Source/portable/GCC/ARM_CM4F -O0 -ffunction-sections -fdata-sections -Wall -fstack-usage -fcyclomatic-complexity -MMD -MP -MF"Core/Src/app_freertos.d" -MT"Core/Src/app_freertos.o" --specs=nano.specs -mfpu=fpv4-sp-d16 -mfloat-abi=hard -mthumb -o "Core/Src/app_freertos.o"
arm-none-eabi-gcc -o "AMT212E-V_Micro-ROS_UART.elf" @"objects.list"  -lmicroros -mcpu=cortex-m4 -T"/home/kireiji/Documents/GitHub/CARVER/AMT212E-V/AMT212E-V/AMT212E-V_Micro-ROS/firmware/AMT212E-V_Micro-ROS_UART/STM32G474RETX_FLASH.ld" --specs=nosys.specs -Wl,-Map="AMT212E-V_Micro-ROS_UART.map" -Wl,--gc-sections -static -L../micro_ros_stm32cubemx_utils/microros_static_library_ide/libmicroros --specs=nano.specs -mfpu=fpv4-sp-d16 -mfloat-abi=hard -mthumb -Wl,--start-group -lc -lm -Wl,--end-group
/opt/st/stm32cubeide_1.16.1/plugins/com.st.stm32cube.ide.mcu.externaltools.gnu-tools-for-stm32.12.3.rel1.linux64_1.0.200.202406132123/tools/bin/../lib/gcc/arm-none-eabi/12.3.1/../../../../arm-none-eabi/bin/ld: /opt/st/stm32cubeide_1.16.1/plugins/com.st.stm32cube.ide.mcu.externaltools.gnu-tools-for-stm32.12.3.rel1.linux64_1.0.200.202406132123/tools/bin/../lib/gcc/arm-none-eabi/12.3.1/../../../../arm-none-eabi/lib/thumb/v7e-m+fp/hard/libc_nano.a(libc_a-gettimeofdayr.o): in function `_gettimeofday_r':
(.text._gettimeofday_r+0xe): warning: _gettimeofday is not implemented and will always fail
Finished building target: AMT212E-V_Micro-ROS_UART.elf
 
arm-none-eabi-size  AMT212E-V_Micro-ROS_UART.elf 
arm-none-eabi-objdump -h -S AMT212E-V_Micro-ROS_UART.elf  > "AMT212E-V_Micro-ROS_UART.list"
   text	   data	    bss	    dec	    hex	filename
 110572	    496	  46184	 157252	  26644	AMT212E-V_Micro-ROS_UART.elf
Finished building: default.size.stdout
 
Finished building: AMT212E-V_Micro-ROS_UART.list
 
00:04:31 **** Incremental Build of configuration Debug for project AMT212E-V_Micro-ROS_UART ****
make -j16 all 
echo "Kireiji_02" | sudo -S docker pull microros/micro_ros_static_library_builder:humble && echo "Kireiji_02" | sudo -S docker run --rm -v /home/kireiji/Documents/GitHub/CARVER/AMT212E-V/AMT212E-V/AMT212E-V_Micro-ROS/firmware/AMT212E-V_Micro-ROS_UART:/project --env MICROROS_LIBRARY_FOLDER=micro_ros_stm32cubemx_utils/microros_static_library_ide microros/micro_ros_static_library_builder:humble
humble: Pulling from microros/micro_ros_static_library_builder
Digest: sha256:83ab4e8ce95b2a62feb5dd270ad4460218d2d026a455ea32a5873cf629aa1e99
Status: Image is up to date for microros/micro_ros_static_library_builder:humble
docker.io/microros/micro_ros_static_library_builder:humble
[sudo] password for kireiji: dos2unix: converting file /project/micro_ros_stm32cubemx_utils/microros_static_library_ide/library_generation/library_generation.sh to Unix format...
micro-ROS library found. Skipping...
Delete micro_ros_stm32cubemx_utils/microros_static_library_ide/libmicroros/ for rebuild.
 
arm-none-eabi-gcc "../Core/Src/app_freertos.c" -mcpu=cortex-m4 -std=gnu11 -g3 -DDEBUG -DUSE_HAL_DRIVER -DSTM32G474xx -c -I../Core/Inc -I../micro_ros_stm32cubemx_utils/microros_static_library_ide/libmicroros/include -I../Drivers/STM32G4xx_HAL_Driver/Inc -I../Drivers/STM32G4xx_HAL_Driver/Inc/Legacy -I../Drivers/CMSIS/Device/ST/STM32G4xx/Include -I../Drivers/CMSIS/Include -I../Middlewares/Third_Party/FreeRTOS/Source/include -I../Middlewares/Third_Party/FreeRTOS/Source/CMSIS_RTOS_V2 -I../Middlewares/Third_Party/FreeRTOS/Source/portable/GCC/ARM_CM4F -O0 -ffunction-sections -fdata-sections -Wall -fstack-usage -fcyclomatic-complexity -MMD -MP -MF"Core/Src/app_freertos.d" -MT"Core/Src/app_freertos.o" --specs=nano.specs -mfpu=fpv4-sp-d16 -mfloat-abi=hard -mthumb -o "Core/Src/app_freertos.o"
arm-none-eabi-gcc -o "AMT212E-V_Micro-ROS_UART.elf" @"objects.list"  -lmicroros -mcpu=cortex-m4 -T"/home/kireiji/Documents/GitHub/CARVER/AMT212E-V/AMT212E-V/AMT212E-V_Micro-ROS/firmware/AMT212E-V_Micro-ROS_UART/STM32G474RETX_FLASH.ld" --specs=nosys.specs -Wl,-Map="AMT212E-V_Micro-ROS_UART.map" -Wl,--gc-sections -static -L../micro_ros_stm32cubemx_utils/microros_static_library_ide/libmicroros --specs=nano.specs -mfpu=fpv4-sp-d16 -mfloat-abi=hard -mthumb -Wl,--start-group -lc -lm -Wl,--end-group
/opt/st/stm32cubeide_1.16.1/plugins/com.st.stm32cube.ide.mcu.externaltools.gnu-tools-for-stm32.12.3.rel1.linux64_1.0.200.202406132123/tools/bin/../lib/gcc/arm-none-eabi/12.3.1/../../../../arm-none-eabi/bin/ld: /opt/st/stm32cubeide_1.16.1/plugins/com.st.stm32cube.ide.mcu.externaltools.gnu-tools-for-stm32.12.3.rel1.linux64_1.0.200.202406132123/tools/bin/../lib/gcc/arm-none-eabi/12.3.1/../../../../arm-none-eabi/lib/thumb/v7e-m+fp/hard/libc_nano.a(libc_a-gettimeofdayr.o): in function `_gettimeofday_r':
(.text._gettimeofday_r+0xe): warning: _gettimeofday is not implemented and will always fail
Finished building target: AMT212E-V_Micro-ROS_UART.elf
 
arm-none-eabi-size  AMT212E-V_Micro-ROS_UART.elf 
arm-none-eabi-objdump -h -S AMT212E-V_Micro-ROS_UART.elf  > "AMT212E-V_Micro-ROS_UART.list"
   text	   data	    bss	    dec	    hex	filename
 110572	    492	  46184	 157248	  26640	AMT212E-V_Micro-ROS_UART.elf
Finished building: default.size.stdout
 
Finished building: AMT212E-V_Micro-ROS_UART.list
 
00:04:42 **** Incremental Build of configuration Debug for project AMT212E-V_Micro-ROS_UART ****
make -j16 all 
echo "Kireiji_02" | sudo -S docker pull microros/micro_ros_static_library_builder:humble && echo "Kireiji_02" | sudo -S docker run --rm -v /home/kireiji/Documents/GitHub/CARVER/AMT212E-V/AMT212E-V/AMT212E-V_Micro-ROS/firmware/AMT212E-V_Micro-ROS_UART:/project --env MICROROS_LIBRARY_FOLDER=micro_ros_stm32cubemx_utils/microros_static_library_ide microros/micro_ros_static_library_builder:humble
humble: Pulling from microros/micro_ros_static_library_builder
Digest: sha256:83ab4e8ce95b2a62feb5dd270ad4460218d2d026a455ea32a5873cf629aa1e99
Status: Image is up to date for microros/micro_ros_static_library_builder:humble
docker.io/microros/micro_ros_static_library_builder:humble
[sudo] password for kireiji: dos2unix: converting file /project/micro_ros_stm32cubemx_utils/microros_static_library_ide/library_generation/library_generation.sh to Unix format...
micro-ROS library found. Skipping...
Delete micro_ros_stm32cubemx_utils/microros_static_library_ide/libmicroros/ for rebuild.
 
arm-none-eabi-size  AMT212E-V_Micro-ROS_UART.elf 
   text	   data	    bss	    dec	    hex	filename
 110572	    492	  46184	 157248	  26640	AMT212E-V_Micro-ROS_UART.elf
Finished building: default.size.stdout
 
00:05:53 **** Incremental Build of configuration Debug for project AMT212E-V_Micro-ROS_UART ****
make -j16 all 
echo "Kireiji_02" | sudo -S docker pull microros/micro_ros_static_library_builder:humble && echo "Kireiji_02" | sudo -S docker run --rm -v /home/kireiji/Documents/GitHub/CARVER/AMT212E-V/AMT212E-V/AMT212E-V_Micro-ROS/firmware/AMT212E-V_Micro-ROS_UART:/project --env MICROROS_LIBRARY_FOLDER=micro_ros_stm32cubemx_utils/microros_static_library_ide microros/micro_ros_static_library_builder:humble
humble: Pulling from microros/micro_ros_static_library_builder
Digest: sha256:83ab4e8ce95b2a62feb5dd270ad4460218d2d026a455ea32a5873cf629aa1e99
Status: Image is up to date for microros/micro_ros_static_library_builder:humble
docker.io/microros/micro_ros_static_library_builder:humble
[sudo] password for kireiji: dos2unix: converting file /project/micro_ros_stm32cubemx_utils/microros_static_library_ide/library_generation/library_generation.sh to Unix format...
micro-ROS library found. Skipping...
Delete micro_ros_stm32cubemx_utils/microros_static_library_ide/libmicroros/ for rebuild.
 
arm-none-eabi-gcc "../Core/Src/app_freertos.c" -mcpu=cortex-m4 -std=gnu11 -g3 -DDEBUG -DUSE_HAL_DRIVER -DSTM32G474xx -c -I../Core/Inc -I../micro_ros_stm32cubemx_utils/microros_static_library_ide/libmicroros/include -I../Drivers/STM32G4xx_HAL_Driver/Inc -I../Drivers/STM32G4xx_HAL_Driver/Inc/Legacy -I../Drivers/CMSIS/Device/ST/STM32G4xx/Include -I../Drivers/CMSIS/Include -I../Middlewares/Third_Party/FreeRTOS/Source/include -I../Middlewares/Third_Party/FreeRTOS/Source/CMSIS_RTOS_V2 -I../Middlewares/Third_Party/FreeRTOS/Source/portable/GCC/ARM_CM4F -O0 -ffunction-sections -fdata-sections -Wall -fstack-usage -fcyclomatic-complexity -MMD -MP -MF"Core/Src/app_freertos.d" -MT"Core/Src/app_freertos.o" --specs=nano.specs -mfpu=fpv4-sp-d16 -mfloat-abi=hard -mthumb -o "Core/Src/app_freertos.o"
arm-none-eabi-gcc -o "AMT212E-V_Micro-ROS_UART.elf" @"objects.list"  -lmicroros -mcpu=cortex-m4 -T"/home/kireiji/Documents/GitHub/CARVER/AMT212E-V/AMT212E-V/AMT212E-V_Micro-ROS/firmware/AMT212E-V_Micro-ROS_UART/STM32G474RETX_FLASH.ld" --specs=nosys.specs -Wl,-Map="AMT212E-V_Micro-ROS_UART.map" -Wl,--gc-sections -static -L../micro_ros_stm32cubemx_utils/microros_static_library_ide/libmicroros --specs=nano.specs -mfpu=fpv4-sp-d16 -mfloat-abi=hard -mthumb -Wl,--start-group -lc -lm -Wl,--end-group
/opt/st/stm32cubeide_1.16.1/plugins/com.st.stm32cube.ide.mcu.externaltools.gnu-tools-for-stm32.12.3.rel1.linux64_1.0.200.202406132123/tools/bin/../lib/gcc/arm-none-eabi/12.3.1/../../../../arm-none-eabi/bin/ld: /opt/st/stm32cubeide_1.16.1/plugins/com.st.stm32cube.ide.mcu.externaltools.gnu-tools-for-stm32.12.3.rel1.linux64_1.0.200.202406132123/tools/bin/../lib/gcc/arm-none-eabi/12.3.1/../../../../arm-none-eabi/lib/thumb/v7e-m+fp/hard/libc_nano.a(libc_a-gettimeofdayr.o): in function `_gettimeofday_r':
(.text._gettimeofday_r+0xe): warning: _gettimeofday is not implemented and will always fail
Finished building target: AMT212E-V_Micro-ROS_UART.elf
 
arm-none-eabi-size  AMT212E-V_Micro-ROS_UART.elf 
arm-none-eabi-objdump -h -S AMT212E-V_Micro-ROS_UART.elf  > "AMT212E-V_Micro-ROS_UART.list"
   text	   data	    bss	    dec	    hex	filename
 110572	    488	  46192	 157252	  26644	AMT212E-V_Micro-ROS_UART.elf
Finished building: default.size.stdout
 
Finished building: AMT212E-V_Micro-ROS_UART.list
 
00:20:05 **** Incremental Build of configuration Debug for project AMT212E-V_Micro-ROS_UART ****
make -j16 all 
echo "Kireiji_02" | sudo -S docker pull microros/micro_ros_static_library_builder:humble && echo "Kireiji_02" | sudo -S docker run --rm -v /home/kireiji/Documents/GitHub/CARVER/AMT212E-V/AMT212E-V/AMT212E-V_Micro-ROS/firmware/AMT212E-V_Micro-ROS_UART:/project --env MICROROS_LIBRARY_FOLDER=micro_ros_stm32cubemx_utils/microros_static_library_ide microros/micro_ros_static_library_builder:humble
humble: Pulling from microros/micro_ros_static_library_builder
Digest: sha256:83ab4e8ce95b2a62feb5dd270ad4460218d2d026a455ea32a5873cf629aa1e99
Status: Image is up to date for microros/micro_ros_static_library_builder:humble
docker.io/microros/micro_ros_static_library_builder:humble
[sudo] password for kireiji: dos2unix: converting file /project/micro_ros_stm32cubemx_utils/microros_static_library_ide/library_generation/library_generation.sh to Unix format...
micro-ROS library found. Skipping...
Delete micro_ros_stm32cubemx_utils/microros_static_library_ide/libmicroros/ for rebuild.
 
arm-none-eabi-gcc "../Core/Src/app_freertos.c" -mcpu=cortex-m4 -std=gnu11 -g3 -DDEBUG -DUSE_HAL_DRIVER -DSTM32G474xx -c -I../Core/Inc -I../micro_ros_stm32cubemx_utils/microros_static_library_ide/libmicroros/include -I../Drivers/STM32G4xx_HAL_Driver/Inc -I../Drivers/STM32G4xx_HAL_Driver/Inc/Legacy -I../Drivers/CMSIS/Device/ST/STM32G4xx/Include -I../Drivers/CMSIS/Include -I../Middlewares/Third_Party/FreeRTOS/Source/include -I../Middlewares/Third_Party/FreeRTOS/Source/CMSIS_RTOS_V2 -I../Middlewares/Third_Party/FreeRTOS/Source/portable/GCC/ARM_CM4F -O0 -ffunction-sections -fdata-sections -Wall -fstack-usage -fcyclomatic-complexity -MMD -MP -MF"Core/Src/app_freertos.d" -MT"Core/Src/app_freertos.o" --specs=nano.specs -mfpu=fpv4-sp-d16 -mfloat-abi=hard -mthumb -o "Core/Src/app_freertos.o"
arm-none-eabi-gcc -o "AMT212E-V_Micro-ROS_UART.elf" @"objects.list"  -lmicroros -mcpu=cortex-m4 -T"/home/kireiji/Documents/GitHub/CARVER/AMT212E-V/AMT212E-V/AMT212E-V_Micro-ROS/firmware/AMT212E-V_Micro-ROS_UART/STM32G474RETX_FLASH.ld" --specs=nosys.specs -Wl,-Map="AMT212E-V_Micro-ROS_UART.map" -Wl,--gc-sections -static -L../micro_ros_stm32cubemx_utils/microros_static_library_ide/libmicroros --specs=nano.specs -mfpu=fpv4-sp-d16 -mfloat-abi=hard -mthumb -Wl,--start-group -lc -lm -Wl,--end-group
/opt/st/stm32cubeide_1.16.1/plugins/com.st.stm32cube.ide.mcu.externaltools.gnu-tools-for-stm32.12.3.rel1.linux64_1.0.200.202406132123/tools/bin/../lib/gcc/arm-none-eabi/12.3.1/../../../../arm-none-eabi/bin/ld: /opt/st/stm32cubeide_1.16.1/plugins/com.st.stm32cube.ide.mcu.externaltools.gnu-tools-for-stm32.12.3.rel1.linux64_1.0.200.202406132123/tools/bin/../lib/gcc/arm-none-eabi/12.3.1/../../../../arm-none-eabi/lib/thumb/v7e-m+fp/hard/libc_nano.a(libc_a-gettimeofdayr.o): in function `_gettimeofday_r':
(.text._gettimeofday_r+0xe): warning: _gettimeofday is not implemented and will always fail
Finished building target: AMT212E-V_Micro-ROS_UART.elf
 
arm-none-eabi-size  AMT212E-V_Micro-ROS_UART.elf 
arm-none-eabi-objdump -h -S AMT212E-V_Micro-ROS_UART.elf  > "AMT212E-V_Micro-ROS_UART.list"
   text	   data	    bss	    dec	    hex	filename
 110460	    488	  46184	 157132	  265cc	AMT212E-V_Micro-ROS_UART.elf
Finished building: default.size.stdout
 
Finished building: AMT212E-V_Micro-ROS_UART.list
 
00:22:30 **** Incremental Build of configuration Debug for project AMT212E-V_Micro-ROS_UART ****
make -j16 all 
echo "Kireiji_02" | sudo -S docker pull microros/micro_ros_static_library_builder:humble && echo "Kireiji_02" | sudo -S docker run --rm -v /home/kireiji/Documents/GitHub/CARVER/AMT212E-V/AMT212E-V/AMT212E-V_Micro-ROS/firmware/AMT212E-V_Micro-ROS_UART:/project --env MICROROS_LIBRARY_FOLDER=micro_ros_stm32cubemx_utils/microros_static_library_ide microros/micro_ros_static_library_builder:humble
humble: Pulling from microros/micro_ros_static_library_builder
Digest: sha256:83ab4e8ce95b2a62feb5dd270ad4460218d2d026a455ea32a5873cf629aa1e99
Status: Image is up to date for microros/micro_ros_static_library_builder:humble
docker.io/microros/micro_ros_static_library_builder:humble
[sudo] password for kireiji: dos2unix: converting file /project/micro_ros_stm32cubemx_utils/microros_static_library_ide/library_generation/library_generation.sh to Unix format...
micro-ROS library found. Skipping...
Delete micro_ros_stm32cubemx_utils/microros_static_library_ide/libmicroros/ for rebuild.
 
arm-none-eabi-size  AMT212E-V_Micro-ROS_UART.elf 
   text	   data	    bss	    dec	    hex	filename
 110460	    488	  46184	 157132	  265cc	AMT212E-V_Micro-ROS_UART.elf
Finished building: default.size.stdout
 
00:24:56 **** Incremental Build of configuration Debug for project AMT212E-V_Micro-ROS_UART ****
make -j16 all 
echo "Kireiji_02" | sudo -S docker pull microros/micro_ros_static_library_builder:humble && echo "Kireiji_02" | sudo -S docker run --rm -v /home/kireiji/Documents/GitHub/CARVER/AMT212E-V/AMT212E-V/AMT212E-V_Micro-ROS/firmware/AMT212E-V_Micro-ROS_UART:/project --env MICROROS_LIBRARY_FOLDER=micro_ros_stm32cubemx_utils/microros_static_library_ide microros/micro_ros_static_library_builder:humble
humble: Pulling from microros/micro_ros_static_library_builder
Digest: sha256:83ab4e8ce95b2a62feb5dd270ad4460218d2d026a455ea32a5873cf629aa1e99
Status: Image is up to date for microros/micro_ros_static_library_builder:humble
docker.io/microros/micro_ros_static_library_builder:humble
[sudo] password for kireiji: dos2unix: converting file /project/micro_ros_stm32cubemx_utils/microros_static_library_ide/library_generation/library_generation.sh to Unix format...
micro-ROS library found. Skipping...
Delete micro_ros_stm32cubemx_utils/microros_static_library_ide/libmicroros/ for rebuild.
 
arm-none-eabi-gcc "../Core/Src/app_freertos.c" -mcpu=cortex-m4 -std=gnu11 -g3 -DDEBUG -DUSE_HAL_DRIVER -DSTM32G474xx -c -I../Core/Inc -I../micro_ros_stm32cubemx_utils/microros_static_library_ide/libmicroros/include -I../Drivers/STM32G4xx_HAL_Driver/Inc -I../Drivers/STM32G4xx_HAL_Driver/Inc/Legacy -I../Drivers/CMSIS/Device/ST/STM32G4xx/Include -I../Drivers/CMSIS/Include -I../Middlewares/Third_Party/FreeRTOS/Source/include -I../Middlewares/Third_Party/FreeRTOS/Source/CMSIS_RTOS_V2 -I../Middlewares/Third_Party/FreeRTOS/Source/portable/GCC/ARM_CM4F -O0 -ffunction-sections -fdata-sections -Wall -fstack-usage -fcyclomatic-complexity -MMD -MP -MF"Core/Src/app_freertos.d" -MT"Core/Src/app_freertos.o" --specs=nano.specs -mfpu=fpv4-sp-d16 -mfloat-abi=hard -mthumb -o "Core/Src/app_freertos.o"
arm-none-eabi-gcc -o "AMT212E-V_Micro-ROS_UART.elf" @"objects.list"  -lmicroros -mcpu=cortex-m4 -T"/home/kireiji/Documents/GitHub/CARVER/AMT212E-V/AMT212E-V/AMT212E-V_Micro-ROS/firmware/AMT212E-V_Micro-ROS_UART/STM32G474RETX_FLASH.ld" --specs=nosys.specs -Wl,-Map="AMT212E-V_Micro-ROS_UART.map" -Wl,--gc-sections -static -L../micro_ros_stm32cubemx_utils/microros_static_library_ide/libmicroros --specs=nano.specs -mfpu=fpv4-sp-d16 -mfloat-abi=hard -mthumb -Wl,--start-group -lc -lm -Wl,--end-group
/opt/st/stm32cubeide_1.16.1/plugins/com.st.stm32cube.ide.mcu.externaltools.gnu-tools-for-stm32.12.3.rel1.linux64_1.0.200.202406132123/tools/bin/../lib/gcc/arm-none-eabi/12.3.1/../../../../arm-none-eabi/bin/ld: /opt/st/stm32cubeide_1.16.1/plugins/com.st.stm32cube.ide.mcu.externaltools.gnu-tools-for-stm32.12.3.rel1.linux64_1.0.200.202406132123/tools/bin/../lib/gcc/arm-none-eabi/12.3.1/../../../../arm-none-eabi/lib/thumb/v7e-m+fp/hard/libc_nano.a(libc_a-gettimeofdayr.o): in function `_gettimeofday_r':
(.text._gettimeofday_r+0xe): warning: _gettimeofday is not implemented and will always fail
Finished building target: AMT212E-V_Micro-ROS_UART.elf
 
arm-none-eabi-size  AMT212E-V_Micro-ROS_UART.elf 
arm-none-eabi-objdump -h -S AMT212E-V_Micro-ROS_UART.elf  > "AMT212E-V_Micro-ROS_UART.list"
   text	   data	    bss	    dec	    hex	filename
 110460	    492	  46184	 157136	  265d0	AMT212E-V_Micro-ROS_UART.elf
Finished building: default.size.stdout
 
Finished building: AMT212E-V_Micro-ROS_UART.list
 
00:26:22 **** Incremental Build of configuration Debug for project AMT212E-V_Micro-ROS_UART ****
make -j16 all 
echo "Kireiji_02" | sudo -S docker pull microros/micro_ros_static_library_builder:humble && echo "Kireiji_02" | sudo -S docker run --rm -v /home/kireiji/Documents/GitHub/CARVER/AMT212E-V/AMT212E-V/AMT212E-V_Micro-ROS/firmware/AMT212E-V_Micro-ROS_UART:/project --env MICROROS_LIBRARY_FOLDER=micro_ros_stm32cubemx_utils/microros_static_library_ide microros/micro_ros_static_library_builder:humble
humble: Pulling from microros/micro_ros_static_library_builder
Digest: sha256:83ab4e8ce95b2a62feb5dd270ad4460218d2d026a455ea32a5873cf629aa1e99
Status: Image is up to date for microros/micro_ros_static_library_builder:humble
docker.io/microros/micro_ros_static_library_builder:humble
[sudo] password for kireiji: dos2unix: converting file /project/micro_ros_stm32cubemx_utils/microros_static_library_ide/library_generation/library_generation.sh to Unix format...
micro-ROS library found. Skipping...
Delete micro_ros_stm32cubemx_utils/microros_static_library_ide/libmicroros/ for rebuild.
 
arm-none-eabi-gcc "../Core/Src/app_freertos.c" -mcpu=cortex-m4 -std=gnu11 -g3 -DDEBUG -DUSE_HAL_DRIVER -DSTM32G474xx -c -I../Core/Inc -I../micro_ros_stm32cubemx_utils/microros_static_library_ide/libmicroros/include -I../Drivers/STM32G4xx_HAL_Driver/Inc -I../Drivers/STM32G4xx_HAL_Driver/Inc/Legacy -I../Drivers/CMSIS/Device/ST/STM32G4xx/Include -I../Drivers/CMSIS/Include -I../Middlewares/Third_Party/FreeRTOS/Source/include -I../Middlewares/Third_Party/FreeRTOS/Source/CMSIS_RTOS_V2 -I../Middlewares/Third_Party/FreeRTOS/Source/portable/GCC/ARM_CM4F -O0 -ffunction-sections -fdata-sections -Wall -fstack-usage -fcyclomatic-complexity -MMD -MP -MF"Core/Src/app_freertos.d" -MT"Core/Src/app_freertos.o" --specs=nano.specs -mfpu=fpv4-sp-d16 -mfloat-abi=hard -mthumb -o "Core/Src/app_freertos.o"
arm-none-eabi-gcc -o "AMT212E-V_Micro-ROS_UART.elf" @"objects.list"  -lmicroros -mcpu=cortex-m4 -T"/home/kireiji/Documents/GitHub/CARVER/AMT212E-V/AMT212E-V/AMT212E-V_Micro-ROS/firmware/AMT212E-V_Micro-ROS_UART/STM32G474RETX_FLASH.ld" --specs=nosys.specs -Wl,-Map="AMT212E-V_Micro-ROS_UART.map" -Wl,--gc-sections -static -L../micro_ros_stm32cubemx_utils/microros_static_library_ide/libmicroros --specs=nano.specs -mfpu=fpv4-sp-d16 -mfloat-abi=hard -mthumb -Wl,--start-group -lc -lm -Wl,--end-group
/opt/st/stm32cubeide_1.16.1/plugins/com.st.stm32cube.ide.mcu.externaltools.gnu-tools-for-stm32.12.3.rel1.linux64_1.0.200.202406132123/tools/bin/../lib/gcc/arm-none-eabi/12.3.1/../../../../arm-none-eabi/bin/ld: /opt/st/stm32cubeide_1.16.1/plugins/com.st.stm32cube.ide.mcu.externaltools.gnu-tools-for-stm32.12.3.rel1.linux64_1.0.200.202406132123/tools/bin/../lib/gcc/arm-none-eabi/12.3.1/../../../../arm-none-eabi/lib/thumb/v7e-m+fp/hard/libc_nano.a(libc_a-gettimeofdayr.o): in function `_gettimeofday_r':
(.text._gettimeofday_r+0xe): warning: _gettimeofday is not implemented and will always fail
Finished building target: AMT212E-V_Micro-ROS_UART.elf
 
arm-none-eabi-size  AMT212E-V_Micro-ROS_UART.elf 
arm-none-eabi-objdump -h -S AMT212E-V_Micro-ROS_UART.elf  > "AMT212E-V_Micro-ROS_UART.list"
   text	   data	    bss	    dec	    hex	filename
 110460	    488	  46184	 157132	  265cc	AMT212E-V_Micro-ROS_UART.elf
Finished building: default.size.stdout
 
Finished building: AMT212E-V_Micro-ROS_UART.list
 
00:27:14 **** Incremental Build of configuration Debug for project AMT212E-V_Micro-ROS_UART ****
make -j16 all 
echo "Kireiji_02" | sudo -S docker pull microros/micro_ros_static_library_builder:humble && echo "Kireiji_02" | sudo -S docker run --rm -v /home/kireiji/Documents/GitHub/CARVER/AMT212E-V/AMT212E-V/AMT212E-V_Micro-ROS/firmware/AMT212E-V_Micro-ROS_UART:/project --env MICROROS_LIBRARY_FOLDER=micro_ros_stm32cubemx_utils/microros_static_library_ide microros/micro_ros_static_library_builder:humble
humble: Pulling from microros/micro_ros_static_library_builder
Digest: sha256:83ab4e8ce95b2a62feb5dd270ad4460218d2d026a455ea32a5873cf629aa1e99
Status: Image is up to date for microros/micro_ros_static_library_builder:humble
docker.io/microros/micro_ros_static_library_builder:humble
[sudo] password for kireiji: dos2unix: converting file /project/micro_ros_stm32cubemx_utils/microros_static_library_ide/library_generation/library_generation.sh to Unix format...
micro-ROS library found. Skipping...
Delete micro_ros_stm32cubemx_utils/microros_static_library_ide/libmicroros/ for rebuild.
 
arm-none-eabi-gcc "../Core/Src/app_freertos.c" -mcpu=cortex-m4 -std=gnu11 -g3 -DDEBUG -DUSE_HAL_DRIVER -DSTM32G474xx -c -I../Core/Inc -I../micro_ros_stm32cubemx_utils/microros_static_library_ide/libmicroros/include -I../Drivers/STM32G4xx_HAL_Driver/Inc -I../Drivers/STM32G4xx_HAL_Driver/Inc/Legacy -I../Drivers/CMSIS/Device/ST/STM32G4xx/Include -I../Drivers/CMSIS/Include -I../Middlewares/Third_Party/FreeRTOS/Source/include -I../Middlewares/Third_Party/FreeRTOS/Source/CMSIS_RTOS_V2 -I../Middlewares/Third_Party/FreeRTOS/Source/portable/GCC/ARM_CM4F -O0 -ffunction-sections -fdata-sections -Wall -fstack-usage -fcyclomatic-complexity -MMD -MP -MF"Core/Src/app_freertos.d" -MT"Core/Src/app_freertos.o" --specs=nano.specs -mfpu=fpv4-sp-d16 -mfloat-abi=hard -mthumb -o "Core/Src/app_freertos.o"
arm-none-eabi-gcc -o "AMT212E-V_Micro-ROS_UART.elf" @"objects.list"  -lmicroros -mcpu=cortex-m4 -T"/home/kireiji/Documents/GitHub/CARVER/AMT212E-V/AMT212E-V/AMT212E-V_Micro-ROS/firmware/AMT212E-V_Micro-ROS_UART/STM32G474RETX_FLASH.ld" --specs=nosys.specs -Wl,-Map="AMT212E-V_Micro-ROS_UART.map" -Wl,--gc-sections -static -L../micro_ros_stm32cubemx_utils/microros_static_library_ide/libmicroros --specs=nano.specs -mfpu=fpv4-sp-d16 -mfloat-abi=hard -mthumb -Wl,--start-group -lc -lm -Wl,--end-group
/opt/st/stm32cubeide_1.16.1/plugins/com.st.stm32cube.ide.mcu.externaltools.gnu-tools-for-stm32.12.3.rel1.linux64_1.0.200.202406132123/tools/bin/../lib/gcc/arm-none-eabi/12.3.1/../../../../arm-none-eabi/bin/ld: /opt/st/stm32cubeide_1.16.1/plugins/com.st.stm32cube.ide.mcu.externaltools.gnu-tools-for-stm32.12.3.rel1.linux64_1.0.200.202406132123/tools/bin/../lib/gcc/arm-none-eabi/12.3.1/../../../../arm-none-eabi/lib/thumb/v7e-m+fp/hard/libc_nano.a(libc_a-gettimeofdayr.o): in function `_gettimeofday_r':
(.text._gettimeofday_r+0xe): warning: _gettimeofday is not implemented and will always fail
Finished building target: AMT212E-V_Micro-ROS_UART.elf
 
arm-none-eabi-size  AMT212E-V_Micro-ROS_UART.elf 
arm-none-eabi-objdump -h -S AMT212E-V_Micro-ROS_UART.elf  > "AMT212E-V_Micro-ROS_UART.list"
   text	   data	    bss	    dec	    hex	filename
 110332	    480	  46184	 156996	  26544	AMT212E-V_Micro-ROS_UART.elf
Finished building: default.size.stdout
 
Finished building: AMT212E-V_Micro-ROS_UART.list
 
00:30:51 **** Incremental Build of configuration Debug for project AMT212E-V_Micro-ROS_UART ****
make -j16 all 
echo "Kireiji_02" | sudo -S docker pull microros/micro_ros_static_library_builder:humble && echo "Kireiji_02" | sudo -S docker run --rm -v /home/kireiji/Documents/GitHub/CARVER/AMT212E-V/AMT212E-V/AMT212E-V_Micro-ROS/firmware/AMT212E-V_Micro-ROS_UART:/project --env MICROROS_LIBRARY_FOLDER=micro_ros_stm32cubemx_utils/microros_static_library_ide microros/micro_ros_static_library_builder:humble
humble: Pulling from microros/micro_ros_static_library_builder
Digest: sha256:83ab4e8ce95b2a62feb5dd270ad4460218d2d026a455ea32a5873cf629aa1e99
Status: Image is up to date for microros/micro_ros_static_library_builder:humble
docker.io/microros/micro_ros_static_library_builder:humble
[sudo] password for kireiji: dos2unix: converting file /project/micro_ros_stm32cubemx_utils/microros_static_library_ide/library_generation/library_generation.sh to Unix format...
micro-ROS library found. Skipping...
Delete micro_ros_stm32cubemx_utils/microros_static_library_ide/libmicroros/ for rebuild.
 
arm-none-eabi-gcc "../Core/Src/app_freertos.c" -mcpu=cortex-m4 -std=gnu11 -g3 -DDEBUG -DUSE_HAL_DRIVER -DSTM32G474xx -c -I../Core/Inc -I../micro_ros_stm32cubemx_utils/microros_static_library_ide/libmicroros/include -I../Drivers/STM32G4xx_HAL_Driver/Inc -I../Drivers/STM32G4xx_HAL_Driver/Inc/Legacy -I../Drivers/CMSIS/Device/ST/STM32G4xx/Include -I../Drivers/CMSIS/Include -I../Middlewares/Third_Party/FreeRTOS/Source/include -I../Middlewares/Third_Party/FreeRTOS/Source/CMSIS_RTOS_V2 -I../Middlewares/Third_Party/FreeRTOS/Source/portable/GCC/ARM_CM4F -O0 -ffunction-sections -fdata-sections -Wall -fstack-usage -fcyclomatic-complexity -MMD -MP -MF"Core/Src/app_freertos.d" -MT"Core/Src/app_freertos.o" --specs=nano.specs -mfpu=fpv4-sp-d16 -mfloat-abi=hard -mthumb -o "Core/Src/app_freertos.o"
arm-none-eabi-gcc -o "AMT212E-V_Micro-ROS_UART.elf" @"objects.list"  -lmicroros -mcpu=cortex-m4 -T"/home/kireiji/Documents/GitHub/CARVER/AMT212E-V/AMT212E-V/AMT212E-V_Micro-ROS/firmware/AMT212E-V_Micro-ROS_UART/STM32G474RETX_FLASH.ld" --specs=nosys.specs -Wl,-Map="AMT212E-V_Micro-ROS_UART.map" -Wl,--gc-sections -static -L../micro_ros_stm32cubemx_utils/microros_static_library_ide/libmicroros --specs=nano.specs -mfpu=fpv4-sp-d16 -mfloat-abi=hard -mthumb -Wl,--start-group -lc -lm -Wl,--end-group
/opt/st/stm32cubeide_1.16.1/plugins/com.st.stm32cube.ide.mcu.externaltools.gnu-tools-for-stm32.12.3.rel1.linux64_1.0.200.202406132123/tools/bin/../lib/gcc/arm-none-eabi/12.3.1/../../../../arm-none-eabi/bin/ld: /opt/st/stm32cubeide_1.16.1/plugins/com.st.stm32cube.ide.mcu.externaltools.gnu-tools-for-stm32.12.3.rel1.linux64_1.0.200.202406132123/tools/bin/../lib/gcc/arm-none-eabi/12.3.1/../../../../arm-none-eabi/lib/thumb/v7e-m+fp/hard/libc_nano.a(libc_a-gettimeofdayr.o): in function `_gettimeofday_r':
(.text._gettimeofday_r+0xe): warning: _gettimeofday is not implemented and will always fail
Finished building target: AMT212E-V_Micro-ROS_UART.elf
 
arm-none-eabi-size  AMT212E-V_Micro-ROS_UART.elf 
arm-none-eabi-objdump -h -S AMT212E-V_Micro-ROS_UART.elf  > "AMT212E-V_Micro-ROS_UART.list"
   text	   data	    bss	    dec	    hex	filename
 110444	    484	  46184	 157112	  265b8	AMT212E-V_Micro-ROS_UART.elf
Finished building: default.size.stdout
 
Finished building: AMT212E-V_Micro-ROS_UART.list
 
00:31:37 **** Incremental Build of configuration Debug for project AMT212E-V_Micro-ROS_UART ****
make -j16 all 
echo "Kireiji_02" | sudo -S docker pull microros/micro_ros_static_library_builder:humble && echo "Kireiji_02" | sudo -S docker run --rm -v /home/kireiji/Documents/GitHub/CARVER/AMT212E-V/AMT212E-V/AMT212E-V_Micro-ROS/firmware/AMT212E-V_Micro-ROS_UART:/project --env MICROROS_LIBRARY_FOLDER=micro_ros_stm32cubemx_utils/microros_static_library_ide microros/micro_ros_static_library_builder:humble
humble: Pulling from microros/micro_ros_static_library_builder
Digest: sha256:83ab4e8ce95b2a62feb5dd270ad4460218d2d026a455ea32a5873cf629aa1e99
Status: Image is up to date for microros/micro_ros_static_library_builder:humble
docker.io/microros/micro_ros_static_library_builder:humble
[sudo] password for kireiji: dos2unix: converting file /project/micro_ros_stm32cubemx_utils/microros_static_library_ide/library_generation/library_generation.sh to Unix format...
micro-ROS library found. Skipping...
Delete micro_ros_stm32cubemx_utils/microros_static_library_ide/libmicroros/ for rebuild.
 
arm-none-eabi-gcc "../Core/Src/app_freertos.c" -mcpu=cortex-m4 -std=gnu11 -g3 -DDEBUG -DUSE_HAL_DRIVER -DSTM32G474xx -c -I../Core/Inc -I../micro_ros_stm32cubemx_utils/microros_static_library_ide/libmicroros/include -I../Drivers/STM32G4xx_HAL_Driver/Inc -I../Drivers/STM32G4xx_HAL_Driver/Inc/Legacy -I../Drivers/CMSIS/Device/ST/STM32G4xx/Include -I../Drivers/CMSIS/Include -I../Middlewares/Third_Party/FreeRTOS/Source/include -I../Middlewares/Third_Party/FreeRTOS/Source/CMSIS_RTOS_V2 -I../Middlewares/Third_Party/FreeRTOS/Source/portable/GCC/ARM_CM4F -O0 -ffunction-sections -fdata-sections -Wall -fstack-usage -fcyclomatic-complexity -MMD -MP -MF"Core/Src/app_freertos.d" -MT"Core/Src/app_freertos.o" --specs=nano.specs -mfpu=fpv4-sp-d16 -mfloat-abi=hard -mthumb -o "Core/Src/app_freertos.o"
arm-none-eabi-gcc -o "AMT212E-V_Micro-ROS_UART.elf" @"objects.list"  -lmicroros -mcpu=cortex-m4 -T"/home/kireiji/Documents/GitHub/CARVER/AMT212E-V/AMT212E-V/AMT212E-V_Micro-ROS/firmware/AMT212E-V_Micro-ROS_UART/STM32G474RETX_FLASH.ld" --specs=nosys.specs -Wl,-Map="AMT212E-V_Micro-ROS_UART.map" -Wl,--gc-sections -static -L../micro_ros_stm32cubemx_utils/microros_static_library_ide/libmicroros --specs=nano.specs -mfpu=fpv4-sp-d16 -mfloat-abi=hard -mthumb -Wl,--start-group -lc -lm -Wl,--end-group
/opt/st/stm32cubeide_1.16.1/plugins/com.st.stm32cube.ide.mcu.externaltools.gnu-tools-for-stm32.12.3.rel1.linux64_1.0.200.202406132123/tools/bin/../lib/gcc/arm-none-eabi/12.3.1/../../../../arm-none-eabi/bin/ld: /opt/st/stm32cubeide_1.16.1/plugins/com.st.stm32cube.ide.mcu.externaltools.gnu-tools-for-stm32.12.3.rel1.linux64_1.0.200.202406132123/tools/bin/../lib/gcc/arm-none-eabi/12.3.1/../../../../arm-none-eabi/lib/thumb/v7e-m+fp/hard/libc_nano.a(libc_a-gettimeofdayr.o): in function `_gettimeofday_r':
(.text._gettimeofday_r+0xe): warning: _gettimeofday is not implemented and will always fail
Finished building target: AMT212E-V_Micro-ROS_UART.elf
 
arm-none-eabi-size  AMT212E-V_Micro-ROS_UART.elf 
arm-none-eabi-objdump -h -S AMT212E-V_Micro-ROS_UART.elf  > "AMT212E-V_Micro-ROS_UART.list"
   text	   data	    bss	    dec	    hex	filename
 110444	    484	  46184	 157112	  265b8	AMT212E-V_Micro-ROS_UART.elf
Finished building: default.size.stdout
 
Finished building: AMT212E-V_Micro-ROS_UART.list
 
00:32:45 **** Incremental Build of configuration Debug for project AMT212E-V_Micro-ROS_UART ****
make -j16 all 
echo "Kireiji_02" | sudo -S docker pull microros/micro_ros_static_library_builder:humble && echo "Kireiji_02" | sudo -S docker run --rm -v /home/kireiji/Documents/GitHub/CARVER/AMT212E-V/AMT212E-V/AMT212E-V_Micro-ROS/firmware/AMT212E-V_Micro-ROS_UART:/project --env MICROROS_LIBRARY_FOLDER=micro_ros_stm32cubemx_utils/microros_static_library_ide microros/micro_ros_static_library_builder:humble
humble: Pulling from microros/micro_ros_static_library_builder
Digest: sha256:83ab4e8ce95b2a62feb5dd270ad4460218d2d026a455ea32a5873cf629aa1e99
Status: Image is up to date for microros/micro_ros_static_library_builder:humble
docker.io/microros/micro_ros_static_library_builder:humble
[sudo] password for kireiji: dos2unix: converting file /project/micro_ros_stm32cubemx_utils/microros_static_library_ide/library_generation/library_generation.sh to Unix format...
micro-ROS library found. Skipping...
Delete micro_ros_stm32cubemx_utils/microros_static_library_ide/libmicroros/ for rebuild.
 
arm-none-eabi-gcc "../Core/Src/app_freertos.c" -mcpu=cortex-m4 -std=gnu11 -g3 -DDEBUG -DUSE_HAL_DRIVER -DSTM32G474xx -c -I../Core/Inc -I../micro_ros_stm32cubemx_utils/microros_static_library_ide/libmicroros/include -I../Drivers/STM32G4xx_HAL_Driver/Inc -I../Drivers/STM32G4xx_HAL_Driver/Inc/Legacy -I../Drivers/CMSIS/Device/ST/STM32G4xx/Include -I../Drivers/CMSIS/Include -I../Middlewares/Third_Party/FreeRTOS/Source/include -I../Middlewares/Third_Party/FreeRTOS/Source/CMSIS_RTOS_V2 -I../Middlewares/Third_Party/FreeRTOS/Source/portable/GCC/ARM_CM4F -O0 -ffunction-sections -fdata-sections -Wall -fstack-usage -fcyclomatic-complexity -MMD -MP -MF"Core/Src/app_freertos.d" -MT"Core/Src/app_freertos.o" --specs=nano.specs -mfpu=fpv4-sp-d16 -mfloat-abi=hard -mthumb -o "Core/Src/app_freertos.o"
arm-none-eabi-gcc -o "AMT212E-V_Micro-ROS_UART.elf" @"objects.list"  -lmicroros -mcpu=cortex-m4 -T"/home/kireiji/Documents/GitHub/CARVER/AMT212E-V/AMT212E-V/AMT212E-V_Micro-ROS/firmware/AMT212E-V_Micro-ROS_UART/STM32G474RETX_FLASH.ld" --specs=nosys.specs -Wl,-Map="AMT212E-V_Micro-ROS_UART.map" -Wl,--gc-sections -static -L../micro_ros_stm32cubemx_utils/microros_static_library_ide/libmicroros --specs=nano.specs -mfpu=fpv4-sp-d16 -mfloat-abi=hard -mthumb -Wl,--start-group -lc -lm -Wl,--end-group
/opt/st/stm32cubeide_1.16.1/plugins/com.st.stm32cube.ide.mcu.externaltools.gnu-tools-for-stm32.12.3.rel1.linux64_1.0.200.202406132123/tools/bin/../lib/gcc/arm-none-eabi/12.3.1/../../../../arm-none-eabi/bin/ld: /opt/st/stm32cubeide_1.16.1/plugins/com.st.stm32cube.ide.mcu.externaltools.gnu-tools-for-stm32.12.3.rel1.linux64_1.0.200.202406132123/tools/bin/../lib/gcc/arm-none-eabi/12.3.1/../../../../arm-none-eabi/lib/thumb/v7e-m+fp/hard/libc_nano.a(libc_a-gettimeofdayr.o): in function `_gettimeofday_r':
(.text._gettimeofday_r+0xe): warning: _gettimeofday is not implemented and will always fail
Finished building target: AMT212E-V_Micro-ROS_UART.elf
 
arm-none-eabi-size  AMT212E-V_Micro-ROS_UART.elf 
arm-none-eabi-objdump -h -S AMT212E-V_Micro-ROS_UART.elf  > "AMT212E-V_Micro-ROS_UART.list"
   text	   data	    bss	    dec	    hex	filename
 110444	    484	  46184	 157112	  265b8	AMT212E-V_Micro-ROS_UART.elf
Finished building: default.size.stdout
 
Finished building: AMT212E-V_Micro-ROS_UART.list
 
00:33:25 **** Incremental Build of configuration Debug for project AMT212E-V_Micro-ROS_UART ****
make -j16 all 
echo "Kireiji_02" | sudo -S docker pull microros/micro_ros_static_library_builder:humble && echo "Kireiji_02" | sudo -S docker run --rm -v /home/kireiji/Documents/GitHub/CARVER/AMT212E-V/AMT212E-V/AMT212E-V_Micro-ROS/firmware/AMT212E-V_Micro-ROS_UART:/project --env MICROROS_LIBRARY_FOLDER=micro_ros_stm32cubemx_utils/microros_static_library_ide microros/micro_ros_static_library_builder:humble
humble: Pulling from microros/micro_ros_static_library_builder
Digest: sha256:83ab4e8ce95b2a62feb5dd270ad4460218d2d026a455ea32a5873cf629aa1e99
Status: Image is up to date for microros/micro_ros_static_library_builder:humble
docker.io/microros/micro_ros_static_library_builder:humble
[sudo] password for kireiji: dos2unix: converting file /project/micro_ros_stm32cubemx_utils/microros_static_library_ide/library_generation/library_generation.sh to Unix format...
micro-ROS library found. Skipping...
Delete micro_ros_stm32cubemx_utils/microros_static_library_ide/libmicroros/ for rebuild.
 
arm-none-eabi-gcc "../Core/Src/app_freertos.c" -mcpu=cortex-m4 -std=gnu11 -g3 -DDEBUG -DUSE_HAL_DRIVER -DSTM32G474xx -c -I../Core/Inc -I../micro_ros_stm32cubemx_utils/microros_static_library_ide/libmicroros/include -I../Drivers/STM32G4xx_HAL_Driver/Inc -I../Drivers/STM32G4xx_HAL_Driver/Inc/Legacy -I../Drivers/CMSIS/Device/ST/STM32G4xx/Include -I../Drivers/CMSIS/Include -I../Middlewares/Third_Party/FreeRTOS/Source/include -I../Middlewares/Third_Party/FreeRTOS/Source/CMSIS_RTOS_V2 -I../Middlewares/Third_Party/FreeRTOS/Source/portable/GCC/ARM_CM4F -O0 -ffunction-sections -fdata-sections -Wall -fstack-usage -fcyclomatic-complexity -MMD -MP -MF"Core/Src/app_freertos.d" -MT"Core/Src/app_freertos.o" --specs=nano.specs -mfpu=fpv4-sp-d16 -mfloat-abi=hard -mthumb -o "Core/Src/app_freertos.o"
arm-none-eabi-gcc -o "AMT212E-V_Micro-ROS_UART.elf" @"objects.list"  -lmicroros -mcpu=cortex-m4 -T"/home/kireiji/Documents/GitHub/CARVER/AMT212E-V/AMT212E-V/AMT212E-V_Micro-ROS/firmware/AMT212E-V_Micro-ROS_UART/STM32G474RETX_FLASH.ld" --specs=nosys.specs -Wl,-Map="AMT212E-V_Micro-ROS_UART.map" -Wl,--gc-sections -static -L../micro_ros_stm32cubemx_utils/microros_static_library_ide/libmicroros --specs=nano.specs -mfpu=fpv4-sp-d16 -mfloat-abi=hard -mthumb -Wl,--start-group -lc -lm -Wl,--end-group
/opt/st/stm32cubeide_1.16.1/plugins/com.st.stm32cube.ide.mcu.externaltools.gnu-tools-for-stm32.12.3.rel1.linux64_1.0.200.202406132123/tools/bin/../lib/gcc/arm-none-eabi/12.3.1/../../../../arm-none-eabi/bin/ld: /opt/st/stm32cubeide_1.16.1/plugins/com.st.stm32cube.ide.mcu.externaltools.gnu-tools-for-stm32.12.3.rel1.linux64_1.0.200.202406132123/tools/bin/../lib/gcc/arm-none-eabi/12.3.1/../../../../arm-none-eabi/lib/thumb/v7e-m+fp/hard/libc_nano.a(libc_a-gettimeofdayr.o): in function `_gettimeofday_r':
(.text._gettimeofday_r+0xe): warning: _gettimeofday is not implemented and will always fail
Finished building target: AMT212E-V_Micro-ROS_UART.elf
 
arm-none-eabi-size  AMT212E-V_Micro-ROS_UART.elf 
arm-none-eabi-objdump -h -S AMT212E-V_Micro-ROS_UART.elf  > "AMT212E-V_Micro-ROS_UART.list"
   text	   data	    bss	    dec	    hex	filename
 110444	    484	  46184	 157112	  265b8	AMT212E-V_Micro-ROS_UART.elf
Finished building: default.size.stdout
 
Finished building: AMT212E-V_Micro-ROS_UART.list
 
00:34:41 **** Incremental Build of configuration Debug for project AMT212E-V_Micro-ROS_UART ****
make -j16 all 
echo "Kireiji_02" | sudo -S docker pull microros/micro_ros_static_library_builder:humble && echo "Kireiji_02" | sudo -S docker run --rm -v /home/kireiji/Documents/GitHub/CARVER/AMT212E-V/AMT212E-V/AMT212E-V_Micro-ROS/firmware/AMT212E-V_Micro-ROS_UART:/project --env MICROROS_LIBRARY_FOLDER=micro_ros_stm32cubemx_utils/microros_static_library_ide microros/micro_ros_static_library_builder:humble
humble: Pulling from microros/micro_ros_static_library_builder
Digest: sha256:83ab4e8ce95b2a62feb5dd270ad4460218d2d026a455ea32a5873cf629aa1e99
Status: Image is up to date for microros/micro_ros_static_library_builder:humble
docker.io/microros/micro_ros_static_library_builder:humble
[sudo] password for kireiji: dos2unix: converting file /project/micro_ros_stm32cubemx_utils/microros_static_library_ide/library_generation/library_generation.sh to Unix format...
micro-ROS library found. Skipping...
Delete micro_ros_stm32cubemx_utils/microros_static_library_ide/libmicroros/ for rebuild.
 
arm-none-eabi-gcc "../Core/Src/app_freertos.c" -mcpu=cortex-m4 -std=gnu11 -g3 -DDEBUG -DUSE_HAL_DRIVER -DSTM32G474xx -c -I../Core/Inc -I../micro_ros_stm32cubemx_utils/microros_static_library_ide/libmicroros/include -I../Drivers/STM32G4xx_HAL_Driver/Inc -I../Drivers/STM32G4xx_HAL_Driver/Inc/Legacy -I../Drivers/CMSIS/Device/ST/STM32G4xx/Include -I../Drivers/CMSIS/Include -I../Middlewares/Third_Party/FreeRTOS/Source/include -I../Middlewares/Third_Party/FreeRTOS/Source/CMSIS_RTOS_V2 -I../Middlewares/Third_Party/FreeRTOS/Source/portable/GCC/ARM_CM4F -O0 -ffunction-sections -fdata-sections -Wall -fstack-usage -fcyclomatic-complexity -MMD -MP -MF"Core/Src/app_freertos.d" -MT"Core/Src/app_freertos.o" --specs=nano.specs -mfpu=fpv4-sp-d16 -mfloat-abi=hard -mthumb -o "Core/Src/app_freertos.o"
arm-none-eabi-gcc -o "AMT212E-V_Micro-ROS_UART.elf" @"objects.list"  -lmicroros -mcpu=cortex-m4 -T"/home/kireiji/Documents/GitHub/CARVER/AMT212E-V/AMT212E-V/AMT212E-V_Micro-ROS/firmware/AMT212E-V_Micro-ROS_UART/STM32G474RETX_FLASH.ld" --specs=nosys.specs -Wl,-Map="AMT212E-V_Micro-ROS_UART.map" -Wl,--gc-sections -static -L../micro_ros_stm32cubemx_utils/microros_static_library_ide/libmicroros --specs=nano.specs -mfpu=fpv4-sp-d16 -mfloat-abi=hard -mthumb -Wl,--start-group -lc -lm -Wl,--end-group
/opt/st/stm32cubeide_1.16.1/plugins/com.st.stm32cube.ide.mcu.externaltools.gnu-tools-for-stm32.12.3.rel1.linux64_1.0.200.202406132123/tools/bin/../lib/gcc/arm-none-eabi/12.3.1/../../../../arm-none-eabi/bin/ld: /opt/st/stm32cubeide_1.16.1/plugins/com.st.stm32cube.ide.mcu.externaltools.gnu-tools-for-stm32.12.3.rel1.linux64_1.0.200.202406132123/tools/bin/../lib/gcc/arm-none-eabi/12.3.1/../../../../arm-none-eabi/lib/thumb/v7e-m+fp/hard/libc_nano.a(libc_a-gettimeofdayr.o): in function `_gettimeofday_r':
(.text._gettimeofday_r+0xe): warning: _gettimeofday is not implemented and will always fail
Finished building target: AMT212E-V_Micro-ROS_UART.elf
 
arm-none-eabi-size  AMT212E-V_Micro-ROS_UART.elf 
arm-none-eabi-objdump -h -S AMT212E-V_Micro-ROS_UART.elf  > "AMT212E-V_Micro-ROS_UART.list"
   text	   data	    bss	    dec	    hex	filename
 110444	    484	  46184	 157112	  265b8	AMT212E-V_Micro-ROS_UART.elf
Finished building: default.size.stdout
 
Finished building: AMT212E-V_Micro-ROS_UART.list
 
00:35:34 **** Incremental Build of configuration Debug for project AMT212E-V_Micro-ROS_UART ****
make -j16 all 
echo "Kireiji_02" | sudo -S docker pull microros/micro_ros_static_library_builder:humble && echo "Kireiji_02" | sudo -S docker run --rm -v /home/kireiji/Documents/GitHub/CARVER/AMT212E-V/AMT212E-V/AMT212E-V_Micro-ROS/firmware/AMT212E-V_Micro-ROS_UART:/project --env MICROROS_LIBRARY_FOLDER=micro_ros_stm32cubemx_utils/microros_static_library_ide microros/micro_ros_static_library_builder:humble
humble: Pulling from microros/micro_ros_static_library_builder
Digest: sha256:83ab4e8ce95b2a62feb5dd270ad4460218d2d026a455ea32a5873cf629aa1e99
Status: Image is up to date for microros/micro_ros_static_library_builder:humble
docker.io/microros/micro_ros_static_library_builder:humble
[sudo] password for kireiji: dos2unix: converting file /project/micro_ros_stm32cubemx_utils/microros_static_library_ide/library_generation/library_generation.sh to Unix format...
micro-ROS library found. Skipping...
Delete micro_ros_stm32cubemx_utils/microros_static_library_ide/libmicroros/ for rebuild.
 
arm-none-eabi-gcc "../Core/Src/app_freertos.c" -mcpu=cortex-m4 -std=gnu11 -g3 -DDEBUG -DUSE_HAL_DRIVER -DSTM32G474xx -c -I../Core/Inc -I../micro_ros_stm32cubemx_utils/microros_static_library_ide/libmicroros/include -I../Drivers/STM32G4xx_HAL_Driver/Inc -I../Drivers/STM32G4xx_HAL_Driver/Inc/Legacy -I../Drivers/CMSIS/Device/ST/STM32G4xx/Include -I../Drivers/CMSIS/Include -I../Middlewares/Third_Party/FreeRTOS/Source/include -I../Middlewares/Third_Party/FreeRTOS/Source/CMSIS_RTOS_V2 -I../Middlewares/Third_Party/FreeRTOS/Source/portable/GCC/ARM_CM4F -O0 -ffunction-sections -fdata-sections -Wall -fstack-usage -fcyclomatic-complexity -MMD -MP -MF"Core/Src/app_freertos.d" -MT"Core/Src/app_freertos.o" --specs=nano.specs -mfpu=fpv4-sp-d16 -mfloat-abi=hard -mthumb -o "Core/Src/app_freertos.o"
arm-none-eabi-gcc -o "AMT212E-V_Micro-ROS_UART.elf" @"objects.list"  -lmicroros -mcpu=cortex-m4 -T"/home/kireiji/Documents/GitHub/CARVER/AMT212E-V/AMT212E-V/AMT212E-V_Micro-ROS/firmware/AMT212E-V_Micro-ROS_UART/STM32G474RETX_FLASH.ld" --specs=nosys.specs -Wl,-Map="AMT212E-V_Micro-ROS_UART.map" -Wl,--gc-sections -static -L../micro_ros_stm32cubemx_utils/microros_static_library_ide/libmicroros --specs=nano.specs -mfpu=fpv4-sp-d16 -mfloat-abi=hard -mthumb -Wl,--start-group -lc -lm -Wl,--end-group
/opt/st/stm32cubeide_1.16.1/plugins/com.st.stm32cube.ide.mcu.externaltools.gnu-tools-for-stm32.12.3.rel1.linux64_1.0.200.202406132123/tools/bin/../lib/gcc/arm-none-eabi/12.3.1/../../../../arm-none-eabi/bin/ld: /opt/st/stm32cubeide_1.16.1/plugins/com.st.stm32cube.ide.mcu.externaltools.gnu-tools-for-stm32.12.3.rel1.linux64_1.0.200.202406132123/tools/bin/../lib/gcc/arm-none-eabi/12.3.1/../../../../arm-none-eabi/lib/thumb/v7e-m+fp/hard/libc_nano.a(libc_a-gettimeofdayr.o): in function `_gettimeofday_r':
(.text._gettimeofday_r+0xe): warning: _gettimeofday is not implemented and will always fail
Finished building target: AMT212E-V_Micro-ROS_UART.elf
 
arm-none-eabi-size  AMT212E-V_Micro-ROS_UART.elf 
arm-none-eabi-objdump -h -S AMT212E-V_Micro-ROS_UART.elf  > "AMT212E-V_Micro-ROS_UART.list"
   text	   data	    bss	    dec	    hex	filename
 110444	    484	  46184	 157112	  265b8	AMT212E-V_Micro-ROS_UART.elf
Finished building: default.size.stdout
 
Finished building: AMT212E-V_Micro-ROS_UART.list
 
00:36:27 **** Incremental Build of configuration Debug for project AMT212E-V_Micro-ROS_UART ****
make -j16 all 
echo "Kireiji_02" | sudo -S docker pull microros/micro_ros_static_library_builder:humble && echo "Kireiji_02" | sudo -S docker run --rm -v /home/kireiji/Documents/GitHub/CARVER/AMT212E-V/AMT212E-V/AMT212E-V_Micro-ROS/firmware/AMT212E-V_Micro-ROS_UART:/project --env MICROROS_LIBRARY_FOLDER=micro_ros_stm32cubemx_utils/microros_static_library_ide microros/micro_ros_static_library_builder:humble
humble: Pulling from microros/micro_ros_static_library_builder
Digest: sha256:83ab4e8ce95b2a62feb5dd270ad4460218d2d026a455ea32a5873cf629aa1e99
Status: Image is up to date for microros/micro_ros_static_library_builder:humble
docker.io/microros/micro_ros_static_library_builder:humble
[sudo] password for kireiji: dos2unix: converting file /project/micro_ros_stm32cubemx_utils/microros_static_library_ide/library_generation/library_generation.sh to Unix format...
micro-ROS library found. Skipping...
Delete micro_ros_stm32cubemx_utils/microros_static_library_ide/libmicroros/ for rebuild.
 
arm-none-eabi-gcc "../Core/Src/app_freertos.c" -mcpu=cortex-m4 -std=gnu11 -g3 -DDEBUG -DUSE_HAL_DRIVER -DSTM32G474xx -c -I../Core/Inc -I../micro_ros_stm32cubemx_utils/microros_static_library_ide/libmicroros/include -I../Drivers/STM32G4xx_HAL_Driver/Inc -I../Drivers/STM32G4xx_HAL_Driver/Inc/Legacy -I../Drivers/CMSIS/Device/ST/STM32G4xx/Include -I../Drivers/CMSIS/Include -I../Middlewares/Third_Party/FreeRTOS/Source/include -I../Middlewares/Third_Party/FreeRTOS/Source/CMSIS_RTOS_V2 -I../Middlewares/Third_Party/FreeRTOS/Source/portable/GCC/ARM_CM4F -O0 -ffunction-sections -fdata-sections -Wall -fstack-usage -fcyclomatic-complexity -MMD -MP -MF"Core/Src/app_freertos.d" -MT"Core/Src/app_freertos.o" --specs=nano.specs -mfpu=fpv4-sp-d16 -mfloat-abi=hard -mthumb -o "Core/Src/app_freertos.o"
arm-none-eabi-gcc -o "AMT212E-V_Micro-ROS_UART.elf" @"objects.list"  -lmicroros -mcpu=cortex-m4 -T"/home/kireiji/Documents/GitHub/CARVER/AMT212E-V/AMT212E-V/AMT212E-V_Micro-ROS/firmware/AMT212E-V_Micro-ROS_UART/STM32G474RETX_FLASH.ld" --specs=nosys.specs -Wl,-Map="AMT212E-V_Micro-ROS_UART.map" -Wl,--gc-sections -static -L../micro_ros_stm32cubemx_utils/microros_static_library_ide/libmicroros --specs=nano.specs -mfpu=fpv4-sp-d16 -mfloat-abi=hard -mthumb -Wl,--start-group -lc -lm -Wl,--end-group
/opt/st/stm32cubeide_1.16.1/plugins/com.st.stm32cube.ide.mcu.externaltools.gnu-tools-for-stm32.12.3.rel1.linux64_1.0.200.202406132123/tools/bin/../lib/gcc/arm-none-eabi/12.3.1/../../../../arm-none-eabi/bin/ld: /opt/st/stm32cubeide_1.16.1/plugins/com.st.stm32cube.ide.mcu.externaltools.gnu-tools-for-stm32.12.3.rel1.linux64_1.0.200.202406132123/tools/bin/../lib/gcc/arm-none-eabi/12.3.1/../../../../arm-none-eabi/lib/thumb/v7e-m+fp/hard/libc_nano.a(libc_a-gettimeofdayr.o): in function `_gettimeofday_r':
(.text._gettimeofday_r+0xe): warning: _gettimeofday is not implemented and will always fail
Finished building target: AMT212E-V_Micro-ROS_UART.elf
 
arm-none-eabi-size  AMT212E-V_Micro-ROS_UART.elf 
arm-none-eabi-objdump -h -S AMT212E-V_Micro-ROS_UART.elf  > "AMT212E-V_Micro-ROS_UART.list"
   text	   data	    bss	    dec	    hex	filename
 110444	    488	  46184	 157116	  265bc	AMT212E-V_Micro-ROS_UART.elf
Finished building: default.size.stdout
 
Finished building: AMT212E-V_Micro-ROS_UART.list
 
00:36:50 **** Incremental Build of configuration Debug for project AMT212E-V_Micro-ROS_UART ****
make -j16 all 
echo "Kireiji_02" | sudo -S docker pull microros/micro_ros_static_library_builder:humble && echo "Kireiji_02" | sudo -S docker run --rm -v /home/kireiji/Documents/GitHub/CARVER/AMT212E-V/AMT212E-V/AMT212E-V_Micro-ROS/firmware/AMT212E-V_Micro-ROS_UART:/project --env MICROROS_LIBRARY_FOLDER=micro_ros_stm32cubemx_utils/microros_static_library_ide microros/micro_ros_static_library_builder:humble
humble: Pulling from microros/micro_ros_static_library_builder
Digest: sha256:83ab4e8ce95b2a62feb5dd270ad4460218d2d026a455ea32a5873cf629aa1e99
Status: Image is up to date for microros/micro_ros_static_library_builder:humble
docker.io/microros/micro_ros_static_library_builder:humble
[sudo] password for kireiji: dos2unix: converting file /project/micro_ros_stm32cubemx_utils/microros_static_library_ide/library_generation/library_generation.sh to Unix format...
micro-ROS library found. Skipping...
Delete micro_ros_stm32cubemx_utils/microros_static_library_ide/libmicroros/ for rebuild.
 
arm-none-eabi-gcc "../Core/Src/app_freertos.c" -mcpu=cortex-m4 -std=gnu11 -g3 -DDEBUG -DUSE_HAL_DRIVER -DSTM32G474xx -c -I../Core/Inc -I../micro_ros_stm32cubemx_utils/microros_static_library_ide/libmicroros/include -I../Drivers/STM32G4xx_HAL_Driver/Inc -I../Drivers/STM32G4xx_HAL_Driver/Inc/Legacy -I../Drivers/CMSIS/Device/ST/STM32G4xx/Include -I../Drivers/CMSIS/Include -I../Middlewares/Third_Party/FreeRTOS/Source/include -I../Middlewares/Third_Party/FreeRTOS/Source/CMSIS_RTOS_V2 -I../Middlewares/Third_Party/FreeRTOS/Source/portable/GCC/ARM_CM4F -O0 -ffunction-sections -fdata-sections -Wall -fstack-usage -fcyclomatic-complexity -MMD -MP -MF"Core/Src/app_freertos.d" -MT"Core/Src/app_freertos.o" --specs=nano.specs -mfpu=fpv4-sp-d16 -mfloat-abi=hard -mthumb -o "Core/Src/app_freertos.o"
arm-none-eabi-gcc -o "AMT212E-V_Micro-ROS_UART.elf" @"objects.list"  -lmicroros -mcpu=cortex-m4 -T"/home/kireiji/Documents/GitHub/CARVER/AMT212E-V/AMT212E-V/AMT212E-V_Micro-ROS/firmware/AMT212E-V_Micro-ROS_UART/STM32G474RETX_FLASH.ld" --specs=nosys.specs -Wl,-Map="AMT212E-V_Micro-ROS_UART.map" -Wl,--gc-sections -static -L../micro_ros_stm32cubemx_utils/microros_static_library_ide/libmicroros --specs=nano.specs -mfpu=fpv4-sp-d16 -mfloat-abi=hard -mthumb -Wl,--start-group -lc -lm -Wl,--end-group
/opt/st/stm32cubeide_1.16.1/plugins/com.st.stm32cube.ide.mcu.externaltools.gnu-tools-for-stm32.12.3.rel1.linux64_1.0.200.202406132123/tools/bin/../lib/gcc/arm-none-eabi/12.3.1/../../../../arm-none-eabi/bin/ld: /opt/st/stm32cubeide_1.16.1/plugins/com.st.stm32cube.ide.mcu.externaltools.gnu-tools-for-stm32.12.3.rel1.linux64_1.0.200.202406132123/tools/bin/../lib/gcc/arm-none-eabi/12.3.1/../../../../arm-none-eabi/lib/thumb/v7e-m+fp/hard/libc_nano.a(libc_a-gettimeofdayr.o): in function `_gettimeofday_r':
(.text._gettimeofday_r+0xe): warning: _gettimeofday is not implemented and will always fail
Finished building target: AMT212E-V_Micro-ROS_UART.elf
 
arm-none-eabi-size  AMT212E-V_Micro-ROS_UART.elf 
arm-none-eabi-objdump -h -S AMT212E-V_Micro-ROS_UART.elf  > "AMT212E-V_Micro-ROS_UART.list"
   text	   data	    bss	    dec	    hex	filename
 110444	    484	  46184	 157112	  265b8	AMT212E-V_Micro-ROS_UART.elf
Finished building: default.size.stdout
 
Finished building: AMT212E-V_Micro-ROS_UART.list
 
14:19:38 **** Incremental Build of configuration Debug for project AMT212E-V_Micro-ROS_UART ****
make -j16 all 
echo "Kireiji_02" | sudo -S docker pull microros/micro_ros_static_library_builder:humble && echo "Kireiji_02" | sudo -S docker run --rm -v /home/kireiji/Documents/GitHub/CARVER/AMT212E-V/AMT212E-V/AMT212E-V_Micro-ROS/firmware/AMT212E-V_Micro-ROS_UART:/project --env MICROROS_LIBRARY_FOLDER=micro_ros_stm32cubemx_utils/microros_static_library_ide microros/micro_ros_static_library_builder:humble
humble: Pulling from microros/micro_ros_static_library_builder
Digest: sha256:83ab4e8ce95b2a62feb5dd270ad4460218d2d026a455ea32a5873cf629aa1e99
Status: Image is up to date for microros/micro_ros_static_library_builder:humble
docker.io/microros/micro_ros_static_library_builder:humble
[sudo] password for kireiji: dos2unix: converting file /project/micro_ros_stm32cubemx_utils/microros_static_library_ide/library_generation/library_generation.sh to Unix format...
micro-ROS library found. Skipping...
Delete micro_ros_stm32cubemx_utils/microros_static_library_ide/libmicroros/ for rebuild.
 
arm-none-eabi-gcc "../Core/Src/app_freertos.c" -mcpu=cortex-m4 -std=gnu11 -g3 -DDEBUG -DUSE_HAL_DRIVER -DSTM32G474xx -c -I../Core/Inc -I../micro_ros_stm32cubemx_utils/microros_static_library_ide/libmicroros/include -I../Drivers/STM32G4xx_HAL_Driver/Inc -I../Drivers/STM32G4xx_HAL_Driver/Inc/Legacy -I../Drivers/CMSIS/Device/ST/STM32G4xx/Include -I../Drivers/CMSIS/Include -I../Middlewares/Third_Party/FreeRTOS/Source/include -I../Middlewares/Third_Party/FreeRTOS/Source/CMSIS_RTOS_V2 -I../Middlewares/Third_Party/FreeRTOS/Source/portable/GCC/ARM_CM4F -O0 -ffunction-sections -fdata-sections -Wall -fstack-usage -fcyclomatic-complexity -MMD -MP -MF"Core/Src/app_freertos.d" -MT"Core/Src/app_freertos.o" --specs=nano.specs -mfpu=fpv4-sp-d16 -mfloat-abi=hard -mthumb -o "Core/Src/app_freertos.o"
arm-none-eabi-gcc -o "AMT212E-V_Micro-ROS_UART.elf" @"objects.list"  -lmicroros -mcpu=cortex-m4 -T"/home/kireiji/Documents/GitHub/CARVER/AMT212E-V/AMT212E-V/AMT212E-V_Micro-ROS/firmware/AMT212E-V_Micro-ROS_UART/STM32G474RETX_FLASH.ld" --specs=nosys.specs -Wl,-Map="AMT212E-V_Micro-ROS_UART.map" -Wl,--gc-sections -static -L../micro_ros_stm32cubemx_utils/microros_static_library_ide/libmicroros --specs=nano.specs -mfpu=fpv4-sp-d16 -mfloat-abi=hard -mthumb -Wl,--start-group -lc -lm -Wl,--end-group
/opt/st/stm32cubeide_1.16.1/plugins/com.st.stm32cube.ide.mcu.externaltools.gnu-tools-for-stm32.12.3.rel1.linux64_1.0.200.202406132123/tools/bin/../lib/gcc/arm-none-eabi/12.3.1/../../../../arm-none-eabi/bin/ld: /opt/st/stm32cubeide_1.16.1/plugins/com.st.stm32cube.ide.mcu.externaltools.gnu-tools-for-stm32.12.3.rel1.linux64_1.0.200.202406132123/tools/bin/../lib/gcc/arm-none-eabi/12.3.1/../../../../arm-none-eabi/lib/thumb/v7e-m+fp/hard/libc_nano.a(libc_a-gettimeofdayr.o): in function `_gettimeofday_r':
(.text._gettimeofday_r+0xe): warning: _gettimeofday is not implemented and will always fail
Finished building target: AMT212E-V_Micro-ROS_UART.elf
 
arm-none-eabi-size  AMT212E-V_Micro-ROS_UART.elf 
arm-none-eabi-objdump -h -S AMT212E-V_Micro-ROS_UART.elf  > "AMT212E-V_Micro-ROS_UART.list"
   text	   data	    bss	    dec	    hex	filename
 110444	    480	  46192	 157116	  265bc	AMT212E-V_Micro-ROS_UART.elf
Finished building: default.size.stdout
 
Finished building: AMT212E-V_Micro-ROS_UART.list
 
14:21:24 **** Incremental Build of configuration Debug for project AMT212E-V_Micro-ROS_UART ****
make -j16 all 
echo "Kireiji_02" | sudo -S docker pull microros/micro_ros_static_library_builder:humble && echo "Kireiji_02" | sudo -S docker run --rm -v /home/kireiji/Documents/GitHub/CARVER/AMT212E-V/AMT212E-V/AMT212E-V_Micro-ROS/firmware/AMT212E-V_Micro-ROS_UART:/project --env MICROROS_LIBRARY_FOLDER=micro_ros_stm32cubemx_utils/microros_static_library_ide microros/micro_ros_static_library_builder:humble
humble: Pulling from microros/micro_ros_static_library_builder
Digest: sha256:83ab4e8ce95b2a62feb5dd270ad4460218d2d026a455ea32a5873cf629aa1e99
Status: Image is up to date for microros/micro_ros_static_library_builder:humble
docker.io/microros/micro_ros_static_library_builder:humble
[sudo] password for kireiji: dos2unix: converting file /project/micro_ros_stm32cubemx_utils/microros_static_library_ide/library_generation/library_generation.sh to Unix format...
micro-ROS library found. Skipping...
Delete micro_ros_stm32cubemx_utils/microros_static_library_ide/libmicroros/ for rebuild.
 
arm-none-eabi-size  AMT212E-V_Micro-ROS_UART.elf 
   text	   data	    bss	    dec	    hex	filename
 110444	    480	  46192	 157116	  265bc	AMT212E-V_Micro-ROS_UART.elf
Finished building: default.size.stdout
 
14:26:20 **** Incremental Build of configuration Debug for project AMT212E-V_Micro-ROS_UART ****
make -j16 all 
echo "Kireiji_02" | sudo -S docker pull microros/micro_ros_static_library_builder:humble && echo "Kireiji_02" | sudo -S docker run --rm -v /home/kireiji/Documents/GitHub/CARVER/AMT212E-V/AMT212E-V/AMT212E-V_Micro-ROS/firmware/AMT212E-V_Micro-ROS_UART:/project --env MICROROS_LIBRARY_FOLDER=micro_ros_stm32cubemx_utils/microros_static_library_ide microros/micro_ros_static_library_builder:humble
humble: Pulling from microros/micro_ros_static_library_builder
Digest: sha256:83ab4e8ce95b2a62feb5dd270ad4460218d2d026a455ea32a5873cf629aa1e99
Status: Image is up to date for microros/micro_ros_static_library_builder:humble
docker.io/microros/micro_ros_static_library_builder:humble
[sudo] password for kireiji: dos2unix: converting file /project/micro_ros_stm32cubemx_utils/microros_static_library_ide/library_generation/library_generation.sh to Unix format...
micro-ROS library found. Skipping...
Delete micro_ros_stm32cubemx_utils/microros_static_library_ide/libmicroros/ for rebuild.
 
arm-none-eabi-gcc "../Core/Src/app_freertos.c" -mcpu=cortex-m4 -std=gnu11 -g3 -DDEBUG -DUSE_HAL_DRIVER -DSTM32G474xx -c -I../Core/Inc -I../micro_ros_stm32cubemx_utils/microros_static_library_ide/libmicroros/include -I../Drivers/STM32G4xx_HAL_Driver/Inc -I../Drivers/STM32G4xx_HAL_Driver/Inc/Legacy -I../Drivers/CMSIS/Device/ST/STM32G4xx/Include -I../Drivers/CMSIS/Include -I../Middlewares/Third_Party/FreeRTOS/Source/include -I../Middlewares/Third_Party/FreeRTOS/Source/CMSIS_RTOS_V2 -I../Middlewares/Third_Party/FreeRTOS/Source/portable/GCC/ARM_CM4F -O0 -ffunction-sections -fdata-sections -Wall -fstack-usage -fcyclomatic-complexity -MMD -MP -MF"Core/Src/app_freertos.d" -MT"Core/Src/app_freertos.o" --specs=nano.specs -mfpu=fpv4-sp-d16 -mfloat-abi=hard -mthumb -o "Core/Src/app_freertos.o"
arm-none-eabi-gcc -o "AMT212E-V_Micro-ROS_UART.elf" @"objects.list"  -lmicroros -mcpu=cortex-m4 -T"/home/kireiji/Documents/GitHub/CARVER/AMT212E-V/AMT212E-V/AMT212E-V_Micro-ROS/firmware/AMT212E-V_Micro-ROS_UART/STM32G474RETX_FLASH.ld" --specs=nosys.specs -Wl,-Map="AMT212E-V_Micro-ROS_UART.map" -Wl,--gc-sections -static -L../micro_ros_stm32cubemx_utils/microros_static_library_ide/libmicroros --specs=nano.specs -mfpu=fpv4-sp-d16 -mfloat-abi=hard -mthumb -Wl,--start-group -lc -lm -Wl,--end-group
/opt/st/stm32cubeide_1.16.1/plugins/com.st.stm32cube.ide.mcu.externaltools.gnu-tools-for-stm32.12.3.rel1.linux64_1.0.200.202406132123/tools/bin/../lib/gcc/arm-none-eabi/12.3.1/../../../../arm-none-eabi/bin/ld: /opt/st/stm32cubeide_1.16.1/plugins/com.st.stm32cube.ide.mcu.externaltools.gnu-tools-for-stm32.12.3.rel1.linux64_1.0.200.202406132123/tools/bin/../lib/gcc/arm-none-eabi/12.3.1/../../../../arm-none-eabi/lib/thumb/v7e-m+fp/hard/libc_nano.a(libc_a-gettimeofdayr.o): in function `_gettimeofday_r':
(.text._gettimeofday_r+0xe): warning: _gettimeofday is not implemented and will always fail
Finished building target: AMT212E-V_Micro-ROS_UART.elf
 
arm-none-eabi-size  AMT212E-V_Micro-ROS_UART.elf 
arm-none-eabi-objdump -h -S AMT212E-V_Micro-ROS_UART.elf  > "AMT212E-V_Micro-ROS_UART.list"
   text	   data	    bss	    dec	    hex	filename
 110444	    480	  46192	 157116	  265bc	AMT212E-V_Micro-ROS_UART.elf
Finished building: default.size.stdout
 
Finished building: AMT212E-V_Micro-ROS_UART.list
 
14:27:48 **** Incremental Build of configuration Debug for project AMT212E-V_Micro-ROS_UART ****
make -j16 all 
echo "Kireiji_02" | sudo -S docker pull microros/micro_ros_static_library_builder:humble && echo "Kireiji_02" | sudo -S docker run --rm -v /home/kireiji/Documents/GitHub/CARVER/AMT212E-V/AMT212E-V/AMT212E-V_Micro-ROS/firmware/AMT212E-V_Micro-ROS_UART:/project --env MICROROS_LIBRARY_FOLDER=micro_ros_stm32cubemx_utils/microros_static_library_ide microros/micro_ros_static_library_builder:humble
humble: Pulling from microros/micro_ros_static_library_builder
Digest: sha256:83ab4e8ce95b2a62feb5dd270ad4460218d2d026a455ea32a5873cf629aa1e99
Status: Image is up to date for microros/micro_ros_static_library_builder:humble
docker.io/microros/micro_ros_static_library_builder:humble
[sudo] password for kireiji: dos2unix: converting file /project/micro_ros_stm32cubemx_utils/microros_static_library_ide/library_generation/library_generation.sh to Unix format...
micro-ROS library found. Skipping...
Delete micro_ros_stm32cubemx_utils/microros_static_library_ide/libmicroros/ for rebuild.
 
arm-none-eabi-gcc "../Core/Src/app_freertos.c" -mcpu=cortex-m4 -std=gnu11 -g3 -DDEBUG -DUSE_HAL_DRIVER -DSTM32G474xx -c -I../Core/Inc -I../micro_ros_stm32cubemx_utils/microros_static_library_ide/libmicroros/include -I../Drivers/STM32G4xx_HAL_Driver/Inc -I../Drivers/STM32G4xx_HAL_Driver/Inc/Legacy -I../Drivers/CMSIS/Device/ST/STM32G4xx/Include -I../Drivers/CMSIS/Include -I../Middlewares/Third_Party/FreeRTOS/Source/include -I../Middlewares/Third_Party/FreeRTOS/Source/CMSIS_RTOS_V2 -I../Middlewares/Third_Party/FreeRTOS/Source/portable/GCC/ARM_CM4F -O0 -ffunction-sections -fdata-sections -Wall -fstack-usage -fcyclomatic-complexity -MMD -MP -MF"Core/Src/app_freertos.d" -MT"Core/Src/app_freertos.o" --specs=nano.specs -mfpu=fpv4-sp-d16 -mfloat-abi=hard -mthumb -o "Core/Src/app_freertos.o"
arm-none-eabi-gcc -o "AMT212E-V_Micro-ROS_UART.elf" @"objects.list"  -lmicroros -mcpu=cortex-m4 -T"/home/kireiji/Documents/GitHub/CARVER/AMT212E-V/AMT212E-V/AMT212E-V_Micro-ROS/firmware/AMT212E-V_Micro-ROS_UART/STM32G474RETX_FLASH.ld" --specs=nosys.specs -Wl,-Map="AMT212E-V_Micro-ROS_UART.map" -Wl,--gc-sections -static -L../micro_ros_stm32cubemx_utils/microros_static_library_ide/libmicroros --specs=nano.specs -mfpu=fpv4-sp-d16 -mfloat-abi=hard -mthumb -Wl,--start-group -lc -lm -Wl,--end-group
/opt/st/stm32cubeide_1.16.1/plugins/com.st.stm32cube.ide.mcu.externaltools.gnu-tools-for-stm32.12.3.rel1.linux64_1.0.200.202406132123/tools/bin/../lib/gcc/arm-none-eabi/12.3.1/../../../../arm-none-eabi/bin/ld: /opt/st/stm32cubeide_1.16.1/plugins/com.st.stm32cube.ide.mcu.externaltools.gnu-tools-for-stm32.12.3.rel1.linux64_1.0.200.202406132123/tools/bin/../lib/gcc/arm-none-eabi/12.3.1/../../../../arm-none-eabi/lib/thumb/v7e-m+fp/hard/libc_nano.a(libc_a-gettimeofdayr.o): in function `_gettimeofday_r':
(.text._gettimeofday_r+0xe): warning: _gettimeofday is not implemented and will always fail
Finished building target: AMT212E-V_Micro-ROS_UART.elf
 
arm-none-eabi-size  AMT212E-V_Micro-ROS_UART.elf 
arm-none-eabi-objdump -h -S AMT212E-V_Micro-ROS_UART.elf  > "AMT212E-V_Micro-ROS_UART.list"
   text	   data	    bss	    dec	    hex	filename
 110444	    484	  46184	 157112	  265b8	AMT212E-V_Micro-ROS_UART.elf
Finished building: default.size.stdout
 
Finished building: AMT212E-V_Micro-ROS_UART.list
 
14:32:16 **** Incremental Build of configuration Debug for project AMT212E-V_Micro-ROS_UART ****
make -j16 all 
echo "Kireiji_02" | sudo -S docker pull microros/micro_ros_static_library_builder:humble && echo "Kireiji_02" | sudo -S docker run --rm -v /home/kireiji/Documents/GitHub/CARVER/AMT212E-V/AMT212E-V/AMT212E-V_Micro-ROS/firmware/AMT212E-V_Micro-ROS_UART:/project --env MICROROS_LIBRARY_FOLDER=micro_ros_stm32cubemx_utils/microros_static_library_ide microros/micro_ros_static_library_builder:humble
humble: Pulling from microros/micro_ros_static_library_builder
Digest: sha256:83ab4e8ce95b2a62feb5dd270ad4460218d2d026a455ea32a5873cf629aa1e99
Status: Image is up to date for microros/micro_ros_static_library_builder:humble
docker.io/microros/micro_ros_static_library_builder:humble
[sudo] password for kireiji: dos2unix: converting file /project/micro_ros_stm32cubemx_utils/microros_static_library_ide/library_generation/library_generation.sh to Unix format...
micro-ROS library found. Skipping...
Delete micro_ros_stm32cubemx_utils/microros_static_library_ide/libmicroros/ for rebuild.
 
arm-none-eabi-gcc "../Core/Src/app_freertos.c" -mcpu=cortex-m4 -std=gnu11 -g3 -DDEBUG -DUSE_HAL_DRIVER -DSTM32G474xx -c -I../Core/Inc -I../micro_ros_stm32cubemx_utils/microros_static_library_ide/libmicroros/include -I../Drivers/STM32G4xx_HAL_Driver/Inc -I../Drivers/STM32G4xx_HAL_Driver/Inc/Legacy -I../Drivers/CMSIS/Device/ST/STM32G4xx/Include -I../Drivers/CMSIS/Include -I../Middlewares/Third_Party/FreeRTOS/Source/include -I../Middlewares/Third_Party/FreeRTOS/Source/CMSIS_RTOS_V2 -I../Middlewares/Third_Party/FreeRTOS/Source/portable/GCC/ARM_CM4F -O0 -ffunction-sections -fdata-sections -Wall -fstack-usage -fcyclomatic-complexity -MMD -MP -MF"Core/Src/app_freertos.d" -MT"Core/Src/app_freertos.o" --specs=nano.specs -mfpu=fpv4-sp-d16 -mfloat-abi=hard -mthumb -o "Core/Src/app_freertos.o"
arm-none-eabi-gcc -o "AMT212E-V_Micro-ROS_UART.elf" @"objects.list"  -lmicroros -mcpu=cortex-m4 -T"/home/kireiji/Documents/GitHub/CARVER/AMT212E-V/AMT212E-V/AMT212E-V_Micro-ROS/firmware/AMT212E-V_Micro-ROS_UART/STM32G474RETX_FLASH.ld" --specs=nosys.specs -Wl,-Map="AMT212E-V_Micro-ROS_UART.map" -Wl,--gc-sections -static -L../micro_ros_stm32cubemx_utils/microros_static_library_ide/libmicroros --specs=nano.specs -mfpu=fpv4-sp-d16 -mfloat-abi=hard -mthumb -Wl,--start-group -lc -lm -Wl,--end-group
/opt/st/stm32cubeide_1.16.1/plugins/com.st.stm32cube.ide.mcu.externaltools.gnu-tools-for-stm32.12.3.rel1.linux64_1.0.200.202406132123/tools/bin/../lib/gcc/arm-none-eabi/12.3.1/../../../../arm-none-eabi/bin/ld: /opt/st/stm32cubeide_1.16.1/plugins/com.st.stm32cube.ide.mcu.externaltools.gnu-tools-for-stm32.12.3.rel1.linux64_1.0.200.202406132123/tools/bin/../lib/gcc/arm-none-eabi/12.3.1/../../../../arm-none-eabi/lib/thumb/v7e-m+fp/hard/libc_nano.a(libc_a-gettimeofdayr.o): in function `_gettimeofday_r':
(.text._gettimeofday_r+0xe): warning: _gettimeofday is not implemented and will always fail
Finished building target: AMT212E-V_Micro-ROS_UART.elf
 
arm-none-eabi-size  AMT212E-V_Micro-ROS_UART.elf 
arm-none-eabi-objdump -h -S AMT212E-V_Micro-ROS_UART.elf  > "AMT212E-V_Micro-ROS_UART.list"
   text	   data	    bss	    dec	    hex	filename
 110444	    480	  46192	 157116	  265bc	AMT212E-V_Micro-ROS_UART.elf
Finished building: default.size.stdout
 
Finished building: AMT212E-V_Micro-ROS_UART.list
 
14:35:23 **** Incremental Build of configuration Debug for project AMT212E-V_Micro-ROS_UART ****
make -j16 all 
echo "Kireiji_02" | sudo -S docker pull microros/micro_ros_static_library_builder:humble && echo "Kireiji_02" | sudo -S docker run --rm -v /home/kireiji/Documents/GitHub/CARVER/AMT212E-V/AMT212E-V/AMT212E-V_Micro-ROS/firmware/AMT212E-V_Micro-ROS_UART:/project --env MICROROS_LIBRARY_FOLDER=micro_ros_stm32cubemx_utils/microros_static_library_ide microros/micro_ros_static_library_builder:humble
humble: Pulling from microros/micro_ros_static_library_builder
Digest: sha256:83ab4e8ce95b2a62feb5dd270ad4460218d2d026a455ea32a5873cf629aa1e99
Status: Image is up to date for microros/micro_ros_static_library_builder:humble
docker.io/microros/micro_ros_static_library_builder:humble
[sudo] password for kireiji: dos2unix: converting file /project/micro_ros_stm32cubemx_utils/microros_static_library_ide/library_generation/library_generation.sh to Unix format...
micro-ROS library found. Skipping...
Delete micro_ros_stm32cubemx_utils/microros_static_library_ide/libmicroros/ for rebuild.
 
arm-none-eabi-gcc "../Core/Src/app_freertos.c" -mcpu=cortex-m4 -std=gnu11 -g3 -DDEBUG -DUSE_HAL_DRIVER -DSTM32G474xx -c -I../Core/Inc -I../micro_ros_stm32cubemx_utils/microros_static_library_ide/libmicroros/include -I../Drivers/STM32G4xx_HAL_Driver/Inc -I../Drivers/STM32G4xx_HAL_Driver/Inc/Legacy -I../Drivers/CMSIS/Device/ST/STM32G4xx/Include -I../Drivers/CMSIS/Include -I../Middlewares/Third_Party/FreeRTOS/Source/include -I../Middlewares/Third_Party/FreeRTOS/Source/CMSIS_RTOS_V2 -I../Middlewares/Third_Party/FreeRTOS/Source/portable/GCC/ARM_CM4F -O0 -ffunction-sections -fdata-sections -Wall -fstack-usage -fcyclomatic-complexity -MMD -MP -MF"Core/Src/app_freertos.d" -MT"Core/Src/app_freertos.o" --specs=nano.specs -mfpu=fpv4-sp-d16 -mfloat-abi=hard -mthumb -o "Core/Src/app_freertos.o"
arm-none-eabi-gcc -o "AMT212E-V_Micro-ROS_UART.elf" @"objects.list"  -lmicroros -mcpu=cortex-m4 -T"/home/kireiji/Documents/GitHub/CARVER/AMT212E-V/AMT212E-V/AMT212E-V_Micro-ROS/firmware/AMT212E-V_Micro-ROS_UART/STM32G474RETX_FLASH.ld" --specs=nosys.specs -Wl,-Map="AMT212E-V_Micro-ROS_UART.map" -Wl,--gc-sections -static -L../micro_ros_stm32cubemx_utils/microros_static_library_ide/libmicroros --specs=nano.specs -mfpu=fpv4-sp-d16 -mfloat-abi=hard -mthumb -Wl,--start-group -lc -lm -Wl,--end-group
/opt/st/stm32cubeide_1.16.1/plugins/com.st.stm32cube.ide.mcu.externaltools.gnu-tools-for-stm32.12.3.rel1.linux64_1.0.200.202406132123/tools/bin/../lib/gcc/arm-none-eabi/12.3.1/../../../../arm-none-eabi/bin/ld: /opt/st/stm32cubeide_1.16.1/plugins/com.st.stm32cube.ide.mcu.externaltools.gnu-tools-for-stm32.12.3.rel1.linux64_1.0.200.202406132123/tools/bin/../lib/gcc/arm-none-eabi/12.3.1/../../../../arm-none-eabi/lib/thumb/v7e-m+fp/hard/libc_nano.a(libc_a-gettimeofdayr.o): in function `_gettimeofday_r':
(.text._gettimeofday_r+0xe): warning: _gettimeofday is not implemented and will always fail
Finished building target: AMT212E-V_Micro-ROS_UART.elf
 
arm-none-eabi-size  AMT212E-V_Micro-ROS_UART.elf 
arm-none-eabi-objdump -h -S AMT212E-V_Micro-ROS_UART.elf  > "AMT212E-V_Micro-ROS_UART.list"
   text	   data	    bss	    dec	    hex	filename
 110444	    484	  46184	 157112	  265b8	AMT212E-V_Micro-ROS_UART.elf
Finished building: default.size.stdout
 
Finished building: AMT212E-V_Micro-ROS_UART.list
 
17:03:34 **** Incremental Build of configuration Debug for project AMT212E-V_Micro-ROS_UART ****
make -j16 all 
echo "Kireiji_02" | sudo -S docker pull microros/micro_ros_static_library_builder:humble && echo "Kireiji_02" | sudo -S docker run --rm -v /home/kireiji/Documents/GitHub/CARVER/AMT212E-V/AMT212E-V/AMT212E-V_Micro-ROS/firmware/AMT212E-V_Micro-ROS_UART:/project --env MICROROS_LIBRARY_FOLDER=micro_ros_stm32cubemx_utils/microros_static_library_ide microros/micro_ros_static_library_builder:humble
humble: Pulling from microros/micro_ros_static_library_builder
Digest: sha256:83ab4e8ce95b2a62feb5dd270ad4460218d2d026a455ea32a5873cf629aa1e99
Status: Image is up to date for microros/micro_ros_static_library_builder:humble
docker.io/microros/micro_ros_static_library_builder:humble
[sudo] password for kireiji: dos2unix: converting file /project/micro_ros_stm32cubemx_utils/microros_static_library_ide/library_generation/library_generation.sh to Unix format...
micro-ROS library found. Skipping...
Delete micro_ros_stm32cubemx_utils/microros_static_library_ide/libmicroros/ for rebuild.
 
arm-none-eabi-gcc "../Core/Src/app_freertos.c" -mcpu=cortex-m4 -std=gnu11 -g3 -DDEBUG -DUSE_HAL_DRIVER -DSTM32G474xx -c -I../Core/Inc -I../micro_ros_stm32cubemx_utils/microros_static_library_ide/libmicroros/include -I../Drivers/STM32G4xx_HAL_Driver/Inc -I../Drivers/STM32G4xx_HAL_Driver/Inc/Legacy -I../Drivers/CMSIS/Device/ST/STM32G4xx/Include -I../Drivers/CMSIS/Include -I../Middlewares/Third_Party/FreeRTOS/Source/include -I../Middlewares/Third_Party/FreeRTOS/Source/CMSIS_RTOS_V2 -I../Middlewares/Third_Party/FreeRTOS/Source/portable/GCC/ARM_CM4F -O0 -ffunction-sections -fdata-sections -Wall -fstack-usage -fcyclomatic-complexity -MMD -MP -MF"Core/Src/app_freertos.d" -MT"Core/Src/app_freertos.o" --specs=nano.specs -mfpu=fpv4-sp-d16 -mfloat-abi=hard -mthumb -o "Core/Src/app_freertos.o"
arm-none-eabi-gcc -o "AMT212E-V_Micro-ROS_UART.elf" @"objects.list"  -lmicroros -mcpu=cortex-m4 -T"/home/kireiji/Documents/GitHub/CARVER/AMT212E-V/AMT212E-V/AMT212E-V_Micro-ROS/firmware/AMT212E-V_Micro-ROS_UART/STM32G474RETX_FLASH.ld" --specs=nosys.specs -Wl,-Map="AMT212E-V_Micro-ROS_UART.map" -Wl,--gc-sections -static -L../micro_ros_stm32cubemx_utils/microros_static_library_ide/libmicroros --specs=nano.specs -mfpu=fpv4-sp-d16 -mfloat-abi=hard -mthumb -Wl,--start-group -lc -lm -Wl,--end-group
/opt/st/stm32cubeide_1.16.1/plugins/com.st.stm32cube.ide.mcu.externaltools.gnu-tools-for-stm32.12.3.rel1.linux64_1.0.200.202406132123/tools/bin/../lib/gcc/arm-none-eabi/12.3.1/../../../../arm-none-eabi/bin/ld: /opt/st/stm32cubeide_1.16.1/plugins/com.st.stm32cube.ide.mcu.externaltools.gnu-tools-for-stm32.12.3.rel1.linux64_1.0.200.202406132123/tools/bin/../lib/gcc/arm-none-eabi/12.3.1/../../../../arm-none-eabi/lib/thumb/v7e-m+fp/hard/libc_nano.a(libc_a-gettimeofdayr.o): in function `_gettimeofday_r':
(.text._gettimeofday_r+0xe): warning: _gettimeofday is not implemented and will always fail
Finished building target: AMT212E-V_Micro-ROS_UART.elf
 
arm-none-eabi-size  AMT212E-V_Micro-ROS_UART.elf 
arm-none-eabi-objdump -h -S AMT212E-V_Micro-ROS_UART.elf  > "AMT212E-V_Micro-ROS_UART.list"
   text	   data	    bss	    dec	    hex	filename
 110444	    484	  46184	 157112	  265b8	AMT212E-V_Micro-ROS_UART.elf
Finished building: default.size.stdout
 
Finished building: AMT212E-V_Micro-ROS_UART.list
 
17:05:54 **** Incremental Build of configuration Debug for project AMT212E-V_Micro-ROS_UART ****
make -j16 all 
echo "Kireiji_02" | sudo -S docker pull microros/micro_ros_static_library_builder:humble && echo "Kireiji_02" | sudo -S docker run --rm -v /home/kireiji/Documents/GitHub/CARVER/AMT212E-V/AMT212E-V/AMT212E-V_Micro-ROS/firmware/AMT212E-V_Micro-ROS_UART:/project --env MICROROS_LIBRARY_FOLDER=micro_ros_stm32cubemx_utils/microros_static_library_ide microros/micro_ros_static_library_builder:humble
humble: Pulling from microros/micro_ros_static_library_builder
Digest: sha256:83ab4e8ce95b2a62feb5dd270ad4460218d2d026a455ea32a5873cf629aa1e99
Status: Image is up to date for microros/micro_ros_static_library_builder:humble
docker.io/microros/micro_ros_static_library_builder:humble
[sudo] password for kireiji: dos2unix: converting file /project/micro_ros_stm32cubemx_utils/microros_static_library_ide/library_generation/library_generation.sh to Unix format...
micro-ROS library found. Skipping...
Delete micro_ros_stm32cubemx_utils/microros_static_library_ide/libmicroros/ for rebuild.
 
arm-none-eabi-gcc "../Core/Src/app_freertos.c" -mcpu=cortex-m4 -std=gnu11 -g3 -DDEBUG -DUSE_HAL_DRIVER -DSTM32G474xx -c -I../Core/Inc -I../micro_ros_stm32cubemx_utils/microros_static_library_ide/libmicroros/include -I../Drivers/STM32G4xx_HAL_Driver/Inc -I../Drivers/STM32G4xx_HAL_Driver/Inc/Legacy -I../Drivers/CMSIS/Device/ST/STM32G4xx/Include -I../Drivers/CMSIS/Include -I../Middlewares/Third_Party/FreeRTOS/Source/include -I../Middlewares/Third_Party/FreeRTOS/Source/CMSIS_RTOS_V2 -I../Middlewares/Third_Party/FreeRTOS/Source/portable/GCC/ARM_CM4F -O0 -ffunction-sections -fdata-sections -Wall -fstack-usage -fcyclomatic-complexity -MMD -MP -MF"Core/Src/app_freertos.d" -MT"Core/Src/app_freertos.o" --specs=nano.specs -mfpu=fpv4-sp-d16 -mfloat-abi=hard -mthumb -o "Core/Src/app_freertos.o"
arm-none-eabi-gcc -o "AMT212E-V_Micro-ROS_UART.elf" @"objects.list"  -lmicroros -mcpu=cortex-m4 -T"/home/kireiji/Documents/GitHub/CARVER/AMT212E-V/AMT212E-V/AMT212E-V_Micro-ROS/firmware/AMT212E-V_Micro-ROS_UART/STM32G474RETX_FLASH.ld" --specs=nosys.specs -Wl,-Map="AMT212E-V_Micro-ROS_UART.map" -Wl,--gc-sections -static -L../micro_ros_stm32cubemx_utils/microros_static_library_ide/libmicroros --specs=nano.specs -mfpu=fpv4-sp-d16 -mfloat-abi=hard -mthumb -Wl,--start-group -lc -lm -Wl,--end-group
/opt/st/stm32cubeide_1.16.1/plugins/com.st.stm32cube.ide.mcu.externaltools.gnu-tools-for-stm32.12.3.rel1.linux64_1.0.200.202406132123/tools/bin/../lib/gcc/arm-none-eabi/12.3.1/../../../../arm-none-eabi/bin/ld: /opt/st/stm32cubeide_1.16.1/plugins/com.st.stm32cube.ide.mcu.externaltools.gnu-tools-for-stm32.12.3.rel1.linux64_1.0.200.202406132123/tools/bin/../lib/gcc/arm-none-eabi/12.3.1/../../../../arm-none-eabi/lib/thumb/v7e-m+fp/hard/libc_nano.a(libc_a-gettimeofdayr.o): in function `_gettimeofday_r':
(.text._gettimeofday_r+0xe): warning: _gettimeofday is not implemented and will always fail
Finished building target: AMT212E-V_Micro-ROS_UART.elf
 
arm-none-eabi-size  AMT212E-V_Micro-ROS_UART.elf 
arm-none-eabi-objdump -h -S AMT212E-V_Micro-ROS_UART.elf  > "AMT212E-V_Micro-ROS_UART.list"
   text	   data	    bss	    dec	    hex	filename
 110444	    484	  46184	 157112	  265b8	AMT212E-V_Micro-ROS_UART.elf
Finished building: default.size.stdout
 
Finished building: AMT212E-V_Micro-ROS_UART.list
 
17:07:15 **** Incremental Build of configuration Debug for project AMT212E-V_Micro-ROS_UART ****
make -j16 all 
echo "Kireiji_02" | sudo -S docker pull microros/micro_ros_static_library_builder:humble && echo "Kireiji_02" | sudo -S docker run --rm -v /home/kireiji/Documents/GitHub/CARVER/AMT212E-V/AMT212E-V/AMT212E-V_Micro-ROS/firmware/AMT212E-V_Micro-ROS_UART:/project --env MICROROS_LIBRARY_FOLDER=micro_ros_stm32cubemx_utils/microros_static_library_ide microros/micro_ros_static_library_builder:humble
humble: Pulling from microros/micro_ros_static_library_builder
Digest: sha256:83ab4e8ce95b2a62feb5dd270ad4460218d2d026a455ea32a5873cf629aa1e99
Status: Image is up to date for microros/micro_ros_static_library_builder:humble
docker.io/microros/micro_ros_static_library_builder:humble
[sudo] password for kireiji: dos2unix: converting file /project/micro_ros_stm32cubemx_utils/microros_static_library_ide/library_generation/library_generation.sh to Unix format...
micro-ROS library found. Skipping...
Delete micro_ros_stm32cubemx_utils/microros_static_library_ide/libmicroros/ for rebuild.
 
arm-none-eabi-gcc "../Core/Src/app_freertos.c" -mcpu=cortex-m4 -std=gnu11 -g3 -DDEBUG -DUSE_HAL_DRIVER -DSTM32G474xx -c -I../Core/Inc -I../micro_ros_stm32cubemx_utils/microros_static_library_ide/libmicroros/include -I../Drivers/STM32G4xx_HAL_Driver/Inc -I../Drivers/STM32G4xx_HAL_Driver/Inc/Legacy -I../Drivers/CMSIS/Device/ST/STM32G4xx/Include -I../Drivers/CMSIS/Include -I../Middlewares/Third_Party/FreeRTOS/Source/include -I../Middlewares/Third_Party/FreeRTOS/Source/CMSIS_RTOS_V2 -I../Middlewares/Third_Party/FreeRTOS/Source/portable/GCC/ARM_CM4F -O0 -ffunction-sections -fdata-sections -Wall -fstack-usage -fcyclomatic-complexity -MMD -MP -MF"Core/Src/app_freertos.d" -MT"Core/Src/app_freertos.o" --specs=nano.specs -mfpu=fpv4-sp-d16 -mfloat-abi=hard -mthumb -o "Core/Src/app_freertos.o"
arm-none-eabi-gcc -o "AMT212E-V_Micro-ROS_UART.elf" @"objects.list"  -lmicroros -mcpu=cortex-m4 -T"/home/kireiji/Documents/GitHub/CARVER/AMT212E-V/AMT212E-V/AMT212E-V_Micro-ROS/firmware/AMT212E-V_Micro-ROS_UART/STM32G474RETX_FLASH.ld" --specs=nosys.specs -Wl,-Map="AMT212E-V_Micro-ROS_UART.map" -Wl,--gc-sections -static -L../micro_ros_stm32cubemx_utils/microros_static_library_ide/libmicroros --specs=nano.specs -mfpu=fpv4-sp-d16 -mfloat-abi=hard -mthumb -Wl,--start-group -lc -lm -Wl,--end-group
/opt/st/stm32cubeide_1.16.1/plugins/com.st.stm32cube.ide.mcu.externaltools.gnu-tools-for-stm32.12.3.rel1.linux64_1.0.200.202406132123/tools/bin/../lib/gcc/arm-none-eabi/12.3.1/../../../../arm-none-eabi/bin/ld: /opt/st/stm32cubeide_1.16.1/plugins/com.st.stm32cube.ide.mcu.externaltools.gnu-tools-for-stm32.12.3.rel1.linux64_1.0.200.202406132123/tools/bin/../lib/gcc/arm-none-eabi/12.3.1/../../../../arm-none-eabi/lib/thumb/v7e-m+fp/hard/libc_nano.a(libc_a-gettimeofdayr.o): in function `_gettimeofday_r':
(.text._gettimeofday_r+0xe): warning: _gettimeofday is not implemented and will always fail
Finished building target: AMT212E-V_Micro-ROS_UART.elf
 
arm-none-eabi-size  AMT212E-V_Micro-ROS_UART.elf 
arm-none-eabi-objdump -h -S AMT212E-V_Micro-ROS_UART.elf  > "AMT212E-V_Micro-ROS_UART.list"
   text	   data	    bss	    dec	    hex	filename
 110444	    488	  46184	 157116	  265bc	AMT212E-V_Micro-ROS_UART.elf
Finished building: default.size.stdout
 
Finished building: AMT212E-V_Micro-ROS_UART.list
 
17:08:37 **** Incremental Build of configuration Debug for project AMT212E-V_Micro-ROS_UART ****
make -j16 all 
echo "Kireiji_02" | sudo -S docker pull microros/micro_ros_static_library_builder:humble && echo "Kireiji_02" | sudo -S docker run --rm -v /home/kireiji/Documents/GitHub/CARVER/AMT212E-V/AMT212E-V/AMT212E-V_Micro-ROS/firmware/AMT212E-V_Micro-ROS_UART:/project --env MICROROS_LIBRARY_FOLDER=micro_ros_stm32cubemx_utils/microros_static_library_ide microros/micro_ros_static_library_builder:humble
humble: Pulling from microros/micro_ros_static_library_builder
Digest: sha256:83ab4e8ce95b2a62feb5dd270ad4460218d2d026a455ea32a5873cf629aa1e99
Status: Image is up to date for microros/micro_ros_static_library_builder:humble
docker.io/microros/micro_ros_static_library_builder:humble
[sudo] password for kireiji: dos2unix: converting file /project/micro_ros_stm32cubemx_utils/microros_static_library_ide/library_generation/library_generation.sh to Unix format...
micro-ROS library found. Skipping...
Delete micro_ros_stm32cubemx_utils/microros_static_library_ide/libmicroros/ for rebuild.
 
arm-none-eabi-gcc "../Core/Src/app_freertos.c" -mcpu=cortex-m4 -std=gnu11 -g3 -DDEBUG -DUSE_HAL_DRIVER -DSTM32G474xx -c -I../Core/Inc -I../micro_ros_stm32cubemx_utils/microros_static_library_ide/libmicroros/include -I../Drivers/STM32G4xx_HAL_Driver/Inc -I../Drivers/STM32G4xx_HAL_Driver/Inc/Legacy -I../Drivers/CMSIS/Device/ST/STM32G4xx/Include -I../Drivers/CMSIS/Include -I../Middlewares/Third_Party/FreeRTOS/Source/include -I../Middlewares/Third_Party/FreeRTOS/Source/CMSIS_RTOS_V2 -I../Middlewares/Third_Party/FreeRTOS/Source/portable/GCC/ARM_CM4F -O0 -ffunction-sections -fdata-sections -Wall -fstack-usage -fcyclomatic-complexity -MMD -MP -MF"Core/Src/app_freertos.d" -MT"Core/Src/app_freertos.o" --specs=nano.specs -mfpu=fpv4-sp-d16 -mfloat-abi=hard -mthumb -o "Core/Src/app_freertos.o"
arm-none-eabi-gcc -o "AMT212E-V_Micro-ROS_UART.elf" @"objects.list"  -lmicroros -mcpu=cortex-m4 -T"/home/kireiji/Documents/GitHub/CARVER/AMT212E-V/AMT212E-V/AMT212E-V_Micro-ROS/firmware/AMT212E-V_Micro-ROS_UART/STM32G474RETX_FLASH.ld" --specs=nosys.specs -Wl,-Map="AMT212E-V_Micro-ROS_UART.map" -Wl,--gc-sections -static -L../micro_ros_stm32cubemx_utils/microros_static_library_ide/libmicroros --specs=nano.specs -mfpu=fpv4-sp-d16 -mfloat-abi=hard -mthumb -Wl,--start-group -lc -lm -Wl,--end-group
/opt/st/stm32cubeide_1.16.1/plugins/com.st.stm32cube.ide.mcu.externaltools.gnu-tools-for-stm32.12.3.rel1.linux64_1.0.200.202406132123/tools/bin/../lib/gcc/arm-none-eabi/12.3.1/../../../../arm-none-eabi/bin/ld: /opt/st/stm32cubeide_1.16.1/plugins/com.st.stm32cube.ide.mcu.externaltools.gnu-tools-for-stm32.12.3.rel1.linux64_1.0.200.202406132123/tools/bin/../lib/gcc/arm-none-eabi/12.3.1/../../../../arm-none-eabi/lib/thumb/v7e-m+fp/hard/libc_nano.a(libc_a-gettimeofdayr.o): in function `_gettimeofday_r':
(.text._gettimeofday_r+0xe): warning: _gettimeofday is not implemented and will always fail
Finished building target: AMT212E-V_Micro-ROS_UART.elf
 
arm-none-eabi-size  AMT212E-V_Micro-ROS_UART.elf 
arm-none-eabi-objdump -h -S AMT212E-V_Micro-ROS_UART.elf  > "AMT212E-V_Micro-ROS_UART.list"
   text	   data	    bss	    dec	    hex	filename
 110444	    484	  46184	 157112	  265b8	AMT212E-V_Micro-ROS_UART.elf
Finished building: default.size.stdout
 
Finished building: AMT212E-V_Micro-ROS_UART.list
 
17:11:29 **** Incremental Build of configuration Debug for project AMT212E-V_Micro-ROS_UART ****
make -j16 all 
echo "Kireiji_02" | sudo -S docker pull microros/micro_ros_static_library_builder:humble && echo "Kireiji_02" | sudo -S docker run --rm -v /home/kireiji/Documents/GitHub/CARVER/AMT212E-V/AMT212E-V/AMT212E-V_Micro-ROS/firmware/AMT212E-V_Micro-ROS_UART:/project --env MICROROS_LIBRARY_FOLDER=micro_ros_stm32cubemx_utils/microros_static_library_ide microros/micro_ros_static_library_builder:humble
humble: Pulling from microros/micro_ros_static_library_builder
Digest: sha256:83ab4e8ce95b2a62feb5dd270ad4460218d2d026a455ea32a5873cf629aa1e99
Status: Image is up to date for microros/micro_ros_static_library_builder:humble
docker.io/microros/micro_ros_static_library_builder:humble
[sudo] password for kireiji: dos2unix: converting file /project/micro_ros_stm32cubemx_utils/microros_static_library_ide/library_generation/library_generation.sh to Unix format...
micro-ROS library found. Skipping...
Delete micro_ros_stm32cubemx_utils/microros_static_library_ide/libmicroros/ for rebuild.
 
arm-none-eabi-gcc "../Core/Src/app_freertos.c" -mcpu=cortex-m4 -std=gnu11 -g3 -DDEBUG -DUSE_HAL_DRIVER -DSTM32G474xx -c -I../Core/Inc -I../micro_ros_stm32cubemx_utils/microros_static_library_ide/libmicroros/include -I../Drivers/STM32G4xx_HAL_Driver/Inc -I../Drivers/STM32G4xx_HAL_Driver/Inc/Legacy -I../Drivers/CMSIS/Device/ST/STM32G4xx/Include -I../Drivers/CMSIS/Include -I../Middlewares/Third_Party/FreeRTOS/Source/include -I../Middlewares/Third_Party/FreeRTOS/Source/CMSIS_RTOS_V2 -I../Middlewares/Third_Party/FreeRTOS/Source/portable/GCC/ARM_CM4F -O0 -ffunction-sections -fdata-sections -Wall -fstack-usage -fcyclomatic-complexity -MMD -MP -MF"Core/Src/app_freertos.d" -MT"Core/Src/app_freertos.o" --specs=nano.specs -mfpu=fpv4-sp-d16 -mfloat-abi=hard -mthumb -o "Core/Src/app_freertos.o"
arm-none-eabi-gcc -o "AMT212E-V_Micro-ROS_UART.elf" @"objects.list"  -lmicroros -mcpu=cortex-m4 -T"/home/kireiji/Documents/GitHub/CARVER/AMT212E-V/AMT212E-V/AMT212E-V_Micro-ROS/firmware/AMT212E-V_Micro-ROS_UART/STM32G474RETX_FLASH.ld" --specs=nosys.specs -Wl,-Map="AMT212E-V_Micro-ROS_UART.map" -Wl,--gc-sections -static -L../micro_ros_stm32cubemx_utils/microros_static_library_ide/libmicroros --specs=nano.specs -mfpu=fpv4-sp-d16 -mfloat-abi=hard -mthumb -Wl,--start-group -lc -lm -Wl,--end-group
/opt/st/stm32cubeide_1.16.1/plugins/com.st.stm32cube.ide.mcu.externaltools.gnu-tools-for-stm32.12.3.rel1.linux64_1.0.200.202406132123/tools/bin/../lib/gcc/arm-none-eabi/12.3.1/../../../../arm-none-eabi/bin/ld: /opt/st/stm32cubeide_1.16.1/plugins/com.st.stm32cube.ide.mcu.externaltools.gnu-tools-for-stm32.12.3.rel1.linux64_1.0.200.202406132123/tools/bin/../lib/gcc/arm-none-eabi/12.3.1/../../../../arm-none-eabi/lib/thumb/v7e-m+fp/hard/libc_nano.a(libc_a-gettimeofdayr.o): in function `_gettimeofday_r':
(.text._gettimeofday_r+0xe): warning: _gettimeofday is not implemented and will always fail
Finished building target: AMT212E-V_Micro-ROS_UART.elf
 
arm-none-eabi-size  AMT212E-V_Micro-ROS_UART.elf 
arm-none-eabi-objdump -h -S AMT212E-V_Micro-ROS_UART.elf  > "AMT212E-V_Micro-ROS_UART.list"
   text	   data	    bss	    dec	    hex	filename
 110444	    488	  46184	 157116	  265bc	AMT212E-V_Micro-ROS_UART.elf
Finished building: default.size.stdout
 
Finished building: AMT212E-V_Micro-ROS_UART.list
 
17:20:14 **** Incremental Build of configuration Debug for project AMT212E-V_Micro-ROS_UART ****
make -j16 all 
echo "Kireiji_02" | sudo -S docker pull microros/micro_ros_static_library_builder:humble && echo "Kireiji_02" | sudo -S docker run --rm -v /home/kireiji/Documents/GitHub/CARVER/AMT212E-V/AMT212E-V/AMT212E-V_Micro-ROS/firmware/AMT212E-V_Micro-ROS_UART:/project --env MICROROS_LIBRARY_FOLDER=micro_ros_stm32cubemx_utils/microros_static_library_ide microros/micro_ros_static_library_builder:humble
humble: Pulling from microros/micro_ros_static_library_builder
Digest: sha256:83ab4e8ce95b2a62feb5dd270ad4460218d2d026a455ea32a5873cf629aa1e99
Status: Image is up to date for microros/micro_ros_static_library_builder:humble
docker.io/microros/micro_ros_static_library_builder:humble
[sudo] password for kireiji: dos2unix: converting file /project/micro_ros_stm32cubemx_utils/microros_static_library_ide/library_generation/library_generation.sh to Unix format...
micro-ROS library found. Skipping...
Delete micro_ros_stm32cubemx_utils/microros_static_library_ide/libmicroros/ for rebuild.
 
arm-none-eabi-gcc "../Core/Src/app_freertos.c" -mcpu=cortex-m4 -std=gnu11 -g3 -DDEBUG -DUSE_HAL_DRIVER -DSTM32G474xx -c -I../Core/Inc -I../micro_ros_stm32cubemx_utils/microros_static_library_ide/libmicroros/include -I../Drivers/STM32G4xx_HAL_Driver/Inc -I../Drivers/STM32G4xx_HAL_Driver/Inc/Legacy -I../Drivers/CMSIS/Device/ST/STM32G4xx/Include -I../Drivers/CMSIS/Include -I../Middlewares/Third_Party/FreeRTOS/Source/include -I../Middlewares/Third_Party/FreeRTOS/Source/CMSIS_RTOS_V2 -I../Middlewares/Third_Party/FreeRTOS/Source/portable/GCC/ARM_CM4F -O0 -ffunction-sections -fdata-sections -Wall -fstack-usage -fcyclomatic-complexity -MMD -MP -MF"Core/Src/app_freertos.d" -MT"Core/Src/app_freertos.o" --specs=nano.specs -mfpu=fpv4-sp-d16 -mfloat-abi=hard -mthumb -o "Core/Src/app_freertos.o"
arm-none-eabi-gcc -o "AMT212E-V_Micro-ROS_UART.elf" @"objects.list"  -lmicroros -mcpu=cortex-m4 -T"/home/kireiji/Documents/GitHub/CARVER/AMT212E-V/AMT212E-V/AMT212E-V_Micro-ROS/firmware/AMT212E-V_Micro-ROS_UART/STM32G474RETX_FLASH.ld" --specs=nosys.specs -Wl,-Map="AMT212E-V_Micro-ROS_UART.map" -Wl,--gc-sections -static -L../micro_ros_stm32cubemx_utils/microros_static_library_ide/libmicroros --specs=nano.specs -mfpu=fpv4-sp-d16 -mfloat-abi=hard -mthumb -Wl,--start-group -lc -lm -Wl,--end-group
/opt/st/stm32cubeide_1.16.1/plugins/com.st.stm32cube.ide.mcu.externaltools.gnu-tools-for-stm32.12.3.rel1.linux64_1.0.200.202406132123/tools/bin/../lib/gcc/arm-none-eabi/12.3.1/../../../../arm-none-eabi/bin/ld: /opt/st/stm32cubeide_1.16.1/plugins/com.st.stm32cube.ide.mcu.externaltools.gnu-tools-for-stm32.12.3.rel1.linux64_1.0.200.202406132123/tools/bin/../lib/gcc/arm-none-eabi/12.3.1/../../../../arm-none-eabi/lib/thumb/v7e-m+fp/hard/libc_nano.a(libc_a-gettimeofdayr.o): in function `_gettimeofday_r':
(.text._gettimeofday_r+0xe): warning: _gettimeofday is not implemented and will always fail
Finished building target: AMT212E-V_Micro-ROS_UART.elf
 
arm-none-eabi-size  AMT212E-V_Micro-ROS_UART.elf 
arm-none-eabi-objdump -h -S AMT212E-V_Micro-ROS_UART.elf  > "AMT212E-V_Micro-ROS_UART.list"
   text	   data	    bss	    dec	    hex	filename
 110460	    488	  46184	 157132	  265cc	AMT212E-V_Micro-ROS_UART.elf
Finished building: default.size.stdout
 
Finished building: AMT212E-V_Micro-ROS_UART.list
 
17:21:57 **** Incremental Build of configuration Debug for project AMT212E-V_Micro-ROS_UART ****
make -j16 all 
echo "Kireiji_02" | sudo -S docker pull microros/micro_ros_static_library_builder:humble && echo "Kireiji_02" | sudo -S docker run --rm -v /home/kireiji/Documents/GitHub/CARVER/AMT212E-V/AMT212E-V/AMT212E-V_Micro-ROS/firmware/AMT212E-V_Micro-ROS_UART:/project --env MICROROS_LIBRARY_FOLDER=micro_ros_stm32cubemx_utils/microros_static_library_ide microros/micro_ros_static_library_builder:humble
humble: Pulling from microros/micro_ros_static_library_builder
Digest: sha256:83ab4e8ce95b2a62feb5dd270ad4460218d2d026a455ea32a5873cf629aa1e99
Status: Image is up to date for microros/micro_ros_static_library_builder:humble
docker.io/microros/micro_ros_static_library_builder:humble
[sudo] password for kireiji: dos2unix: converting file /project/micro_ros_stm32cubemx_utils/microros_static_library_ide/library_generation/library_generation.sh to Unix format...
micro-ROS library found. Skipping...
Delete micro_ros_stm32cubemx_utils/microros_static_library_ide/libmicroros/ for rebuild.
 
arm-none-eabi-size  AMT212E-V_Micro-ROS_UART.elf 
   text	   data	    bss	    dec	    hex	filename
 110460	    488	  46184	 157132	  265cc	AMT212E-V_Micro-ROS_UART.elf
Finished building: default.size.stdout
 
17:22:44 **** Incremental Build of configuration Debug for project AMT212E-V_Micro-ROS_UART ****
make -j16 all 
echo "Kireiji_02" | sudo -S docker pull microros/micro_ros_static_library_builder:humble && echo "Kireiji_02" | sudo -S docker run --rm -v /home/kireiji/Documents/GitHub/CARVER/AMT212E-V/AMT212E-V/AMT212E-V_Micro-ROS/firmware/AMT212E-V_Micro-ROS_UART:/project --env MICROROS_LIBRARY_FOLDER=micro_ros_stm32cubemx_utils/microros_static_library_ide microros/micro_ros_static_library_builder:humble
humble: Pulling from microros/micro_ros_static_library_builder
Digest: sha256:83ab4e8ce95b2a62feb5dd270ad4460218d2d026a455ea32a5873cf629aa1e99
Status: Image is up to date for microros/micro_ros_static_library_builder:humble
docker.io/microros/micro_ros_static_library_builder:humble
[sudo] password for kireiji: dos2unix: converting file /project/micro_ros_stm32cubemx_utils/microros_static_library_ide/library_generation/library_generation.sh to Unix format...
micro-ROS library found. Skipping...
Delete micro_ros_stm32cubemx_utils/microros_static_library_ide/libmicroros/ for rebuild.
 
arm-none-eabi-gcc "../Core/Src/app_freertos.c" -mcpu=cortex-m4 -std=gnu11 -g3 -DDEBUG -DUSE_HAL_DRIVER -DSTM32G474xx -c -I../Core/Inc -I../micro_ros_stm32cubemx_utils/microros_static_library_ide/libmicroros/include -I../Drivers/STM32G4xx_HAL_Driver/Inc -I../Drivers/STM32G4xx_HAL_Driver/Inc/Legacy -I../Drivers/CMSIS/Device/ST/STM32G4xx/Include -I../Drivers/CMSIS/Include -I../Middlewares/Third_Party/FreeRTOS/Source/include -I../Middlewares/Third_Party/FreeRTOS/Source/CMSIS_RTOS_V2 -I../Middlewares/Third_Party/FreeRTOS/Source/portable/GCC/ARM_CM4F -O0 -ffunction-sections -fdata-sections -Wall -fstack-usage -fcyclomatic-complexity -MMD -MP -MF"Core/Src/app_freertos.d" -MT"Core/Src/app_freertos.o" --specs=nano.specs -mfpu=fpv4-sp-d16 -mfloat-abi=hard -mthumb -o "Core/Src/app_freertos.o"
arm-none-eabi-gcc -o "AMT212E-V_Micro-ROS_UART.elf" @"objects.list"  -lmicroros -mcpu=cortex-m4 -T"/home/kireiji/Documents/GitHub/CARVER/AMT212E-V/AMT212E-V/AMT212E-V_Micro-ROS/firmware/AMT212E-V_Micro-ROS_UART/STM32G474RETX_FLASH.ld" --specs=nosys.specs -Wl,-Map="AMT212E-V_Micro-ROS_UART.map" -Wl,--gc-sections -static -L../micro_ros_stm32cubemx_utils/microros_static_library_ide/libmicroros --specs=nano.specs -mfpu=fpv4-sp-d16 -mfloat-abi=hard -mthumb -Wl,--start-group -lc -lm -Wl,--end-group
/opt/st/stm32cubeide_1.16.1/plugins/com.st.stm32cube.ide.mcu.externaltools.gnu-tools-for-stm32.12.3.rel1.linux64_1.0.200.202406132123/tools/bin/../lib/gcc/arm-none-eabi/12.3.1/../../../../arm-none-eabi/bin/ld: /opt/st/stm32cubeide_1.16.1/plugins/com.st.stm32cube.ide.mcu.externaltools.gnu-tools-for-stm32.12.3.rel1.linux64_1.0.200.202406132123/tools/bin/../lib/gcc/arm-none-eabi/12.3.1/../../../../arm-none-eabi/lib/thumb/v7e-m+fp/hard/libc_nano.a(libc_a-gettimeofdayr.o): in function `_gettimeofday_r':
(.text._gettimeofday_r+0xe): warning: _gettimeofday is not implemented and will always fail
Finished building target: AMT212E-V_Micro-ROS_UART.elf
 
arm-none-eabi-size  AMT212E-V_Micro-ROS_UART.elf 
arm-none-eabi-objdump -h -S AMT212E-V_Micro-ROS_UART.elf  > "AMT212E-V_Micro-ROS_UART.list"
   text	   data	    bss	    dec	    hex	filename
 110460	    488	  46184	 157132	  265cc	AMT212E-V_Micro-ROS_UART.elf
Finished building: default.size.stdout
 
Finished building: AMT212E-V_Micro-ROS_UART.list
 
17:25:03 **** Incremental Build of configuration Debug for project AMT212E-V_Micro-ROS_UART ****
make -j16 all 
echo "Kireiji_02" | sudo -S docker pull microros/micro_ros_static_library_builder:humble && echo "Kireiji_02" | sudo -S docker run --rm -v /home/kireiji/Documents/GitHub/CARVER/AMT212E-V/AMT212E-V/AMT212E-V_Micro-ROS/firmware/AMT212E-V_Micro-ROS_UART:/project --env MICROROS_LIBRARY_FOLDER=micro_ros_stm32cubemx_utils/microros_static_library_ide microros/micro_ros_static_library_builder:humble
humble: Pulling from microros/micro_ros_static_library_builder
Digest: sha256:83ab4e8ce95b2a62feb5dd270ad4460218d2d026a455ea32a5873cf629aa1e99
Status: Image is up to date for microros/micro_ros_static_library_builder:humble
docker.io/microros/micro_ros_static_library_builder:humble
[sudo] password for kireiji: dos2unix: converting file /project/micro_ros_stm32cubemx_utils/microros_static_library_ide/library_generation/library_generation.sh to Unix format...
micro-ROS library found. Skipping...
Delete micro_ros_stm32cubemx_utils/microros_static_library_ide/libmicroros/ for rebuild.
 
arm-none-eabi-gcc "../Core/Src/app_freertos.c" -mcpu=cortex-m4 -std=gnu11 -g3 -DDEBUG -DUSE_HAL_DRIVER -DSTM32G474xx -c -I../Core/Inc -I../micro_ros_stm32cubemx_utils/microros_static_library_ide/libmicroros/include -I../Drivers/STM32G4xx_HAL_Driver/Inc -I../Drivers/STM32G4xx_HAL_Driver/Inc/Legacy -I../Drivers/CMSIS/Device/ST/STM32G4xx/Include -I../Drivers/CMSIS/Include -I../Middlewares/Third_Party/FreeRTOS/Source/include -I../Middlewares/Third_Party/FreeRTOS/Source/CMSIS_RTOS_V2 -I../Middlewares/Third_Party/FreeRTOS/Source/portable/GCC/ARM_CM4F -O0 -ffunction-sections -fdata-sections -Wall -fstack-usage -fcyclomatic-complexity -MMD -MP -MF"Core/Src/app_freertos.d" -MT"Core/Src/app_freertos.o" --specs=nano.specs -mfpu=fpv4-sp-d16 -mfloat-abi=hard -mthumb -o "Core/Src/app_freertos.o"
arm-none-eabi-gcc -o "AMT212E-V_Micro-ROS_UART.elf" @"objects.list"  -lmicroros -mcpu=cortex-m4 -T"/home/kireiji/Documents/GitHub/CARVER/AMT212E-V/AMT212E-V/AMT212E-V_Micro-ROS/firmware/AMT212E-V_Micro-ROS_UART/STM32G474RETX_FLASH.ld" --specs=nosys.specs -Wl,-Map="AMT212E-V_Micro-ROS_UART.map" -Wl,--gc-sections -static -L../micro_ros_stm32cubemx_utils/microros_static_library_ide/libmicroros --specs=nano.specs -mfpu=fpv4-sp-d16 -mfloat-abi=hard -mthumb -Wl,--start-group -lc -lm -Wl,--end-group
/opt/st/stm32cubeide_1.16.1/plugins/com.st.stm32cube.ide.mcu.externaltools.gnu-tools-for-stm32.12.3.rel1.linux64_1.0.200.202406132123/tools/bin/../lib/gcc/arm-none-eabi/12.3.1/../../../../arm-none-eabi/bin/ld: /opt/st/stm32cubeide_1.16.1/plugins/com.st.stm32cube.ide.mcu.externaltools.gnu-tools-for-stm32.12.3.rel1.linux64_1.0.200.202406132123/tools/bin/../lib/gcc/arm-none-eabi/12.3.1/../../../../arm-none-eabi/lib/thumb/v7e-m+fp/hard/libc_nano.a(libc_a-gettimeofdayr.o): in function `_gettimeofday_r':
(.text._gettimeofday_r+0xe): warning: _gettimeofday is not implemented and will always fail
Finished building target: AMT212E-V_Micro-ROS_UART.elf
 
arm-none-eabi-size  AMT212E-V_Micro-ROS_UART.elf 
arm-none-eabi-objdump -h -S AMT212E-V_Micro-ROS_UART.elf  > "AMT212E-V_Micro-ROS_UART.list"
   text	   data	    bss	    dec	    hex	filename
 110460	    484	  46184	 157128	  265c8	AMT212E-V_Micro-ROS_UART.elf
Finished building: default.size.stdout
 
Finished building: AMT212E-V_Micro-ROS_UART.list
 
17:29:54 **** Incremental Build of configuration Debug for project AMT212E-V_Micro-ROS_UART ****
make -j16 all 
echo "Kireiji_02" | sudo -S docker pull microros/micro_ros_static_library_builder:humble && echo "Kireiji_02" | sudo -S docker run --rm -v /home/kireiji/Documents/GitHub/CARVER/AMT212E-V/AMT212E-V/AMT212E-V_Micro-ROS/firmware/AMT212E-V_Micro-ROS_UART:/project --env MICROROS_LIBRARY_FOLDER=micro_ros_stm32cubemx_utils/microros_static_library_ide microros/micro_ros_static_library_builder:humble
humble: Pulling from microros/micro_ros_static_library_builder
Digest: sha256:83ab4e8ce95b2a62feb5dd270ad4460218d2d026a455ea32a5873cf629aa1e99
Status: Image is up to date for microros/micro_ros_static_library_builder:humble
docker.io/microros/micro_ros_static_library_builder:humble
[sudo] password for kireiji: dos2unix: converting file /project/micro_ros_stm32cubemx_utils/microros_static_library_ide/library_generation/library_generation.sh to Unix format...
micro-ROS library found. Skipping...
Delete micro_ros_stm32cubemx_utils/microros_static_library_ide/libmicroros/ for rebuild.
 
arm-none-eabi-gcc "../Core/Src/app_freertos.c" -mcpu=cortex-m4 -std=gnu11 -g3 -DDEBUG -DUSE_HAL_DRIVER -DSTM32G474xx -c -I../Core/Inc -I../micro_ros_stm32cubemx_utils/microros_static_library_ide/libmicroros/include -I../Drivers/STM32G4xx_HAL_Driver/Inc -I../Drivers/STM32G4xx_HAL_Driver/Inc/Legacy -I../Drivers/CMSIS/Device/ST/STM32G4xx/Include -I../Drivers/CMSIS/Include -I../Middlewares/Third_Party/FreeRTOS/Source/include -I../Middlewares/Third_Party/FreeRTOS/Source/CMSIS_RTOS_V2 -I../Middlewares/Third_Party/FreeRTOS/Source/portable/GCC/ARM_CM4F -O0 -ffunction-sections -fdata-sections -Wall -fstack-usage -fcyclomatic-complexity -MMD -MP -MF"Core/Src/app_freertos.d" -MT"Core/Src/app_freertos.o" --specs=nano.specs -mfpu=fpv4-sp-d16 -mfloat-abi=hard -mthumb -o "Core/Src/app_freertos.o"
arm-none-eabi-gcc -o "AMT212E-V_Micro-ROS_UART.elf" @"objects.list"  -lmicroros -mcpu=cortex-m4 -T"/home/kireiji/Documents/GitHub/CARVER/AMT212E-V/AMT212E-V/AMT212E-V_Micro-ROS/firmware/AMT212E-V_Micro-ROS_UART/STM32G474RETX_FLASH.ld" --specs=nosys.specs -Wl,-Map="AMT212E-V_Micro-ROS_UART.map" -Wl,--gc-sections -static -L../micro_ros_stm32cubemx_utils/microros_static_library_ide/libmicroros --specs=nano.specs -mfpu=fpv4-sp-d16 -mfloat-abi=hard -mthumb -Wl,--start-group -lc -lm -Wl,--end-group
/opt/st/stm32cubeide_1.16.1/plugins/com.st.stm32cube.ide.mcu.externaltools.gnu-tools-for-stm32.12.3.rel1.linux64_1.0.200.202406132123/tools/bin/../lib/gcc/arm-none-eabi/12.3.1/../../../../arm-none-eabi/bin/ld: /opt/st/stm32cubeide_1.16.1/plugins/com.st.stm32cube.ide.mcu.externaltools.gnu-tools-for-stm32.12.3.rel1.linux64_1.0.200.202406132123/tools/bin/../lib/gcc/arm-none-eabi/12.3.1/../../../../arm-none-eabi/lib/thumb/v7e-m+fp/hard/libc_nano.a(libc_a-gettimeofdayr.o): in function `_gettimeofday_r':
(.text._gettimeofday_r+0xe): warning: _gettimeofday is not implemented and will always fail
Finished building target: AMT212E-V_Micro-ROS_UART.elf
 
arm-none-eabi-size  AMT212E-V_Micro-ROS_UART.elf 
arm-none-eabi-objdump -h -S AMT212E-V_Micro-ROS_UART.elf  > "AMT212E-V_Micro-ROS_UART.list"
   text	   data	    bss	    dec	    hex	filename
 110460	    488	  46184	 157132	  265cc	AMT212E-V_Micro-ROS_UART.elf
Finished building: default.size.stdout
 
Finished building: AMT212E-V_Micro-ROS_UART.list
 
17:32:03 **** Incremental Build of configuration Debug for project AMT212E-V_Micro-ROS_UART ****
make -j16 all 
echo "Kireiji_02" | sudo -S docker pull microros/micro_ros_static_library_builder:humble && echo "Kireiji_02" | sudo -S docker run --rm -v /home/kireiji/Documents/GitHub/CARVER/AMT212E-V/AMT212E-V/AMT212E-V_Micro-ROS/firmware/AMT212E-V_Micro-ROS_UART:/project --env MICROROS_LIBRARY_FOLDER=micro_ros_stm32cubemx_utils/microros_static_library_ide microros/micro_ros_static_library_builder:humble
humble: Pulling from microros/micro_ros_static_library_builder
Digest: sha256:83ab4e8ce95b2a62feb5dd270ad4460218d2d026a455ea32a5873cf629aa1e99
Status: Image is up to date for microros/micro_ros_static_library_builder:humble
docker.io/microros/micro_ros_static_library_builder:humble
[sudo] password for kireiji: dos2unix: converting file /project/micro_ros_stm32cubemx_utils/microros_static_library_ide/library_generation/library_generation.sh to Unix format...
micro-ROS library found. Skipping...
Delete micro_ros_stm32cubemx_utils/microros_static_library_ide/libmicroros/ for rebuild.
 
arm-none-eabi-gcc "../Core/Src/app_freertos.c" -mcpu=cortex-m4 -std=gnu11 -g3 -DDEBUG -DUSE_HAL_DRIVER -DSTM32G474xx -c -I../Core/Inc -I../micro_ros_stm32cubemx_utils/microros_static_library_ide/libmicroros/include -I../Drivers/STM32G4xx_HAL_Driver/Inc -I../Drivers/STM32G4xx_HAL_Driver/Inc/Legacy -I../Drivers/CMSIS/Device/ST/STM32G4xx/Include -I../Drivers/CMSIS/Include -I../Middlewares/Third_Party/FreeRTOS/Source/include -I../Middlewares/Third_Party/FreeRTOS/Source/CMSIS_RTOS_V2 -I../Middlewares/Third_Party/FreeRTOS/Source/portable/GCC/ARM_CM4F -O0 -ffunction-sections -fdata-sections -Wall -fstack-usage -fcyclomatic-complexity -MMD -MP -MF"Core/Src/app_freertos.d" -MT"Core/Src/app_freertos.o" --specs=nano.specs -mfpu=fpv4-sp-d16 -mfloat-abi=hard -mthumb -o "Core/Src/app_freertos.o"
arm-none-eabi-gcc -o "AMT212E-V_Micro-ROS_UART.elf" @"objects.list"  -lmicroros -mcpu=cortex-m4 -T"/home/kireiji/Documents/GitHub/CARVER/AMT212E-V/AMT212E-V/AMT212E-V_Micro-ROS/firmware/AMT212E-V_Micro-ROS_UART/STM32G474RETX_FLASH.ld" --specs=nosys.specs -Wl,-Map="AMT212E-V_Micro-ROS_UART.map" -Wl,--gc-sections -static -L../micro_ros_stm32cubemx_utils/microros_static_library_ide/libmicroros --specs=nano.specs -mfpu=fpv4-sp-d16 -mfloat-abi=hard -mthumb -Wl,--start-group -lc -lm -Wl,--end-group
/opt/st/stm32cubeide_1.16.1/plugins/com.st.stm32cube.ide.mcu.externaltools.gnu-tools-for-stm32.12.3.rel1.linux64_1.0.200.202406132123/tools/bin/../lib/gcc/arm-none-eabi/12.3.1/../../../../arm-none-eabi/bin/ld: /opt/st/stm32cubeide_1.16.1/plugins/com.st.stm32cube.ide.mcu.externaltools.gnu-tools-for-stm32.12.3.rel1.linux64_1.0.200.202406132123/tools/bin/../lib/gcc/arm-none-eabi/12.3.1/../../../../arm-none-eabi/lib/thumb/v7e-m+fp/hard/libc_nano.a(libc_a-gettimeofdayr.o): in function `_gettimeofday_r':
(.text._gettimeofday_r+0xe): warning: _gettimeofday is not implemented and will always fail
Finished building target: AMT212E-V_Micro-ROS_UART.elf
 
arm-none-eabi-size  AMT212E-V_Micro-ROS_UART.elf 
arm-none-eabi-objdump -h -S AMT212E-V_Micro-ROS_UART.elf  > "AMT212E-V_Micro-ROS_UART.list"
   text	   data	    bss	    dec	    hex	filename
 110460	    488	  46184	 157132	  265cc	AMT212E-V_Micro-ROS_UART.elf
Finished building: default.size.stdout
 
Finished building: AMT212E-V_Micro-ROS_UART.list
 
17:34:51 **** Incremental Build of configuration Debug for project AMT212E-V_Micro-ROS_UART ****
make -j16 all 
echo "Kireiji_02" | sudo -S docker pull microros/micro_ros_static_library_builder:humble && echo "Kireiji_02" | sudo -S docker run --rm -v /home/kireiji/Documents/GitHub/CARVER/AMT212E-V/AMT212E-V/AMT212E-V_Micro-ROS/firmware/AMT212E-V_Micro-ROS_UART:/project --env MICROROS_LIBRARY_FOLDER=micro_ros_stm32cubemx_utils/microros_static_library_ide microros/micro_ros_static_library_builder:humble
humble: Pulling from microros/micro_ros_static_library_builder
Digest: sha256:83ab4e8ce95b2a62feb5dd270ad4460218d2d026a455ea32a5873cf629aa1e99
Status: Image is up to date for microros/micro_ros_static_library_builder:humble
docker.io/microros/micro_ros_static_library_builder:humble
[sudo] password for kireiji: dos2unix: converting file /project/micro_ros_stm32cubemx_utils/microros_static_library_ide/library_generation/library_generation.sh to Unix format...
micro-ROS library found. Skipping...
Delete micro_ros_stm32cubemx_utils/microros_static_library_ide/libmicroros/ for rebuild.
 
arm-none-eabi-gcc "../Core/Src/app_freertos.c" -mcpu=cortex-m4 -std=gnu11 -g3 -DDEBUG -DUSE_HAL_DRIVER -DSTM32G474xx -c -I../Core/Inc -I../micro_ros_stm32cubemx_utils/microros_static_library_ide/libmicroros/include -I../Drivers/STM32G4xx_HAL_Driver/Inc -I../Drivers/STM32G4xx_HAL_Driver/Inc/Legacy -I../Drivers/CMSIS/Device/ST/STM32G4xx/Include -I../Drivers/CMSIS/Include -I../Middlewares/Third_Party/FreeRTOS/Source/include -I../Middlewares/Third_Party/FreeRTOS/Source/CMSIS_RTOS_V2 -I../Middlewares/Third_Party/FreeRTOS/Source/portable/GCC/ARM_CM4F -O0 -ffunction-sections -fdata-sections -Wall -fstack-usage -fcyclomatic-complexity -MMD -MP -MF"Core/Src/app_freertos.d" -MT"Core/Src/app_freertos.o" --specs=nano.specs -mfpu=fpv4-sp-d16 -mfloat-abi=hard -mthumb -o "Core/Src/app_freertos.o"
arm-none-eabi-gcc -o "AMT212E-V_Micro-ROS_UART.elf" @"objects.list"  -lmicroros -mcpu=cortex-m4 -T"/home/kireiji/Documents/GitHub/CARVER/AMT212E-V/AMT212E-V/AMT212E-V_Micro-ROS/firmware/AMT212E-V_Micro-ROS_UART/STM32G474RETX_FLASH.ld" --specs=nosys.specs -Wl,-Map="AMT212E-V_Micro-ROS_UART.map" -Wl,--gc-sections -static -L../micro_ros_stm32cubemx_utils/microros_static_library_ide/libmicroros --specs=nano.specs -mfpu=fpv4-sp-d16 -mfloat-abi=hard -mthumb -Wl,--start-group -lc -lm -Wl,--end-group
/opt/st/stm32cubeide_1.16.1/plugins/com.st.stm32cube.ide.mcu.externaltools.gnu-tools-for-stm32.12.3.rel1.linux64_1.0.200.202406132123/tools/bin/../lib/gcc/arm-none-eabi/12.3.1/../../../../arm-none-eabi/bin/ld: /opt/st/stm32cubeide_1.16.1/plugins/com.st.stm32cube.ide.mcu.externaltools.gnu-tools-for-stm32.12.3.rel1.linux64_1.0.200.202406132123/tools/bin/../lib/gcc/arm-none-eabi/12.3.1/../../../../arm-none-eabi/lib/thumb/v7e-m+fp/hard/libc_nano.a(libc_a-gettimeofdayr.o): in function `_gettimeofday_r':
(.text._gettimeofday_r+0xe): warning: _gettimeofday is not implemented and will always fail
Finished building target: AMT212E-V_Micro-ROS_UART.elf
 
arm-none-eabi-size  AMT212E-V_Micro-ROS_UART.elf 
arm-none-eabi-objdump -h -S AMT212E-V_Micro-ROS_UART.elf  > "AMT212E-V_Micro-ROS_UART.list"
   text	   data	    bss	    dec	    hex	filename
 110460	    488	  46184	 157132	  265cc	AMT212E-V_Micro-ROS_UART.elf
Finished building: default.size.stdout
 
Finished building: AMT212E-V_Micro-ROS_UART.list
 
17:36:47 **** Incremental Build of configuration Debug for project AMT212E-V_Micro-ROS_UART ****
make -j16 all 
echo "Kireiji_02" | sudo -S docker pull microros/micro_ros_static_library_builder:humble && echo "Kireiji_02" | sudo -S docker run --rm -v /home/kireiji/Documents/GitHub/CARVER/AMT212E-V/AMT212E-V/AMT212E-V_Micro-ROS/firmware/AMT212E-V_Micro-ROS_UART:/project --env MICROROS_LIBRARY_FOLDER=micro_ros_stm32cubemx_utils/microros_static_library_ide microros/micro_ros_static_library_builder:humble
humble: Pulling from microros/micro_ros_static_library_builder
Digest: sha256:83ab4e8ce95b2a62feb5dd270ad4460218d2d026a455ea32a5873cf629aa1e99
Status: Image is up to date for microros/micro_ros_static_library_builder:humble
docker.io/microros/micro_ros_static_library_builder:humble
[sudo] password for kireiji: dos2unix: converting file /project/micro_ros_stm32cubemx_utils/microros_static_library_ide/library_generation/library_generation.sh to Unix format...
micro-ROS library found. Skipping...
Delete micro_ros_stm32cubemx_utils/microros_static_library_ide/libmicroros/ for rebuild.
 
arm-none-eabi-gcc "../Core/Src/app_freertos.c" -mcpu=cortex-m4 -std=gnu11 -g3 -DDEBUG -DUSE_HAL_DRIVER -DSTM32G474xx -c -I../Core/Inc -I../micro_ros_stm32cubemx_utils/microros_static_library_ide/libmicroros/include -I../Drivers/STM32G4xx_HAL_Driver/Inc -I../Drivers/STM32G4xx_HAL_Driver/Inc/Legacy -I../Drivers/CMSIS/Device/ST/STM32G4xx/Include -I../Drivers/CMSIS/Include -I../Middlewares/Third_Party/FreeRTOS/Source/include -I../Middlewares/Third_Party/FreeRTOS/Source/CMSIS_RTOS_V2 -I../Middlewares/Third_Party/FreeRTOS/Source/portable/GCC/ARM_CM4F -O0 -ffunction-sections -fdata-sections -Wall -fstack-usage -fcyclomatic-complexity -MMD -MP -MF"Core/Src/app_freertos.d" -MT"Core/Src/app_freertos.o" --specs=nano.specs -mfpu=fpv4-sp-d16 -mfloat-abi=hard -mthumb -o "Core/Src/app_freertos.o"
../Core/Src/app_freertos.c:88:29: error: expected ';' before 'float'
   88 | float filtered_value = 0.0;W
      |                             ^
      |                             ;
   89 | float steering_angle = 0.0;
      | ~~~~~                        
make[1]: *** [Core/Src/subdir.mk:79: Core/Src/app_freertos.o] Error 1
make: *** [makefile:63: all] Error 2
"make -j16 all" terminated with exit code 2. Build might be incomplete.
17:36:58 **** Incremental Build of configuration Debug for project AMT212E-V_Micro-ROS_UART ****
make -j16 all 
echo "Kireiji_02" | sudo -S docker pull microros/micro_ros_static_library_builder:humble && echo "Kireiji_02" | sudo -S docker run --rm -v /home/kireiji/Documents/GitHub/CARVER/AMT212E-V/AMT212E-V/AMT212E-V_Micro-ROS/firmware/AMT212E-V_Micro-ROS_UART:/project --env MICROROS_LIBRARY_FOLDER=micro_ros_stm32cubemx_utils/microros_static_library_ide microros/micro_ros_static_library_builder:humble
humble: Pulling from microros/micro_ros_static_library_builder
Digest: sha256:83ab4e8ce95b2a62feb5dd270ad4460218d2d026a455ea32a5873cf629aa1e99
Status: Image is up to date for microros/micro_ros_static_library_builder:humble
docker.io/microros/micro_ros_static_library_builder:humble
[sudo] password for kireiji: dos2unix: converting file /project/micro_ros_stm32cubemx_utils/microros_static_library_ide/library_generation/library_generation.sh to Unix format...
micro-ROS library found. Skipping...
Delete micro_ros_stm32cubemx_utils/microros_static_library_ide/libmicroros/ for rebuild.
 
arm-none-eabi-gcc "../Core/Src/app_freertos.c" -mcpu=cortex-m4 -std=gnu11 -g3 -DDEBUG -DUSE_HAL_DRIVER -DSTM32G474xx -c -I../Core/Inc -I../micro_ros_stm32cubemx_utils/microros_static_library_ide/libmicroros/include -I../Drivers/STM32G4xx_HAL_Driver/Inc -I../Drivers/STM32G4xx_HAL_Driver/Inc/Legacy -I../Drivers/CMSIS/Device/ST/STM32G4xx/Include -I../Drivers/CMSIS/Include -I../Middlewares/Third_Party/FreeRTOS/Source/include -I../Middlewares/Third_Party/FreeRTOS/Source/CMSIS_RTOS_V2 -I../Middlewares/Third_Party/FreeRTOS/Source/portable/GCC/ARM_CM4F -O0 -ffunction-sections -fdata-sections -Wall -fstack-usage -fcyclomatic-complexity -MMD -MP -MF"Core/Src/app_freertos.d" -MT"Core/Src/app_freertos.o" --specs=nano.specs -mfpu=fpv4-sp-d16 -mfloat-abi=hard -mthumb -o "Core/Src/app_freertos.o"
arm-none-eabi-gcc -o "AMT212E-V_Micro-ROS_UART.elf" @"objects.list"  -lmicroros -mcpu=cortex-m4 -T"/home/kireiji/Documents/GitHub/CARVER/AMT212E-V/AMT212E-V/AMT212E-V_Micro-ROS/firmware/AMT212E-V_Micro-ROS_UART/STM32G474RETX_FLASH.ld" --specs=nosys.specs -Wl,-Map="AMT212E-V_Micro-ROS_UART.map" -Wl,--gc-sections -static -L../micro_ros_stm32cubemx_utils/microros_static_library_ide/libmicroros --specs=nano.specs -mfpu=fpv4-sp-d16 -mfloat-abi=hard -mthumb -Wl,--start-group -lc -lm -Wl,--end-group
/opt/st/stm32cubeide_1.16.1/plugins/com.st.stm32cube.ide.mcu.externaltools.gnu-tools-for-stm32.12.3.rel1.linux64_1.0.200.202406132123/tools/bin/../lib/gcc/arm-none-eabi/12.3.1/../../../../arm-none-eabi/bin/ld: /opt/st/stm32cubeide_1.16.1/plugins/com.st.stm32cube.ide.mcu.externaltools.gnu-tools-for-stm32.12.3.rel1.linux64_1.0.200.202406132123/tools/bin/../lib/gcc/arm-none-eabi/12.3.1/../../../../arm-none-eabi/lib/thumb/v7e-m+fp/hard/libc_nano.a(libc_a-gettimeofdayr.o): in function `_gettimeofday_r':
(.text._gettimeofday_r+0xe): warning: _gettimeofday is not implemented and will always fail
Finished building target: AMT212E-V_Micro-ROS_UART.elf
 
arm-none-eabi-size  AMT212E-V_Micro-ROS_UART.elf 
arm-none-eabi-objdump -h -S AMT212E-V_Micro-ROS_UART.elf  > "AMT212E-V_Micro-ROS_UART.list"
   text	   data	    bss	    dec	    hex	filename
 110444	    484	  46184	 157112	  265b8	AMT212E-V_Micro-ROS_UART.elf
Finished building: default.size.stdout
 
Finished building: AMT212E-V_Micro-ROS_UART.list
 
17:38:52 **** Incremental Build of configuration Debug for project AMT212E-V_Micro-ROS_UART ****
make -j16 all 
echo "Kireiji_02" | sudo -S docker pull microros/micro_ros_static_library_builder:humble && echo "Kireiji_02" | sudo -S docker run --rm -v /home/kireiji/Documents/GitHub/CARVER/AMT212E-V/AMT212E-V/AMT212E-V_Micro-ROS/firmware/AMT212E-V_Micro-ROS_UART:/project --env MICROROS_LIBRARY_FOLDER=micro_ros_stm32cubemx_utils/microros_static_library_ide microros/micro_ros_static_library_builder:humble
humble: Pulling from microros/micro_ros_static_library_builder
Digest: sha256:83ab4e8ce95b2a62feb5dd270ad4460218d2d026a455ea32a5873cf629aa1e99
Status: Image is up to date for microros/micro_ros_static_library_builder:humble
docker.io/microros/micro_ros_static_library_builder:humble
[sudo] password for kireiji: dos2unix: converting file /project/micro_ros_stm32cubemx_utils/microros_static_library_ide/library_generation/library_generation.sh to Unix format...
micro-ROS library found. Skipping...
Delete micro_ros_stm32cubemx_utils/microros_static_library_ide/libmicroros/ for rebuild.
 
arm-none-eabi-gcc "../Core/Src/app_freertos.c" -mcpu=cortex-m4 -std=gnu11 -g3 -DDEBUG -DUSE_HAL_DRIVER -DSTM32G474xx -c -I../Core/Inc -I../micro_ros_stm32cubemx_utils/microros_static_library_ide/libmicroros/include -I../Drivers/STM32G4xx_HAL_Driver/Inc -I../Drivers/STM32G4xx_HAL_Driver/Inc/Legacy -I../Drivers/CMSIS/Device/ST/STM32G4xx/Include -I../Drivers/CMSIS/Include -I../Middlewares/Third_Party/FreeRTOS/Source/include -I../Middlewares/Third_Party/FreeRTOS/Source/CMSIS_RTOS_V2 -I../Middlewares/Third_Party/FreeRTOS/Source/portable/GCC/ARM_CM4F -O0 -ffunction-sections -fdata-sections -Wall -fstack-usage -fcyclomatic-complexity -MMD -MP -MF"Core/Src/app_freertos.d" -MT"Core/Src/app_freertos.o" --specs=nano.specs -mfpu=fpv4-sp-d16 -mfloat-abi=hard -mthumb -o "Core/Src/app_freertos.o"
arm-none-eabi-gcc -o "AMT212E-V_Micro-ROS_UART.elf" @"objects.list"  -lmicroros -mcpu=cortex-m4 -T"/home/kireiji/Documents/GitHub/CARVER/AMT212E-V/AMT212E-V/AMT212E-V_Micro-ROS/firmware/AMT212E-V_Micro-ROS_UART/STM32G474RETX_FLASH.ld" --specs=nosys.specs -Wl,-Map="AMT212E-V_Micro-ROS_UART.map" -Wl,--gc-sections -static -L../micro_ros_stm32cubemx_utils/microros_static_library_ide/libmicroros --specs=nano.specs -mfpu=fpv4-sp-d16 -mfloat-abi=hard -mthumb -Wl,--start-group -lc -lm -Wl,--end-group
/opt/st/stm32cubeide_1.16.1/plugins/com.st.stm32cube.ide.mcu.externaltools.gnu-tools-for-stm32.12.3.rel1.linux64_1.0.200.202406132123/tools/bin/../lib/gcc/arm-none-eabi/12.3.1/../../../../arm-none-eabi/bin/ld: /opt/st/stm32cubeide_1.16.1/plugins/com.st.stm32cube.ide.mcu.externaltools.gnu-tools-for-stm32.12.3.rel1.linux64_1.0.200.202406132123/tools/bin/../lib/gcc/arm-none-eabi/12.3.1/../../../../arm-none-eabi/lib/thumb/v7e-m+fp/hard/libc_nano.a(libc_a-gettimeofdayr.o): in function `_gettimeofday_r':
(.text._gettimeofday_r+0xe): warning: _gettimeofday is not implemented and will always fail
Finished building target: AMT212E-V_Micro-ROS_UART.elf
 
arm-none-eabi-size  AMT212E-V_Micro-ROS_UART.elf 
arm-none-eabi-objdump -h -S AMT212E-V_Micro-ROS_UART.elf  > "AMT212E-V_Micro-ROS_UART.list"
   text	   data	    bss	    dec	    hex	filename
 110444	    484	  46184	 157112	  265b8	AMT212E-V_Micro-ROS_UART.elf
Finished building: default.size.stdout
 
Finished building: AMT212E-V_Micro-ROS_UART.list
 
17:39:43 **** Incremental Build of configuration Debug for project AMT212E-V_Micro-ROS_UART ****
make -j16 all 
echo "Kireiji_02" | sudo -S docker pull microros/micro_ros_static_library_builder:humble && echo "Kireiji_02" | sudo -S docker run --rm -v /home/kireiji/Documents/GitHub/CARVER/AMT212E-V/AMT212E-V/AMT212E-V_Micro-ROS/firmware/AMT212E-V_Micro-ROS_UART:/project --env MICROROS_LIBRARY_FOLDER=micro_ros_stm32cubemx_utils/microros_static_library_ide microros/micro_ros_static_library_builder:humble
humble: Pulling from microros/micro_ros_static_library_builder
Digest: sha256:83ab4e8ce95b2a62feb5dd270ad4460218d2d026a455ea32a5873cf629aa1e99
Status: Image is up to date for microros/micro_ros_static_library_builder:humble
docker.io/microros/micro_ros_static_library_builder:humble
[sudo] password for kireiji: dos2unix: converting file /project/micro_ros_stm32cubemx_utils/microros_static_library_ide/library_generation/library_generation.sh to Unix format...
micro-ROS library found. Skipping...
Delete micro_ros_stm32cubemx_utils/microros_static_library_ide/libmicroros/ for rebuild.
 
arm-none-eabi-gcc "../Core/Src/app_freertos.c" -mcpu=cortex-m4 -std=gnu11 -g3 -DDEBUG -DUSE_HAL_DRIVER -DSTM32G474xx -c -I../Core/Inc -I../micro_ros_stm32cubemx_utils/microros_static_library_ide/libmicroros/include -I../Drivers/STM32G4xx_HAL_Driver/Inc -I../Drivers/STM32G4xx_HAL_Driver/Inc/Legacy -I../Drivers/CMSIS/Device/ST/STM32G4xx/Include -I../Drivers/CMSIS/Include -I../Middlewares/Third_Party/FreeRTOS/Source/include -I../Middlewares/Third_Party/FreeRTOS/Source/CMSIS_RTOS_V2 -I../Middlewares/Third_Party/FreeRTOS/Source/portable/GCC/ARM_CM4F -O0 -ffunction-sections -fdata-sections -Wall -fstack-usage -fcyclomatic-complexity -MMD -MP -MF"Core/Src/app_freertos.d" -MT"Core/Src/app_freertos.o" --specs=nano.specs -mfpu=fpv4-sp-d16 -mfloat-abi=hard -mthumb -o "Core/Src/app_freertos.o"
arm-none-eabi-gcc -o "AMT212E-V_Micro-ROS_UART.elf" @"objects.list"  -lmicroros -mcpu=cortex-m4 -T"/home/kireiji/Documents/GitHub/CARVER/AMT212E-V/AMT212E-V/AMT212E-V_Micro-ROS/firmware/AMT212E-V_Micro-ROS_UART/STM32G474RETX_FLASH.ld" --specs=nosys.specs -Wl,-Map="AMT212E-V_Micro-ROS_UART.map" -Wl,--gc-sections -static -L../micro_ros_stm32cubemx_utils/microros_static_library_ide/libmicroros --specs=nano.specs -mfpu=fpv4-sp-d16 -mfloat-abi=hard -mthumb -Wl,--start-group -lc -lm -Wl,--end-group
/opt/st/stm32cubeide_1.16.1/plugins/com.st.stm32cube.ide.mcu.externaltools.gnu-tools-for-stm32.12.3.rel1.linux64_1.0.200.202406132123/tools/bin/../lib/gcc/arm-none-eabi/12.3.1/../../../../arm-none-eabi/bin/ld: /opt/st/stm32cubeide_1.16.1/plugins/com.st.stm32cube.ide.mcu.externaltools.gnu-tools-for-stm32.12.3.rel1.linux64_1.0.200.202406132123/tools/bin/../lib/gcc/arm-none-eabi/12.3.1/../../../../arm-none-eabi/lib/thumb/v7e-m+fp/hard/libc_nano.a(libc_a-gettimeofdayr.o): in function `_gettimeofday_r':
(.text._gettimeofday_r+0xe): warning: _gettimeofday is not implemented and will always fail
Finished building target: AMT212E-V_Micro-ROS_UART.elf
 
arm-none-eabi-size  AMT212E-V_Micro-ROS_UART.elf 
arm-none-eabi-objdump -h -S AMT212E-V_Micro-ROS_UART.elf  > "AMT212E-V_Micro-ROS_UART.list"
   text	   data	    bss	    dec	    hex	filename
 110444	    484	  46184	 157112	  265b8	AMT212E-V_Micro-ROS_UART.elf
Finished building: default.size.stdout
 
Finished building: AMT212E-V_Micro-ROS_UART.list
 
17:40:23 **** Incremental Build of configuration Debug for project AMT212E-V_Micro-ROS_UART ****
make -j16 all 
echo "Kireiji_02" | sudo -S docker pull microros/micro_ros_static_library_builder:humble && echo "Kireiji_02" | sudo -S docker run --rm -v /home/kireiji/Documents/GitHub/CARVER/AMT212E-V/AMT212E-V/AMT212E-V_Micro-ROS/firmware/AMT212E-V_Micro-ROS_UART:/project --env MICROROS_LIBRARY_FOLDER=micro_ros_stm32cubemx_utils/microros_static_library_ide microros/micro_ros_static_library_builder:humble
humble: Pulling from microros/micro_ros_static_library_builder
Digest: sha256:83ab4e8ce95b2a62feb5dd270ad4460218d2d026a455ea32a5873cf629aa1e99
Status: Image is up to date for microros/micro_ros_static_library_builder:humble
docker.io/microros/micro_ros_static_library_builder:humble
[sudo] password for kireiji: dos2unix: converting file /project/micro_ros_stm32cubemx_utils/microros_static_library_ide/library_generation/library_generation.sh to Unix format...
micro-ROS library found. Skipping...
Delete micro_ros_stm32cubemx_utils/microros_static_library_ide/libmicroros/ for rebuild.
 
arm-none-eabi-size  AMT212E-V_Micro-ROS_UART.elf 
   text	   data	    bss	    dec	    hex	filename
 110444	    484	  46184	 157112	  265b8	AMT212E-V_Micro-ROS_UART.elf
Finished building: default.size.stdout
 
17:52:08 **** Incremental Build of configuration Debug for project AMT212E-V_Micro-ROS_UART ****
make -j16 all 
echo "Kireiji_02" | sudo -S docker pull microros/micro_ros_static_library_builder:humble && echo "Kireiji_02" | sudo -S docker run --rm -v /home/kireiji/Documents/GitHub/CARVER/AMT212E-V/AMT212E-V/AMT212E-V_Micro-ROS/firmware/AMT212E-V_Micro-ROS_UART:/project --env MICROROS_LIBRARY_FOLDER=micro_ros_stm32cubemx_utils/microros_static_library_ide microros/micro_ros_static_library_builder:humble
humble: Pulling from microros/micro_ros_static_library_builder
Digest: sha256:83ab4e8ce95b2a62feb5dd270ad4460218d2d026a455ea32a5873cf629aa1e99
Status: Image is up to date for microros/micro_ros_static_library_builder:humble
docker.io/microros/micro_ros_static_library_builder:humble
[sudo] password for kireiji: dos2unix: converting file /project/micro_ros_stm32cubemx_utils/microros_static_library_ide/library_generation/library_generation.sh to Unix format...
micro-ROS library found. Skipping...
Delete micro_ros_stm32cubemx_utils/microros_static_library_ide/libmicroros/ for rebuild.
 
arm-none-eabi-gcc "../Core/Src/app_freertos.c" -mcpu=cortex-m4 -std=gnu11 -g3 -DDEBUG -DUSE_HAL_DRIVER -DSTM32G474xx -c -I../Core/Inc -I../micro_ros_stm32cubemx_utils/microros_static_library_ide/libmicroros/include -I../Drivers/STM32G4xx_HAL_Driver/Inc -I../Drivers/STM32G4xx_HAL_Driver/Inc/Legacy -I../Drivers/CMSIS/Device/ST/STM32G4xx/Include -I../Drivers/CMSIS/Include -I../Middlewares/Third_Party/FreeRTOS/Source/include -I../Middlewares/Third_Party/FreeRTOS/Source/CMSIS_RTOS_V2 -I../Middlewares/Third_Party/FreeRTOS/Source/portable/GCC/ARM_CM4F -O0 -ffunction-sections -fdata-sections -Wall -fstack-usage -fcyclomatic-complexity -MMD -MP -MF"Core/Src/app_freertos.d" -MT"Core/Src/app_freertos.o" --specs=nano.specs -mfpu=fpv4-sp-d16 -mfloat-abi=hard -mthumb -o "Core/Src/app_freertos.o"
arm-none-eabi-gcc -o "AMT212E-V_Micro-ROS_UART.elf" @"objects.list"  -lmicroros -mcpu=cortex-m4 -T"/home/kireiji/Documents/GitHub/CARVER/AMT212E-V/AMT212E-V/AMT212E-V_Micro-ROS/firmware/AMT212E-V_Micro-ROS_UART/STM32G474RETX_FLASH.ld" --specs=nosys.specs -Wl,-Map="AMT212E-V_Micro-ROS_UART.map" -Wl,--gc-sections -static -L../micro_ros_stm32cubemx_utils/microros_static_library_ide/libmicroros --specs=nano.specs -mfpu=fpv4-sp-d16 -mfloat-abi=hard -mthumb -Wl,--start-group -lc -lm -Wl,--end-group
/opt/st/stm32cubeide_1.16.1/plugins/com.st.stm32cube.ide.mcu.externaltools.gnu-tools-for-stm32.12.3.rel1.linux64_1.0.200.202406132123/tools/bin/../lib/gcc/arm-none-eabi/12.3.1/../../../../arm-none-eabi/bin/ld: /opt/st/stm32cubeide_1.16.1/plugins/com.st.stm32cube.ide.mcu.externaltools.gnu-tools-for-stm32.12.3.rel1.linux64_1.0.200.202406132123/tools/bin/../lib/gcc/arm-none-eabi/12.3.1/../../../../arm-none-eabi/lib/thumb/v7e-m+fp/hard/libc_nano.a(libc_a-gettimeofdayr.o): in function `_gettimeofday_r':
(.text._gettimeofday_r+0xe): warning: _gettimeofday is not implemented and will always fail
Finished building target: AMT212E-V_Micro-ROS_UART.elf
 
arm-none-eabi-size  AMT212E-V_Micro-ROS_UART.elf 
arm-none-eabi-objdump -h -S AMT212E-V_Micro-ROS_UART.elf  > "AMT212E-V_Micro-ROS_UART.list"
   text	   data	    bss	    dec	    hex	filename
 110444	    484	  46184	 157112	  265b8	AMT212E-V_Micro-ROS_UART.elf
Finished building: default.size.stdout
 
Finished building: AMT212E-V_Micro-ROS_UART.list
 
17:53:01 **** Incremental Build of configuration Debug for project AMT212E-V_Micro-ROS_UART ****
make -j16 all 
echo "Kireiji_02" | sudo -S docker pull microros/micro_ros_static_library_builder:humble && echo "Kireiji_02" | sudo -S docker run --rm -v /home/kireiji/Documents/GitHub/CARVER/AMT212E-V/AMT212E-V/AMT212E-V_Micro-ROS/firmware/AMT212E-V_Micro-ROS_UART:/project --env MICROROS_LIBRARY_FOLDER=micro_ros_stm32cubemx_utils/microros_static_library_ide microros/micro_ros_static_library_builder:humble
humble: Pulling from microros/micro_ros_static_library_builder
Digest: sha256:83ab4e8ce95b2a62feb5dd270ad4460218d2d026a455ea32a5873cf629aa1e99
Status: Image is up to date for microros/micro_ros_static_library_builder:humble
docker.io/microros/micro_ros_static_library_builder:humble
[sudo] password for kireiji: dos2unix: converting file /project/micro_ros_stm32cubemx_utils/microros_static_library_ide/library_generation/library_generation.sh to Unix format...
micro-ROS library found. Skipping...
Delete micro_ros_stm32cubemx_utils/microros_static_library_ide/libmicroros/ for rebuild.
 
arm-none-eabi-gcc "../Core/Src/app_freertos.c" -mcpu=cortex-m4 -std=gnu11 -g3 -DDEBUG -DUSE_HAL_DRIVER -DSTM32G474xx -c -I../Core/Inc -I../micro_ros_stm32cubemx_utils/microros_static_library_ide/libmicroros/include -I../Drivers/STM32G4xx_HAL_Driver/Inc -I../Drivers/STM32G4xx_HAL_Driver/Inc/Legacy -I../Drivers/CMSIS/Device/ST/STM32G4xx/Include -I../Drivers/CMSIS/Include -I../Middlewares/Third_Party/FreeRTOS/Source/include -I../Middlewares/Third_Party/FreeRTOS/Source/CMSIS_RTOS_V2 -I../Middlewares/Third_Party/FreeRTOS/Source/portable/GCC/ARM_CM4F -O0 -ffunction-sections -fdata-sections -Wall -fstack-usage -fcyclomatic-complexity -MMD -MP -MF"Core/Src/app_freertos.d" -MT"Core/Src/app_freertos.o" --specs=nano.specs -mfpu=fpv4-sp-d16 -mfloat-abi=hard -mthumb -o "Core/Src/app_freertos.o"
arm-none-eabi-gcc -o "AMT212E-V_Micro-ROS_UART.elf" @"objects.list"  -lmicroros -mcpu=cortex-m4 -T"/home/kireiji/Documents/GitHub/CARVER/AMT212E-V/AMT212E-V/AMT212E-V_Micro-ROS/firmware/AMT212E-V_Micro-ROS_UART/STM32G474RETX_FLASH.ld" --specs=nosys.specs -Wl,-Map="AMT212E-V_Micro-ROS_UART.map" -Wl,--gc-sections -static -L../micro_ros_stm32cubemx_utils/microros_static_library_ide/libmicroros --specs=nano.specs -mfpu=fpv4-sp-d16 -mfloat-abi=hard -mthumb -Wl,--start-group -lc -lm -Wl,--end-group
/opt/st/stm32cubeide_1.16.1/plugins/com.st.stm32cube.ide.mcu.externaltools.gnu-tools-for-stm32.12.3.rel1.linux64_1.0.200.202406132123/tools/bin/../lib/gcc/arm-none-eabi/12.3.1/../../../../arm-none-eabi/bin/ld: /opt/st/stm32cubeide_1.16.1/plugins/com.st.stm32cube.ide.mcu.externaltools.gnu-tools-for-stm32.12.3.rel1.linux64_1.0.200.202406132123/tools/bin/../lib/gcc/arm-none-eabi/12.3.1/../../../../arm-none-eabi/lib/thumb/v7e-m+fp/hard/libc_nano.a(libc_a-gettimeofdayr.o): in function `_gettimeofday_r':
(.text._gettimeofday_r+0xe): warning: _gettimeofday is not implemented and will always fail
Finished building target: AMT212E-V_Micro-ROS_UART.elf
 
arm-none-eabi-size  AMT212E-V_Micro-ROS_UART.elf 
arm-none-eabi-objdump -h -S AMT212E-V_Micro-ROS_UART.elf  > "AMT212E-V_Micro-ROS_UART.list"
   text	   data	    bss	    dec	    hex	filename
 110444	    488	  46184	 157116	  265bc	AMT212E-V_Micro-ROS_UART.elf
Finished building: default.size.stdout
 
Finished building: AMT212E-V_Micro-ROS_UART.list
 
17:54:13 **** Incremental Build of configuration Debug for project AMT212E-V_Micro-ROS_UART ****
make -j16 all 
echo "Kireiji_02" | sudo -S docker pull microros/micro_ros_static_library_builder:humble && echo "Kireiji_02" | sudo -S docker run --rm -v /home/kireiji/Documents/GitHub/CARVER/AMT212E-V/AMT212E-V/AMT212E-V_Micro-ROS/firmware/AMT212E-V_Micro-ROS_UART:/project --env MICROROS_LIBRARY_FOLDER=micro_ros_stm32cubemx_utils/microros_static_library_ide microros/micro_ros_static_library_builder:humble
humble: Pulling from microros/micro_ros_static_library_builder
Digest: sha256:83ab4e8ce95b2a62feb5dd270ad4460218d2d026a455ea32a5873cf629aa1e99
Status: Image is up to date for microros/micro_ros_static_library_builder:humble
docker.io/microros/micro_ros_static_library_builder:humble
[sudo] password for kireiji: dos2unix: converting file /project/micro_ros_stm32cubemx_utils/microros_static_library_ide/library_generation/library_generation.sh to Unix format...
micro-ROS library found. Skipping...
Delete micro_ros_stm32cubemx_utils/microros_static_library_ide/libmicroros/ for rebuild.
 
arm-none-eabi-gcc "../Core/Src/app_freertos.c" -mcpu=cortex-m4 -std=gnu11 -g3 -DDEBUG -DUSE_HAL_DRIVER -DSTM32G474xx -c -I../Core/Inc -I../micro_ros_stm32cubemx_utils/microros_static_library_ide/libmicroros/include -I../Drivers/STM32G4xx_HAL_Driver/Inc -I../Drivers/STM32G4xx_HAL_Driver/Inc/Legacy -I../Drivers/CMSIS/Device/ST/STM32G4xx/Include -I../Drivers/CMSIS/Include -I../Middlewares/Third_Party/FreeRTOS/Source/include -I../Middlewares/Third_Party/FreeRTOS/Source/CMSIS_RTOS_V2 -I../Middlewares/Third_Party/FreeRTOS/Source/portable/GCC/ARM_CM4F -O0 -ffunction-sections -fdata-sections -Wall -fstack-usage -fcyclomatic-complexity -MMD -MP -MF"Core/Src/app_freertos.d" -MT"Core/Src/app_freertos.o" --specs=nano.specs -mfpu=fpv4-sp-d16 -mfloat-abi=hard -mthumb -o "Core/Src/app_freertos.o"
arm-none-eabi-gcc -o "AMT212E-V_Micro-ROS_UART.elf" @"objects.list"  -lmicroros -mcpu=cortex-m4 -T"/home/kireiji/Documents/GitHub/CARVER/AMT212E-V/AMT212E-V/AMT212E-V_Micro-ROS/firmware/AMT212E-V_Micro-ROS_UART/STM32G474RETX_FLASH.ld" --specs=nosys.specs -Wl,-Map="AMT212E-V_Micro-ROS_UART.map" -Wl,--gc-sections -static -L../micro_ros_stm32cubemx_utils/microros_static_library_ide/libmicroros --specs=nano.specs -mfpu=fpv4-sp-d16 -mfloat-abi=hard -mthumb -Wl,--start-group -lc -lm -Wl,--end-group
/opt/st/stm32cubeide_1.16.1/plugins/com.st.stm32cube.ide.mcu.externaltools.gnu-tools-for-stm32.12.3.rel1.linux64_1.0.200.202406132123/tools/bin/../lib/gcc/arm-none-eabi/12.3.1/../../../../arm-none-eabi/bin/ld: /opt/st/stm32cubeide_1.16.1/plugins/com.st.stm32cube.ide.mcu.externaltools.gnu-tools-for-stm32.12.3.rel1.linux64_1.0.200.202406132123/tools/bin/../lib/gcc/arm-none-eabi/12.3.1/../../../../arm-none-eabi/lib/thumb/v7e-m+fp/hard/libc_nano.a(libc_a-gettimeofdayr.o): in function `_gettimeofday_r':
(.text._gettimeofday_r+0xe): warning: _gettimeofday is not implemented and will always fail
Finished building target: AMT212E-V_Micro-ROS_UART.elf
 
arm-none-eabi-size  AMT212E-V_Micro-ROS_UART.elf 
arm-none-eabi-objdump -h -S AMT212E-V_Micro-ROS_UART.elf  > "AMT212E-V_Micro-ROS_UART.list"
   text	   data	    bss	    dec	    hex	filename
 110444	    488	  46184	 157116	  265bc	AMT212E-V_Micro-ROS_UART.elf
Finished building: default.size.stdout
 
Finished building: AMT212E-V_Micro-ROS_UART.list
 
17:54:57 **** Incremental Build of configuration Debug for project AMT212E-V_Micro-ROS_UART ****
make -j16 all 
echo "Kireiji_02" | sudo -S docker pull microros/micro_ros_static_library_builder:humble && echo "Kireiji_02" | sudo -S docker run --rm -v /home/kireiji/Documents/GitHub/CARVER/AMT212E-V/AMT212E-V/AMT212E-V_Micro-ROS/firmware/AMT212E-V_Micro-ROS_UART:/project --env MICROROS_LIBRARY_FOLDER=micro_ros_stm32cubemx_utils/microros_static_library_ide microros/micro_ros_static_library_builder:humble
humble: Pulling from microros/micro_ros_static_library_builder
Digest: sha256:83ab4e8ce95b2a62feb5dd270ad4460218d2d026a455ea32a5873cf629aa1e99
Status: Image is up to date for microros/micro_ros_static_library_builder:humble
docker.io/microros/micro_ros_static_library_builder:humble
[sudo] password for kireiji: dos2unix: converting file /project/micro_ros_stm32cubemx_utils/microros_static_library_ide/library_generation/library_generation.sh to Unix format...
micro-ROS library found. Skipping...
Delete micro_ros_stm32cubemx_utils/microros_static_library_ide/libmicroros/ for rebuild.
 
arm-none-eabi-gcc "../Core/Src/app_freertos.c" -mcpu=cortex-m4 -std=gnu11 -g3 -DDEBUG -DUSE_HAL_DRIVER -DSTM32G474xx -c -I../Core/Inc -I../micro_ros_stm32cubemx_utils/microros_static_library_ide/libmicroros/include -I../Drivers/STM32G4xx_HAL_Driver/Inc -I../Drivers/STM32G4xx_HAL_Driver/Inc/Legacy -I../Drivers/CMSIS/Device/ST/STM32G4xx/Include -I../Drivers/CMSIS/Include -I../Middlewares/Third_Party/FreeRTOS/Source/include -I../Middlewares/Third_Party/FreeRTOS/Source/CMSIS_RTOS_V2 -I../Middlewares/Third_Party/FreeRTOS/Source/portable/GCC/ARM_CM4F -O0 -ffunction-sections -fdata-sections -Wall -fstack-usage -fcyclomatic-complexity -MMD -MP -MF"Core/Src/app_freertos.d" -MT"Core/Src/app_freertos.o" --specs=nano.specs -mfpu=fpv4-sp-d16 -mfloat-abi=hard -mthumb -o "Core/Src/app_freertos.o"
arm-none-eabi-gcc -o "AMT212E-V_Micro-ROS_UART.elf" @"objects.list"  -lmicroros -mcpu=cortex-m4 -T"/home/kireiji/Documents/GitHub/CARVER/AMT212E-V/AMT212E-V/AMT212E-V_Micro-ROS/firmware/AMT212E-V_Micro-ROS_UART/STM32G474RETX_FLASH.ld" --specs=nosys.specs -Wl,-Map="AMT212E-V_Micro-ROS_UART.map" -Wl,--gc-sections -static -L../micro_ros_stm32cubemx_utils/microros_static_library_ide/libmicroros --specs=nano.specs -mfpu=fpv4-sp-d16 -mfloat-abi=hard -mthumb -Wl,--start-group -lc -lm -Wl,--end-group
/opt/st/stm32cubeide_1.16.1/plugins/com.st.stm32cube.ide.mcu.externaltools.gnu-tools-for-stm32.12.3.rel1.linux64_1.0.200.202406132123/tools/bin/../lib/gcc/arm-none-eabi/12.3.1/../../../../arm-none-eabi/bin/ld: /opt/st/stm32cubeide_1.16.1/plugins/com.st.stm32cube.ide.mcu.externaltools.gnu-tools-for-stm32.12.3.rel1.linux64_1.0.200.202406132123/tools/bin/../lib/gcc/arm-none-eabi/12.3.1/../../../../arm-none-eabi/lib/thumb/v7e-m+fp/hard/libc_nano.a(libc_a-gettimeofdayr.o): in function `_gettimeofday_r':
(.text._gettimeofday_r+0xe): warning: _gettimeofday is not implemented and will always fail
Finished building target: AMT212E-V_Micro-ROS_UART.elf
 
arm-none-eabi-size  AMT212E-V_Micro-ROS_UART.elf 
arm-none-eabi-objdump -h -S AMT212E-V_Micro-ROS_UART.elf  > "AMT212E-V_Micro-ROS_UART.list"
   text	   data	    bss	    dec	    hex	filename
 110444	    488	  46184	 157116	  265bc	AMT212E-V_Micro-ROS_UART.elf
Finished building: default.size.stdout
 
Finished building: AMT212E-V_Micro-ROS_UART.list
 
17:57:58 **** Incremental Build of configuration Debug for project AMT212E-V_Micro-ROS_UART ****
make -j16 all 
echo "Kireiji_02" | sudo -S docker pull microros/micro_ros_static_library_builder:humble && echo "Kireiji_02" | sudo -S docker run --rm -v /home/kireiji/Documents/GitHub/CARVER/AMT212E-V/AMT212E-V/AMT212E-V_Micro-ROS/firmware/AMT212E-V_Micro-ROS_UART:/project --env MICROROS_LIBRARY_FOLDER=micro_ros_stm32cubemx_utils/microros_static_library_ide microros/micro_ros_static_library_builder:humble
humble: Pulling from microros/micro_ros_static_library_builder
Digest: sha256:83ab4e8ce95b2a62feb5dd270ad4460218d2d026a455ea32a5873cf629aa1e99
Status: Image is up to date for microros/micro_ros_static_library_builder:humble
docker.io/microros/micro_ros_static_library_builder:humble
[sudo] password for kireiji: dos2unix: converting file /project/micro_ros_stm32cubemx_utils/microros_static_library_ide/library_generation/library_generation.sh to Unix format...
micro-ROS library found. Skipping...
Delete micro_ros_stm32cubemx_utils/microros_static_library_ide/libmicroros/ for rebuild.
 
arm-none-eabi-gcc "../Core/Src/app_freertos.c" -mcpu=cortex-m4 -std=gnu11 -g3 -DDEBUG -DUSE_HAL_DRIVER -DSTM32G474xx -c -I../Core/Inc -I../micro_ros_stm32cubemx_utils/microros_static_library_ide/libmicroros/include -I../Drivers/STM32G4xx_HAL_Driver/Inc -I../Drivers/STM32G4xx_HAL_Driver/Inc/Legacy -I../Drivers/CMSIS/Device/ST/STM32G4xx/Include -I../Drivers/CMSIS/Include -I../Middlewares/Third_Party/FreeRTOS/Source/include -I../Middlewares/Third_Party/FreeRTOS/Source/CMSIS_RTOS_V2 -I../Middlewares/Third_Party/FreeRTOS/Source/portable/GCC/ARM_CM4F -O0 -ffunction-sections -fdata-sections -Wall -fstack-usage -fcyclomatic-complexity -MMD -MP -MF"Core/Src/app_freertos.d" -MT"Core/Src/app_freertos.o" --specs=nano.specs -mfpu=fpv4-sp-d16 -mfloat-abi=hard -mthumb -o "Core/Src/app_freertos.o"
arm-none-eabi-gcc -o "AMT212E-V_Micro-ROS_UART.elf" @"objects.list"  -lmicroros -mcpu=cortex-m4 -T"/home/kireiji/Documents/GitHub/CARVER/AMT212E-V/AMT212E-V/AMT212E-V_Micro-ROS/firmware/AMT212E-V_Micro-ROS_UART/STM32G474RETX_FLASH.ld" --specs=nosys.specs -Wl,-Map="AMT212E-V_Micro-ROS_UART.map" -Wl,--gc-sections -static -L../micro_ros_stm32cubemx_utils/microros_static_library_ide/libmicroros --specs=nano.specs -mfpu=fpv4-sp-d16 -mfloat-abi=hard -mthumb -Wl,--start-group -lc -lm -Wl,--end-group
/opt/st/stm32cubeide_1.16.1/plugins/com.st.stm32cube.ide.mcu.externaltools.gnu-tools-for-stm32.12.3.rel1.linux64_1.0.200.202406132123/tools/bin/../lib/gcc/arm-none-eabi/12.3.1/../../../../arm-none-eabi/bin/ld: /opt/st/stm32cubeide_1.16.1/plugins/com.st.stm32cube.ide.mcu.externaltools.gnu-tools-for-stm32.12.3.rel1.linux64_1.0.200.202406132123/tools/bin/../lib/gcc/arm-none-eabi/12.3.1/../../../../arm-none-eabi/lib/thumb/v7e-m+fp/hard/libc_nano.a(libc_a-gettimeofdayr.o): in function `_gettimeofday_r':
(.text._gettimeofday_r+0xe): warning: _gettimeofday is not implemented and will always fail
Finished building target: AMT212E-V_Micro-ROS_UART.elf
 
arm-none-eabi-size  AMT212E-V_Micro-ROS_UART.elf 
arm-none-eabi-objdump -h -S AMT212E-V_Micro-ROS_UART.elf  > "AMT212E-V_Micro-ROS_UART.list"
   text	   data	    bss	    dec	    hex	filename
 110332	    484	  46184	 157000	  26548	AMT212E-V_Micro-ROS_UART.elf
Finished building: default.size.stdout
 
Finished building: AMT212E-V_Micro-ROS_UART.list
 
18:01:17 **** Incremental Build of configuration Debug for project AMT212E-V_Micro-ROS_UART ****
make -j16 all 
echo "Kireiji_02" | sudo -S docker pull microros/micro_ros_static_library_builder:humble && echo "Kireiji_02" | sudo -S docker run --rm -v /home/kireiji/Documents/GitHub/CARVER/AMT212E-V/AMT212E-V/AMT212E-V_Micro-ROS/firmware/AMT212E-V_Micro-ROS_UART:/project --env MICROROS_LIBRARY_FOLDER=micro_ros_stm32cubemx_utils/microros_static_library_ide microros/micro_ros_static_library_builder:humble
humble: Pulling from microros/micro_ros_static_library_builder
Digest: sha256:83ab4e8ce95b2a62feb5dd270ad4460218d2d026a455ea32a5873cf629aa1e99
Status: Image is up to date for microros/micro_ros_static_library_builder:humble
docker.io/microros/micro_ros_static_library_builder:humble
[sudo] password for kireiji: dos2unix: converting file /project/micro_ros_stm32cubemx_utils/microros_static_library_ide/library_generation/library_generation.sh to Unix format...
micro-ROS library found. Skipping...
Delete micro_ros_stm32cubemx_utils/microros_static_library_ide/libmicroros/ for rebuild.
 
arm-none-eabi-gcc "../Core/Src/app_freertos.c" -mcpu=cortex-m4 -std=gnu11 -g3 -DDEBUG -DUSE_HAL_DRIVER -DSTM32G474xx -c -I../Core/Inc -I../micro_ros_stm32cubemx_utils/microros_static_library_ide/libmicroros/include -I../Drivers/STM32G4xx_HAL_Driver/Inc -I../Drivers/STM32G4xx_HAL_Driver/Inc/Legacy -I../Drivers/CMSIS/Device/ST/STM32G4xx/Include -I../Drivers/CMSIS/Include -I../Middlewares/Third_Party/FreeRTOS/Source/include -I../Middlewares/Third_Party/FreeRTOS/Source/CMSIS_RTOS_V2 -I../Middlewares/Third_Party/FreeRTOS/Source/portable/GCC/ARM_CM4F -O0 -ffunction-sections -fdata-sections -Wall -fstack-usage -fcyclomatic-complexity -MMD -MP -MF"Core/Src/app_freertos.d" -MT"Core/Src/app_freertos.o" --specs=nano.specs -mfpu=fpv4-sp-d16 -mfloat-abi=hard -mthumb -o "Core/Src/app_freertos.o"
arm-none-eabi-gcc -o "AMT212E-V_Micro-ROS_UART.elf" @"objects.list"  -lmicroros -mcpu=cortex-m4 -T"/home/kireiji/Documents/GitHub/CARVER/AMT212E-V/AMT212E-V/AMT212E-V_Micro-ROS/firmware/AMT212E-V_Micro-ROS_UART/STM32G474RETX_FLASH.ld" --specs=nosys.specs -Wl,-Map="AMT212E-V_Micro-ROS_UART.map" -Wl,--gc-sections -static -L../micro_ros_stm32cubemx_utils/microros_static_library_ide/libmicroros --specs=nano.specs -mfpu=fpv4-sp-d16 -mfloat-abi=hard -mthumb -Wl,--start-group -lc -lm -Wl,--end-group
/opt/st/stm32cubeide_1.16.1/plugins/com.st.stm32cube.ide.mcu.externaltools.gnu-tools-for-stm32.12.3.rel1.linux64_1.0.200.202406132123/tools/bin/../lib/gcc/arm-none-eabi/12.3.1/../../../../arm-none-eabi/bin/ld: /opt/st/stm32cubeide_1.16.1/plugins/com.st.stm32cube.ide.mcu.externaltools.gnu-tools-for-stm32.12.3.rel1.linux64_1.0.200.202406132123/tools/bin/../lib/gcc/arm-none-eabi/12.3.1/../../../../arm-none-eabi/lib/thumb/v7e-m+fp/hard/libc_nano.a(libc_a-gettimeofdayr.o): in function `_gettimeofday_r':
(.text._gettimeofday_r+0xe): warning: _gettimeofday is not implemented and will always fail
Finished building target: AMT212E-V_Micro-ROS_UART.elf
 
arm-none-eabi-size  AMT212E-V_Micro-ROS_UART.elf 
arm-none-eabi-objdump -h -S AMT212E-V_Micro-ROS_UART.elf  > "AMT212E-V_Micro-ROS_UART.list"
   text	   data	    bss	    dec	    hex	filename
 110332	    484	  46184	 157000	  26548	AMT212E-V_Micro-ROS_UART.elf
Finished building: default.size.stdout
 
Finished building: AMT212E-V_Micro-ROS_UART.list
 
18:07:54 **** Incremental Build of configuration Debug for project AMT212E-V_Micro-ROS_UART ****
make -j16 all 
echo "Kireiji_02" | sudo -S docker pull microros/micro_ros_static_library_builder:humble && echo "Kireiji_02" | sudo -S docker run --rm -v /home/kireiji/Documents/GitHub/CARVER/AMT212E-V/AMT212E-V/AMT212E-V_Micro-ROS/firmware/AMT212E-V_Micro-ROS_UART:/project --env MICROROS_LIBRARY_FOLDER=micro_ros_stm32cubemx_utils/microros_static_library_ide microros/micro_ros_static_library_builder:humble
humble: Pulling from microros/micro_ros_static_library_builder
Digest: sha256:83ab4e8ce95b2a62feb5dd270ad4460218d2d026a455ea32a5873cf629aa1e99
Status: Image is up to date for microros/micro_ros_static_library_builder:humble
docker.io/microros/micro_ros_static_library_builder:humble
[sudo] password for kireiji: dos2unix: converting file /project/micro_ros_stm32cubemx_utils/microros_static_library_ide/library_generation/library_generation.sh to Unix format...
micro-ROS library found. Skipping...
Delete micro_ros_stm32cubemx_utils/microros_static_library_ide/libmicroros/ for rebuild.
 
arm-none-eabi-gcc "../Core/Src/app_freertos.c" -mcpu=cortex-m4 -std=gnu11 -g3 -DDEBUG -DUSE_HAL_DRIVER -DSTM32G474xx -c -I../Core/Inc -I../micro_ros_stm32cubemx_utils/microros_static_library_ide/libmicroros/include -I../Drivers/STM32G4xx_HAL_Driver/Inc -I../Drivers/STM32G4xx_HAL_Driver/Inc/Legacy -I../Drivers/CMSIS/Device/ST/STM32G4xx/Include -I../Drivers/CMSIS/Include -I../Middlewares/Third_Party/FreeRTOS/Source/include -I../Middlewares/Third_Party/FreeRTOS/Source/CMSIS_RTOS_V2 -I../Middlewares/Third_Party/FreeRTOS/Source/portable/GCC/ARM_CM4F -O0 -ffunction-sections -fdata-sections -Wall -fstack-usage -fcyclomatic-complexity -MMD -MP -MF"Core/Src/app_freertos.d" -MT"Core/Src/app_freertos.o" --specs=nano.specs -mfpu=fpv4-sp-d16 -mfloat-abi=hard -mthumb -o "Core/Src/app_freertos.o"
arm-none-eabi-gcc -o "AMT212E-V_Micro-ROS_UART.elf" @"objects.list"  -lmicroros -mcpu=cortex-m4 -T"/home/kireiji/Documents/GitHub/CARVER/AMT212E-V/AMT212E-V/AMT212E-V_Micro-ROS/firmware/AMT212E-V_Micro-ROS_UART/STM32G474RETX_FLASH.ld" --specs=nosys.specs -Wl,-Map="AMT212E-V_Micro-ROS_UART.map" -Wl,--gc-sections -static -L../micro_ros_stm32cubemx_utils/microros_static_library_ide/libmicroros --specs=nano.specs -mfpu=fpv4-sp-d16 -mfloat-abi=hard -mthumb -Wl,--start-group -lc -lm -Wl,--end-group
/opt/st/stm32cubeide_1.16.1/plugins/com.st.stm32cube.ide.mcu.externaltools.gnu-tools-for-stm32.12.3.rel1.linux64_1.0.200.202406132123/tools/bin/../lib/gcc/arm-none-eabi/12.3.1/../../../../arm-none-eabi/bin/ld: /opt/st/stm32cubeide_1.16.1/plugins/com.st.stm32cube.ide.mcu.externaltools.gnu-tools-for-stm32.12.3.rel1.linux64_1.0.200.202406132123/tools/bin/../lib/gcc/arm-none-eabi/12.3.1/../../../../arm-none-eabi/lib/thumb/v7e-m+fp/hard/libc_nano.a(libc_a-gettimeofdayr.o): in function `_gettimeofday_r':
(.text._gettimeofday_r+0xe): warning: _gettimeofday is not implemented and will always fail
Finished building target: AMT212E-V_Micro-ROS_UART.elf
 
arm-none-eabi-size  AMT212E-V_Micro-ROS_UART.elf 
arm-none-eabi-objdump -h -S AMT212E-V_Micro-ROS_UART.elf  > "AMT212E-V_Micro-ROS_UART.list"
   text	   data	    bss	    dec	    hex	filename
 110348	    484	  46184	 157016	  26558	AMT212E-V_Micro-ROS_UART.elf
Finished building: default.size.stdout
 
Finished building: AMT212E-V_Micro-ROS_UART.list
 
18:12:18 **** Incremental Build of configuration Debug for project AMT212E-V_Micro-ROS_UART ****
make -j16 all 
echo "Kireiji_02" | sudo -S docker pull microros/micro_ros_static_library_builder:humble && echo "Kireiji_02" | sudo -S docker run --rm -v /home/kireiji/Documents/GitHub/CARVER/AMT212E-V/AMT212E-V/AMT212E-V_Micro-ROS/firmware/AMT212E-V_Micro-ROS_UART:/project --env MICROROS_LIBRARY_FOLDER=micro_ros_stm32cubemx_utils/microros_static_library_ide microros/micro_ros_static_library_builder:humble
humble: Pulling from microros/micro_ros_static_library_builder
Digest: sha256:83ab4e8ce95b2a62feb5dd270ad4460218d2d026a455ea32a5873cf629aa1e99
Status: Image is up to date for microros/micro_ros_static_library_builder:humble
docker.io/microros/micro_ros_static_library_builder:humble
[sudo] password for kireiji: dos2unix: converting file /project/micro_ros_stm32cubemx_utils/microros_static_library_ide/library_generation/library_generation.sh to Unix format...
micro-ROS library found. Skipping...
Delete micro_ros_stm32cubemx_utils/microros_static_library_ide/libmicroros/ for rebuild.
 
arm-none-eabi-gcc "../Core/Src/app_freertos.c" -mcpu=cortex-m4 -std=gnu11 -g3 -DDEBUG -DUSE_HAL_DRIVER -DSTM32G474xx -c -I../Core/Inc -I../micro_ros_stm32cubemx_utils/microros_static_library_ide/libmicroros/include -I../Drivers/STM32G4xx_HAL_Driver/Inc -I../Drivers/STM32G4xx_HAL_Driver/Inc/Legacy -I../Drivers/CMSIS/Device/ST/STM32G4xx/Include -I../Drivers/CMSIS/Include -I../Middlewares/Third_Party/FreeRTOS/Source/include -I../Middlewares/Third_Party/FreeRTOS/Source/CMSIS_RTOS_V2 -I../Middlewares/Third_Party/FreeRTOS/Source/portable/GCC/ARM_CM4F -O0 -ffunction-sections -fdata-sections -Wall -fstack-usage -fcyclomatic-complexity -MMD -MP -MF"Core/Src/app_freertos.d" -MT"Core/Src/app_freertos.o" --specs=nano.specs -mfpu=fpv4-sp-d16 -mfloat-abi=hard -mthumb -o "Core/Src/app_freertos.o"
arm-none-eabi-gcc -o "AMT212E-V_Micro-ROS_UART.elf" @"objects.list"  -lmicroros -mcpu=cortex-m4 -T"/home/kireiji/Documents/GitHub/CARVER/AMT212E-V/AMT212E-V/AMT212E-V_Micro-ROS/firmware/AMT212E-V_Micro-ROS_UART/STM32G474RETX_FLASH.ld" --specs=nosys.specs -Wl,-Map="AMT212E-V_Micro-ROS_UART.map" -Wl,--gc-sections -static -L../micro_ros_stm32cubemx_utils/microros_static_library_ide/libmicroros --specs=nano.specs -mfpu=fpv4-sp-d16 -mfloat-abi=hard -mthumb -Wl,--start-group -lc -lm -Wl,--end-group
/opt/st/stm32cubeide_1.16.1/plugins/com.st.stm32cube.ide.mcu.externaltools.gnu-tools-for-stm32.12.3.rel1.linux64_1.0.200.202406132123/tools/bin/../lib/gcc/arm-none-eabi/12.3.1/../../../../arm-none-eabi/bin/ld: /opt/st/stm32cubeide_1.16.1/plugins/com.st.stm32cube.ide.mcu.externaltools.gnu-tools-for-stm32.12.3.rel1.linux64_1.0.200.202406132123/tools/bin/../lib/gcc/arm-none-eabi/12.3.1/../../../../arm-none-eabi/lib/thumb/v7e-m+fp/hard/libc_nano.a(libc_a-gettimeofdayr.o): in function `_gettimeofday_r':
(.text._gettimeofday_r+0xe): warning: _gettimeofday is not implemented and will always fail
Finished building target: AMT212E-V_Micro-ROS_UART.elf
 
arm-none-eabi-size  AMT212E-V_Micro-ROS_UART.elf 
arm-none-eabi-objdump -h -S AMT212E-V_Micro-ROS_UART.elf  > "AMT212E-V_Micro-ROS_UART.list"
   text	   data	    bss	    dec	    hex	filename
 110348	    488	  46184	 157020	  2655c	AMT212E-V_Micro-ROS_UART.elf
Finished building: default.size.stdout
 
Finished building: AMT212E-V_Micro-ROS_UART.list
 
18:13:30 **** Incremental Build of configuration Debug for project AMT212E-V_Micro-ROS_UART ****
make -j16 all 
echo "Kireiji_02" | sudo -S docker pull microros/micro_ros_static_library_builder:humble && echo "Kireiji_02" | sudo -S docker run --rm -v /home/kireiji/Documents/GitHub/CARVER/AMT212E-V/AMT212E-V/AMT212E-V_Micro-ROS/firmware/AMT212E-V_Micro-ROS_UART:/project --env MICROROS_LIBRARY_FOLDER=micro_ros_stm32cubemx_utils/microros_static_library_ide microros/micro_ros_static_library_builder:humble
humble: Pulling from microros/micro_ros_static_library_builder
Digest: sha256:83ab4e8ce95b2a62feb5dd270ad4460218d2d026a455ea32a5873cf629aa1e99
Status: Image is up to date for microros/micro_ros_static_library_builder:humble
docker.io/microros/micro_ros_static_library_builder:humble
[sudo] password for kireiji: dos2unix: converting file /project/micro_ros_stm32cubemx_utils/microros_static_library_ide/library_generation/library_generation.sh to Unix format...
micro-ROS library found. Skipping...
Delete micro_ros_stm32cubemx_utils/microros_static_library_ide/libmicroros/ for rebuild.
 
arm-none-eabi-gcc "../Core/Src/app_freertos.c" -mcpu=cortex-m4 -std=gnu11 -g3 -DDEBUG -DUSE_HAL_DRIVER -DSTM32G474xx -c -I../Core/Inc -I../micro_ros_stm32cubemx_utils/microros_static_library_ide/libmicroros/include -I../Drivers/STM32G4xx_HAL_Driver/Inc -I../Drivers/STM32G4xx_HAL_Driver/Inc/Legacy -I../Drivers/CMSIS/Device/ST/STM32G4xx/Include -I../Drivers/CMSIS/Include -I../Middlewares/Third_Party/FreeRTOS/Source/include -I../Middlewares/Third_Party/FreeRTOS/Source/CMSIS_RTOS_V2 -I../Middlewares/Third_Party/FreeRTOS/Source/portable/GCC/ARM_CM4F -O0 -ffunction-sections -fdata-sections -Wall -fstack-usage -fcyclomatic-complexity -MMD -MP -MF"Core/Src/app_freertos.d" -MT"Core/Src/app_freertos.o" --specs=nano.specs -mfpu=fpv4-sp-d16 -mfloat-abi=hard -mthumb -o "Core/Src/app_freertos.o"
arm-none-eabi-gcc -o "AMT212E-V_Micro-ROS_UART.elf" @"objects.list"  -lmicroros -mcpu=cortex-m4 -T"/home/kireiji/Documents/GitHub/CARVER/AMT212E-V/AMT212E-V/AMT212E-V_Micro-ROS/firmware/AMT212E-V_Micro-ROS_UART/STM32G474RETX_FLASH.ld" --specs=nosys.specs -Wl,-Map="AMT212E-V_Micro-ROS_UART.map" -Wl,--gc-sections -static -L../micro_ros_stm32cubemx_utils/microros_static_library_ide/libmicroros --specs=nano.specs -mfpu=fpv4-sp-d16 -mfloat-abi=hard -mthumb -Wl,--start-group -lc -lm -Wl,--end-group
/opt/st/stm32cubeide_1.16.1/plugins/com.st.stm32cube.ide.mcu.externaltools.gnu-tools-for-stm32.12.3.rel1.linux64_1.0.200.202406132123/tools/bin/../lib/gcc/arm-none-eabi/12.3.1/../../../../arm-none-eabi/bin/ld: /opt/st/stm32cubeide_1.16.1/plugins/com.st.stm32cube.ide.mcu.externaltools.gnu-tools-for-stm32.12.3.rel1.linux64_1.0.200.202406132123/tools/bin/../lib/gcc/arm-none-eabi/12.3.1/../../../../arm-none-eabi/lib/thumb/v7e-m+fp/hard/libc_nano.a(libc_a-gettimeofdayr.o): in function `_gettimeofday_r':
(.text._gettimeofday_r+0xe): warning: _gettimeofday is not implemented and will always fail
Finished building target: AMT212E-V_Micro-ROS_UART.elf
 
arm-none-eabi-size  AMT212E-V_Micro-ROS_UART.elf 
arm-none-eabi-objdump -h -S AMT212E-V_Micro-ROS_UART.elf  > "AMT212E-V_Micro-ROS_UART.list"
   text	   data	    bss	    dec	    hex	filename
 110348	    488	  46184	 157020	  2655c	AMT212E-V_Micro-ROS_UART.elf
Finished building: default.size.stdout
 
Finished building: AMT212E-V_Micro-ROS_UART.list
 
18:14:32 **** Incremental Build of configuration Debug for project AMT212E-V_Micro-ROS_UART ****
make -j16 all 
echo "Kireiji_02" | sudo -S docker pull microros/micro_ros_static_library_builder:humble && echo "Kireiji_02" | sudo -S docker run --rm -v /home/kireiji/Documents/GitHub/CARVER/AMT212E-V/AMT212E-V/AMT212E-V_Micro-ROS/firmware/AMT212E-V_Micro-ROS_UART:/project --env MICROROS_LIBRARY_FOLDER=micro_ros_stm32cubemx_utils/microros_static_library_ide microros/micro_ros_static_library_builder:humble
humble: Pulling from microros/micro_ros_static_library_builder
Digest: sha256:83ab4e8ce95b2a62feb5dd270ad4460218d2d026a455ea32a5873cf629aa1e99
Status: Image is up to date for microros/micro_ros_static_library_builder:humble
docker.io/microros/micro_ros_static_library_builder:humble
[sudo] password for kireiji: dos2unix: converting file /project/micro_ros_stm32cubemx_utils/microros_static_library_ide/library_generation/library_generation.sh to Unix format...
micro-ROS library found. Skipping...
Delete micro_ros_stm32cubemx_utils/microros_static_library_ide/libmicroros/ for rebuild.
 
arm-none-eabi-gcc "../Core/Src/app_freertos.c" -mcpu=cortex-m4 -std=gnu11 -g3 -DDEBUG -DUSE_HAL_DRIVER -DSTM32G474xx -c -I../Core/Inc -I../micro_ros_stm32cubemx_utils/microros_static_library_ide/libmicroros/include -I../Drivers/STM32G4xx_HAL_Driver/Inc -I../Drivers/STM32G4xx_HAL_Driver/Inc/Legacy -I../Drivers/CMSIS/Device/ST/STM32G4xx/Include -I../Drivers/CMSIS/Include -I../Middlewares/Third_Party/FreeRTOS/Source/include -I../Middlewares/Third_Party/FreeRTOS/Source/CMSIS_RTOS_V2 -I../Middlewares/Third_Party/FreeRTOS/Source/portable/GCC/ARM_CM4F -O0 -ffunction-sections -fdata-sections -Wall -fstack-usage -fcyclomatic-complexity -MMD -MP -MF"Core/Src/app_freertos.d" -MT"Core/Src/app_freertos.o" --specs=nano.specs -mfpu=fpv4-sp-d16 -mfloat-abi=hard -mthumb -o "Core/Src/app_freertos.o"
arm-none-eabi-gcc -o "AMT212E-V_Micro-ROS_UART.elf" @"objects.list"  -lmicroros -mcpu=cortex-m4 -T"/home/kireiji/Documents/GitHub/CARVER/AMT212E-V/AMT212E-V/AMT212E-V_Micro-ROS/firmware/AMT212E-V_Micro-ROS_UART/STM32G474RETX_FLASH.ld" --specs=nosys.specs -Wl,-Map="AMT212E-V_Micro-ROS_UART.map" -Wl,--gc-sections -static -L../micro_ros_stm32cubemx_utils/microros_static_library_ide/libmicroros --specs=nano.specs -mfpu=fpv4-sp-d16 -mfloat-abi=hard -mthumb -Wl,--start-group -lc -lm -Wl,--end-group
/opt/st/stm32cubeide_1.16.1/plugins/com.st.stm32cube.ide.mcu.externaltools.gnu-tools-for-stm32.12.3.rel1.linux64_1.0.200.202406132123/tools/bin/../lib/gcc/arm-none-eabi/12.3.1/../../../../arm-none-eabi/bin/ld: /opt/st/stm32cubeide_1.16.1/plugins/com.st.stm32cube.ide.mcu.externaltools.gnu-tools-for-stm32.12.3.rel1.linux64_1.0.200.202406132123/tools/bin/../lib/gcc/arm-none-eabi/12.3.1/../../../../arm-none-eabi/lib/thumb/v7e-m+fp/hard/libc_nano.a(libc_a-gettimeofdayr.o): in function `_gettimeofday_r':
(.text._gettimeofday_r+0xe): warning: _gettimeofday is not implemented and will always fail
Finished building target: AMT212E-V_Micro-ROS_UART.elf
 
arm-none-eabi-size  AMT212E-V_Micro-ROS_UART.elf 
arm-none-eabi-objdump -h -S AMT212E-V_Micro-ROS_UART.elf  > "AMT212E-V_Micro-ROS_UART.list"
   text	   data	    bss	    dec	    hex	filename
 110348	    484	  46184	 157016	  26558	AMT212E-V_Micro-ROS_UART.elf
Finished building: default.size.stdout
 
Finished building: AMT212E-V_Micro-ROS_UART.list
 
18:15:25 **** Incremental Build of configuration Debug for project AMT212E-V_Micro-ROS_UART ****
make -j16 all 
echo "Kireiji_02" | sudo -S docker pull microros/micro_ros_static_library_builder:humble && echo "Kireiji_02" | sudo -S docker run --rm -v /home/kireiji/Documents/GitHub/CARVER/AMT212E-V/AMT212E-V/AMT212E-V_Micro-ROS/firmware/AMT212E-V_Micro-ROS_UART:/project --env MICROROS_LIBRARY_FOLDER=micro_ros_stm32cubemx_utils/microros_static_library_ide microros/micro_ros_static_library_builder:humble
humble: Pulling from microros/micro_ros_static_library_builder
Digest: sha256:83ab4e8ce95b2a62feb5dd270ad4460218d2d026a455ea32a5873cf629aa1e99
Status: Image is up to date for microros/micro_ros_static_library_builder:humble
docker.io/microros/micro_ros_static_library_builder:humble
[sudo] password for kireiji: dos2unix: converting file /project/micro_ros_stm32cubemx_utils/microros_static_library_ide/library_generation/library_generation.sh to Unix format...
micro-ROS library found. Skipping...
Delete micro_ros_stm32cubemx_utils/microros_static_library_ide/libmicroros/ for rebuild.
 
arm-none-eabi-gcc "../Core/Src/app_freertos.c" -mcpu=cortex-m4 -std=gnu11 -g3 -DDEBUG -DUSE_HAL_DRIVER -DSTM32G474xx -c -I../Core/Inc -I../micro_ros_stm32cubemx_utils/microros_static_library_ide/libmicroros/include -I../Drivers/STM32G4xx_HAL_Driver/Inc -I../Drivers/STM32G4xx_HAL_Driver/Inc/Legacy -I../Drivers/CMSIS/Device/ST/STM32G4xx/Include -I../Drivers/CMSIS/Include -I../Middlewares/Third_Party/FreeRTOS/Source/include -I../Middlewares/Third_Party/FreeRTOS/Source/CMSIS_RTOS_V2 -I../Middlewares/Third_Party/FreeRTOS/Source/portable/GCC/ARM_CM4F -O0 -ffunction-sections -fdata-sections -Wall -fstack-usage -fcyclomatic-complexity -MMD -MP -MF"Core/Src/app_freertos.d" -MT"Core/Src/app_freertos.o" --specs=nano.specs -mfpu=fpv4-sp-d16 -mfloat-abi=hard -mthumb -o "Core/Src/app_freertos.o"
arm-none-eabi-gcc -o "AMT212E-V_Micro-ROS_UART.elf" @"objects.list"  -lmicroros -mcpu=cortex-m4 -T"/home/kireiji/Documents/GitHub/CARVER/AMT212E-V/AMT212E-V/AMT212E-V_Micro-ROS/firmware/AMT212E-V_Micro-ROS_UART/STM32G474RETX_FLASH.ld" --specs=nosys.specs -Wl,-Map="AMT212E-V_Micro-ROS_UART.map" -Wl,--gc-sections -static -L../micro_ros_stm32cubemx_utils/microros_static_library_ide/libmicroros --specs=nano.specs -mfpu=fpv4-sp-d16 -mfloat-abi=hard -mthumb -Wl,--start-group -lc -lm -Wl,--end-group
/opt/st/stm32cubeide_1.16.1/plugins/com.st.stm32cube.ide.mcu.externaltools.gnu-tools-for-stm32.12.3.rel1.linux64_1.0.200.202406132123/tools/bin/../lib/gcc/arm-none-eabi/12.3.1/../../../../arm-none-eabi/bin/ld: /opt/st/stm32cubeide_1.16.1/plugins/com.st.stm32cube.ide.mcu.externaltools.gnu-tools-for-stm32.12.3.rel1.linux64_1.0.200.202406132123/tools/bin/../lib/gcc/arm-none-eabi/12.3.1/../../../../arm-none-eabi/lib/thumb/v7e-m+fp/hard/libc_nano.a(libc_a-gettimeofdayr.o): in function `_gettimeofday_r':
(.text._gettimeofday_r+0xe): warning: _gettimeofday is not implemented and will always fail
Finished building target: AMT212E-V_Micro-ROS_UART.elf
 
arm-none-eabi-size  AMT212E-V_Micro-ROS_UART.elf 
arm-none-eabi-objdump -h -S AMT212E-V_Micro-ROS_UART.elf  > "AMT212E-V_Micro-ROS_UART.list"
   text	   data	    bss	    dec	    hex	filename
 110348	    484	  46184	 157016	  26558	AMT212E-V_Micro-ROS_UART.elf
Finished building: default.size.stdout
 
Finished building: AMT212E-V_Micro-ROS_UART.list
 
18:16:02 **** Incremental Build of configuration Debug for project AMT212E-V_Micro-ROS_UART ****
make -j16 all 
echo "Kireiji_02" | sudo -S docker pull microros/micro_ros_static_library_builder:humble && echo "Kireiji_02" | sudo -S docker run --rm -v /home/kireiji/Documents/GitHub/CARVER/AMT212E-V/AMT212E-V/AMT212E-V_Micro-ROS/firmware/AMT212E-V_Micro-ROS_UART:/project --env MICROROS_LIBRARY_FOLDER=micro_ros_stm32cubemx_utils/microros_static_library_ide microros/micro_ros_static_library_builder:humble
humble: Pulling from microros/micro_ros_static_library_builder
Digest: sha256:83ab4e8ce95b2a62feb5dd270ad4460218d2d026a455ea32a5873cf629aa1e99
Status: Image is up to date for microros/micro_ros_static_library_builder:humble
docker.io/microros/micro_ros_static_library_builder:humble
[sudo] password for kireiji: dos2unix: converting file /project/micro_ros_stm32cubemx_utils/microros_static_library_ide/library_generation/library_generation.sh to Unix format...
micro-ROS library found. Skipping...
Delete micro_ros_stm32cubemx_utils/microros_static_library_ide/libmicroros/ for rebuild.
 
arm-none-eabi-gcc "../Core/Src/app_freertos.c" -mcpu=cortex-m4 -std=gnu11 -g3 -DDEBUG -DUSE_HAL_DRIVER -DSTM32G474xx -c -I../Core/Inc -I../micro_ros_stm32cubemx_utils/microros_static_library_ide/libmicroros/include -I../Drivers/STM32G4xx_HAL_Driver/Inc -I../Drivers/STM32G4xx_HAL_Driver/Inc/Legacy -I../Drivers/CMSIS/Device/ST/STM32G4xx/Include -I../Drivers/CMSIS/Include -I../Middlewares/Third_Party/FreeRTOS/Source/include -I../Middlewares/Third_Party/FreeRTOS/Source/CMSIS_RTOS_V2 -I../Middlewares/Third_Party/FreeRTOS/Source/portable/GCC/ARM_CM4F -O0 -ffunction-sections -fdata-sections -Wall -fstack-usage -fcyclomatic-complexity -MMD -MP -MF"Core/Src/app_freertos.d" -MT"Core/Src/app_freertos.o" --specs=nano.specs -mfpu=fpv4-sp-d16 -mfloat-abi=hard -mthumb -o "Core/Src/app_freertos.o"
arm-none-eabi-gcc -o "AMT212E-V_Micro-ROS_UART.elf" @"objects.list"  -lmicroros -mcpu=cortex-m4 -T"/home/kireiji/Documents/GitHub/CARVER/AMT212E-V/AMT212E-V/AMT212E-V_Micro-ROS/firmware/AMT212E-V_Micro-ROS_UART/STM32G474RETX_FLASH.ld" --specs=nosys.specs -Wl,-Map="AMT212E-V_Micro-ROS_UART.map" -Wl,--gc-sections -static -L../micro_ros_stm32cubemx_utils/microros_static_library_ide/libmicroros --specs=nano.specs -mfpu=fpv4-sp-d16 -mfloat-abi=hard -mthumb -Wl,--start-group -lc -lm -Wl,--end-group
/opt/st/stm32cubeide_1.16.1/plugins/com.st.stm32cube.ide.mcu.externaltools.gnu-tools-for-stm32.12.3.rel1.linux64_1.0.200.202406132123/tools/bin/../lib/gcc/arm-none-eabi/12.3.1/../../../../arm-none-eabi/bin/ld: /opt/st/stm32cubeide_1.16.1/plugins/com.st.stm32cube.ide.mcu.externaltools.gnu-tools-for-stm32.12.3.rel1.linux64_1.0.200.202406132123/tools/bin/../lib/gcc/arm-none-eabi/12.3.1/../../../../arm-none-eabi/lib/thumb/v7e-m+fp/hard/libc_nano.a(libc_a-gettimeofdayr.o): in function `_gettimeofday_r':
(.text._gettimeofday_r+0xe): warning: _gettimeofday is not implemented and will always fail
Finished building target: AMT212E-V_Micro-ROS_UART.elf
 
arm-none-eabi-size  AMT212E-V_Micro-ROS_UART.elf 
arm-none-eabi-objdump -h -S AMT212E-V_Micro-ROS_UART.elf  > "AMT212E-V_Micro-ROS_UART.list"
   text	   data	    bss	    dec	    hex	filename
 110348	    488	  46184	 157020	  2655c	AMT212E-V_Micro-ROS_UART.elf
Finished building: default.size.stdout
 
Finished building: AMT212E-V_Micro-ROS_UART.list
 
18:16:34 **** Incremental Build of configuration Debug for project AMT212E-V_Micro-ROS_UART ****
make -j16 all 
echo "Kireiji_02" | sudo -S docker pull microros/micro_ros_static_library_builder:humble && echo "Kireiji_02" | sudo -S docker run --rm -v /home/kireiji/Documents/GitHub/CARVER/AMT212E-V/AMT212E-V/AMT212E-V_Micro-ROS/firmware/AMT212E-V_Micro-ROS_UART:/project --env MICROROS_LIBRARY_FOLDER=micro_ros_stm32cubemx_utils/microros_static_library_ide microros/micro_ros_static_library_builder:humble
humble: Pulling from microros/micro_ros_static_library_builder
Digest: sha256:83ab4e8ce95b2a62feb5dd270ad4460218d2d026a455ea32a5873cf629aa1e99
Status: Image is up to date for microros/micro_ros_static_library_builder:humble
docker.io/microros/micro_ros_static_library_builder:humble
[sudo] password for kireiji: dos2unix: converting file /project/micro_ros_stm32cubemx_utils/microros_static_library_ide/library_generation/library_generation.sh to Unix format...
micro-ROS library found. Skipping...
Delete micro_ros_stm32cubemx_utils/microros_static_library_ide/libmicroros/ for rebuild.
 
arm-none-eabi-gcc "../Core/Src/app_freertos.c" -mcpu=cortex-m4 -std=gnu11 -g3 -DDEBUG -DUSE_HAL_DRIVER -DSTM32G474xx -c -I../Core/Inc -I../micro_ros_stm32cubemx_utils/microros_static_library_ide/libmicroros/include -I../Drivers/STM32G4xx_HAL_Driver/Inc -I../Drivers/STM32G4xx_HAL_Driver/Inc/Legacy -I../Drivers/CMSIS/Device/ST/STM32G4xx/Include -I../Drivers/CMSIS/Include -I../Middlewares/Third_Party/FreeRTOS/Source/include -I../Middlewares/Third_Party/FreeRTOS/Source/CMSIS_RTOS_V2 -I../Middlewares/Third_Party/FreeRTOS/Source/portable/GCC/ARM_CM4F -O0 -ffunction-sections -fdata-sections -Wall -fstack-usage -fcyclomatic-complexity -MMD -MP -MF"Core/Src/app_freertos.d" -MT"Core/Src/app_freertos.o" --specs=nano.specs -mfpu=fpv4-sp-d16 -mfloat-abi=hard -mthumb -o "Core/Src/app_freertos.o"
arm-none-eabi-gcc -o "AMT212E-V_Micro-ROS_UART.elf" @"objects.list"  -lmicroros -mcpu=cortex-m4 -T"/home/kireiji/Documents/GitHub/CARVER/AMT212E-V/AMT212E-V/AMT212E-V_Micro-ROS/firmware/AMT212E-V_Micro-ROS_UART/STM32G474RETX_FLASH.ld" --specs=nosys.specs -Wl,-Map="AMT212E-V_Micro-ROS_UART.map" -Wl,--gc-sections -static -L../micro_ros_stm32cubemx_utils/microros_static_library_ide/libmicroros --specs=nano.specs -mfpu=fpv4-sp-d16 -mfloat-abi=hard -mthumb -Wl,--start-group -lc -lm -Wl,--end-group
/opt/st/stm32cubeide_1.16.1/plugins/com.st.stm32cube.ide.mcu.externaltools.gnu-tools-for-stm32.12.3.rel1.linux64_1.0.200.202406132123/tools/bin/../lib/gcc/arm-none-eabi/12.3.1/../../../../arm-none-eabi/bin/ld: /opt/st/stm32cubeide_1.16.1/plugins/com.st.stm32cube.ide.mcu.externaltools.gnu-tools-for-stm32.12.3.rel1.linux64_1.0.200.202406132123/tools/bin/../lib/gcc/arm-none-eabi/12.3.1/../../../../arm-none-eabi/lib/thumb/v7e-m+fp/hard/libc_nano.a(libc_a-gettimeofdayr.o): in function `_gettimeofday_r':
(.text._gettimeofday_r+0xe): warning: _gettimeofday is not implemented and will always fail
Finished building target: AMT212E-V_Micro-ROS_UART.elf
 
arm-none-eabi-size  AMT212E-V_Micro-ROS_UART.elf 
arm-none-eabi-objdump -h -S AMT212E-V_Micro-ROS_UART.elf  > "AMT212E-V_Micro-ROS_UART.list"
   text	   data	    bss	    dec	    hex	filename
 110348	    488	  46184	 157020	  2655c	AMT212E-V_Micro-ROS_UART.elf
Finished building: default.size.stdout
 
Finished building: AMT212E-V_Micro-ROS_UART.list
 
18:21:11 **** Incremental Build of configuration Debug for project AMT212E-V_Micro-ROS_UART ****
make -j16 all 
echo "Kireiji_02" | sudo -S docker pull microros/micro_ros_static_library_builder:humble && echo "Kireiji_02" | sudo -S docker run --rm -v /home/kireiji/Documents/GitHub/CARVER/AMT212E-V/AMT212E-V/AMT212E-V_Micro-ROS/firmware/AMT212E-V_Micro-ROS_UART:/project --env MICROROS_LIBRARY_FOLDER=micro_ros_stm32cubemx_utils/microros_static_library_ide microros/micro_ros_static_library_builder:humble
humble: Pulling from microros/micro_ros_static_library_builder
Digest: sha256:83ab4e8ce95b2a62feb5dd270ad4460218d2d026a455ea32a5873cf629aa1e99
Status: Image is up to date for microros/micro_ros_static_library_builder:humble
docker.io/microros/micro_ros_static_library_builder:humble
[sudo] password for kireiji: dos2unix: converting file /project/micro_ros_stm32cubemx_utils/microros_static_library_ide/library_generation/library_generation.sh to Unix format...
micro-ROS library found. Skipping...
Delete micro_ros_stm32cubemx_utils/microros_static_library_ide/libmicroros/ for rebuild.
 
arm-none-eabi-gcc "../Core/Src/app_freertos.c" -mcpu=cortex-m4 -std=gnu11 -g3 -DDEBUG -DUSE_HAL_DRIVER -DSTM32G474xx -c -I../Core/Inc -I../micro_ros_stm32cubemx_utils/microros_static_library_ide/libmicroros/include -I../Drivers/STM32G4xx_HAL_Driver/Inc -I../Drivers/STM32G4xx_HAL_Driver/Inc/Legacy -I../Drivers/CMSIS/Device/ST/STM32G4xx/Include -I../Drivers/CMSIS/Include -I../Middlewares/Third_Party/FreeRTOS/Source/include -I../Middlewares/Third_Party/FreeRTOS/Source/CMSIS_RTOS_V2 -I../Middlewares/Third_Party/FreeRTOS/Source/portable/GCC/ARM_CM4F -O0 -ffunction-sections -fdata-sections -Wall -fstack-usage -fcyclomatic-complexity -MMD -MP -MF"Core/Src/app_freertos.d" -MT"Core/Src/app_freertos.o" --specs=nano.specs -mfpu=fpv4-sp-d16 -mfloat-abi=hard -mthumb -o "Core/Src/app_freertos.o"
arm-none-eabi-gcc -o "AMT212E-V_Micro-ROS_UART.elf" @"objects.list"  -lmicroros -mcpu=cortex-m4 -T"/home/kireiji/Documents/GitHub/CARVER/AMT212E-V/AMT212E-V/AMT212E-V_Micro-ROS/firmware/AMT212E-V_Micro-ROS_UART/STM32G474RETX_FLASH.ld" --specs=nosys.specs -Wl,-Map="AMT212E-V_Micro-ROS_UART.map" -Wl,--gc-sections -static -L../micro_ros_stm32cubemx_utils/microros_static_library_ide/libmicroros --specs=nano.specs -mfpu=fpv4-sp-d16 -mfloat-abi=hard -mthumb -Wl,--start-group -lc -lm -Wl,--end-group
/opt/st/stm32cubeide_1.16.1/plugins/com.st.stm32cube.ide.mcu.externaltools.gnu-tools-for-stm32.12.3.rel1.linux64_1.0.200.202406132123/tools/bin/../lib/gcc/arm-none-eabi/12.3.1/../../../../arm-none-eabi/bin/ld: /opt/st/stm32cubeide_1.16.1/plugins/com.st.stm32cube.ide.mcu.externaltools.gnu-tools-for-stm32.12.3.rel1.linux64_1.0.200.202406132123/tools/bin/../lib/gcc/arm-none-eabi/12.3.1/../../../../arm-none-eabi/lib/thumb/v7e-m+fp/hard/libc_nano.a(libc_a-gettimeofdayr.o): in function `_gettimeofday_r':
(.text._gettimeofday_r+0xe): warning: _gettimeofday is not implemented and will always fail
Finished building target: AMT212E-V_Micro-ROS_UART.elf
 
arm-none-eabi-size  AMT212E-V_Micro-ROS_UART.elf 
arm-none-eabi-objdump -h -S AMT212E-V_Micro-ROS_UART.elf  > "AMT212E-V_Micro-ROS_UART.list"
   text	   data	    bss	    dec	    hex	filename
 110348	    488	  46184	 157020	  2655c	AMT212E-V_Micro-ROS_UART.elf
Finished building: default.size.stdout
 
Finished building: AMT212E-V_Micro-ROS_UART.list
 
18:25:16 **** Incremental Build of configuration Debug for project AMT212E-V_Micro-ROS_UART ****
make -j16 all 
echo "Kireiji_02" | sudo -S docker pull microros/micro_ros_static_library_builder:humble && echo "Kireiji_02" | sudo -S docker run --rm -v /home/kireiji/Documents/GitHub/CARVER/AMT212E-V/AMT212E-V/AMT212E-V_Micro-ROS/firmware/AMT212E-V_Micro-ROS_UART:/project --env MICROROS_LIBRARY_FOLDER=micro_ros_stm32cubemx_utils/microros_static_library_ide microros/micro_ros_static_library_builder:humble
humble: Pulling from microros/micro_ros_static_library_builder
Digest: sha256:83ab4e8ce95b2a62feb5dd270ad4460218d2d026a455ea32a5873cf629aa1e99
Status: Image is up to date for microros/micro_ros_static_library_builder:humble
docker.io/microros/micro_ros_static_library_builder:humble
[sudo] password for kireiji: dos2unix: converting file /project/micro_ros_stm32cubemx_utils/microros_static_library_ide/library_generation/library_generation.sh to Unix format...
micro-ROS library found. Skipping...
Delete micro_ros_stm32cubemx_utils/microros_static_library_ide/libmicroros/ for rebuild.
 
arm-none-eabi-gcc "../Core/Src/app_freertos.c" -mcpu=cortex-m4 -std=gnu11 -g3 -DDEBUG -DUSE_HAL_DRIVER -DSTM32G474xx -c -I../Core/Inc -I../micro_ros_stm32cubemx_utils/microros_static_library_ide/libmicroros/include -I../Drivers/STM32G4xx_HAL_Driver/Inc -I../Drivers/STM32G4xx_HAL_Driver/Inc/Legacy -I../Drivers/CMSIS/Device/ST/STM32G4xx/Include -I../Drivers/CMSIS/Include -I../Middlewares/Third_Party/FreeRTOS/Source/include -I../Middlewares/Third_Party/FreeRTOS/Source/CMSIS_RTOS_V2 -I../Middlewares/Third_Party/FreeRTOS/Source/portable/GCC/ARM_CM4F -O0 -ffunction-sections -fdata-sections -Wall -fstack-usage -fcyclomatic-complexity -MMD -MP -MF"Core/Src/app_freertos.d" -MT"Core/Src/app_freertos.o" --specs=nano.specs -mfpu=fpv4-sp-d16 -mfloat-abi=hard -mthumb -o "Core/Src/app_freertos.o"
arm-none-eabi-gcc -o "AMT212E-V_Micro-ROS_UART.elf" @"objects.list"  -lmicroros -mcpu=cortex-m4 -T"/home/kireiji/Documents/GitHub/CARVER/AMT212E-V/AMT212E-V/AMT212E-V_Micro-ROS/firmware/AMT212E-V_Micro-ROS_UART/STM32G474RETX_FLASH.ld" --specs=nosys.specs -Wl,-Map="AMT212E-V_Micro-ROS_UART.map" -Wl,--gc-sections -static -L../micro_ros_stm32cubemx_utils/microros_static_library_ide/libmicroros --specs=nano.specs -mfpu=fpv4-sp-d16 -mfloat-abi=hard -mthumb -Wl,--start-group -lc -lm -Wl,--end-group
/opt/st/stm32cubeide_1.16.1/plugins/com.st.stm32cube.ide.mcu.externaltools.gnu-tools-for-stm32.12.3.rel1.linux64_1.0.200.202406132123/tools/bin/../lib/gcc/arm-none-eabi/12.3.1/../../../../arm-none-eabi/bin/ld: /opt/st/stm32cubeide_1.16.1/plugins/com.st.stm32cube.ide.mcu.externaltools.gnu-tools-for-stm32.12.3.rel1.linux64_1.0.200.202406132123/tools/bin/../lib/gcc/arm-none-eabi/12.3.1/../../../../arm-none-eabi/lib/thumb/v7e-m+fp/hard/libc_nano.a(libc_a-gettimeofdayr.o): in function `_gettimeofday_r':
(.text._gettimeofday_r+0xe): warning: _gettimeofday is not implemented and will always fail
Finished building target: AMT212E-V_Micro-ROS_UART.elf
 
arm-none-eabi-size  AMT212E-V_Micro-ROS_UART.elf 
arm-none-eabi-objdump -h -S AMT212E-V_Micro-ROS_UART.elf  > "AMT212E-V_Micro-ROS_UART.list"
   text	   data	    bss	    dec	    hex	filename
 110348	    488	  46184	 157020	  2655c	AMT212E-V_Micro-ROS_UART.elf
Finished building: default.size.stdout
 
Finished building: AMT212E-V_Micro-ROS_UART.list
 
18:27:05 **** Incremental Build of configuration Debug for project AMT212E-V_Micro-ROS_UART ****
make -j16 all 
echo "Kireiji_02" | sudo -S docker pull microros/micro_ros_static_library_builder:humble && echo "Kireiji_02" | sudo -S docker run --rm -v /home/kireiji/Documents/GitHub/CARVER/AMT212E-V/AMT212E-V/AMT212E-V_Micro-ROS/firmware/AMT212E-V_Micro-ROS_UART:/project --env MICROROS_LIBRARY_FOLDER=micro_ros_stm32cubemx_utils/microros_static_library_ide microros/micro_ros_static_library_builder:humble
humble: Pulling from microros/micro_ros_static_library_builder
Digest: sha256:83ab4e8ce95b2a62feb5dd270ad4460218d2d026a455ea32a5873cf629aa1e99
Status: Image is up to date for microros/micro_ros_static_library_builder:humble
docker.io/microros/micro_ros_static_library_builder:humble
[sudo] password for kireiji: dos2unix: converting file /project/micro_ros_stm32cubemx_utils/microros_static_library_ide/library_generation/library_generation.sh to Unix format...
micro-ROS library found. Skipping...
Delete micro_ros_stm32cubemx_utils/microros_static_library_ide/libmicroros/ for rebuild.
 
arm-none-eabi-gcc "../Core/Src/app_freertos.c" -mcpu=cortex-m4 -std=gnu11 -g3 -DDEBUG -DUSE_HAL_DRIVER -DSTM32G474xx -c -I../Core/Inc -I../micro_ros_stm32cubemx_utils/microros_static_library_ide/libmicroros/include -I../Drivers/STM32G4xx_HAL_Driver/Inc -I../Drivers/STM32G4xx_HAL_Driver/Inc/Legacy -I../Drivers/CMSIS/Device/ST/STM32G4xx/Include -I../Drivers/CMSIS/Include -I../Middlewares/Third_Party/FreeRTOS/Source/include -I../Middlewares/Third_Party/FreeRTOS/Source/CMSIS_RTOS_V2 -I../Middlewares/Third_Party/FreeRTOS/Source/portable/GCC/ARM_CM4F -O0 -ffunction-sections -fdata-sections -Wall -fstack-usage -fcyclomatic-complexity -MMD -MP -MF"Core/Src/app_freertos.d" -MT"Core/Src/app_freertos.o" --specs=nano.specs -mfpu=fpv4-sp-d16 -mfloat-abi=hard -mthumb -o "Core/Src/app_freertos.o"
arm-none-eabi-gcc -o "AMT212E-V_Micro-ROS_UART.elf" @"objects.list"  -lmicroros -mcpu=cortex-m4 -T"/home/kireiji/Documents/GitHub/CARVER/AMT212E-V/AMT212E-V/AMT212E-V_Micro-ROS/firmware/AMT212E-V_Micro-ROS_UART/STM32G474RETX_FLASH.ld" --specs=nosys.specs -Wl,-Map="AMT212E-V_Micro-ROS_UART.map" -Wl,--gc-sections -static -L../micro_ros_stm32cubemx_utils/microros_static_library_ide/libmicroros --specs=nano.specs -mfpu=fpv4-sp-d16 -mfloat-abi=hard -mthumb -Wl,--start-group -lc -lm -Wl,--end-group
/opt/st/stm32cubeide_1.16.1/plugins/com.st.stm32cube.ide.mcu.externaltools.gnu-tools-for-stm32.12.3.rel1.linux64_1.0.200.202406132123/tools/bin/../lib/gcc/arm-none-eabi/12.3.1/../../../../arm-none-eabi/bin/ld: /opt/st/stm32cubeide_1.16.1/plugins/com.st.stm32cube.ide.mcu.externaltools.gnu-tools-for-stm32.12.3.rel1.linux64_1.0.200.202406132123/tools/bin/../lib/gcc/arm-none-eabi/12.3.1/../../../../arm-none-eabi/lib/thumb/v7e-m+fp/hard/libc_nano.a(libc_a-gettimeofdayr.o): in function `_gettimeofday_r':
(.text._gettimeofday_r+0xe): warning: _gettimeofday is not implemented and will always fail
Finished building target: AMT212E-V_Micro-ROS_UART.elf
 
arm-none-eabi-size  AMT212E-V_Micro-ROS_UART.elf 
arm-none-eabi-objdump -h -S AMT212E-V_Micro-ROS_UART.elf  > "AMT212E-V_Micro-ROS_UART.list"
   text	   data	    bss	    dec	    hex	filename
 110348	    488	  46184	 157020	  2655c	AMT212E-V_Micro-ROS_UART.elf
Finished building: default.size.stdout
 
Finished building: AMT212E-V_Micro-ROS_UART.list
 
18:27:50 **** Incremental Build of configuration Debug for project AMT212E-V_Micro-ROS_UART ****
make -j16 all 
echo "Kireiji_02" | sudo -S docker pull microros/micro_ros_static_library_builder:humble && echo "Kireiji_02" | sudo -S docker run --rm -v /home/kireiji/Documents/GitHub/CARVER/AMT212E-V/AMT212E-V/AMT212E-V_Micro-ROS/firmware/AMT212E-V_Micro-ROS_UART:/project --env MICROROS_LIBRARY_FOLDER=micro_ros_stm32cubemx_utils/microros_static_library_ide microros/micro_ros_static_library_builder:humble
humble: Pulling from microros/micro_ros_static_library_builder
Digest: sha256:83ab4e8ce95b2a62feb5dd270ad4460218d2d026a455ea32a5873cf629aa1e99
Status: Image is up to date for microros/micro_ros_static_library_builder:humble
docker.io/microros/micro_ros_static_library_builder:humble
[sudo] password for kireiji: dos2unix: converting file /project/micro_ros_stm32cubemx_utils/microros_static_library_ide/library_generation/library_generation.sh to Unix format...
micro-ROS library found. Skipping...
Delete micro_ros_stm32cubemx_utils/microros_static_library_ide/libmicroros/ for rebuild.
 
arm-none-eabi-gcc "../Core/Src/app_freertos.c" -mcpu=cortex-m4 -std=gnu11 -g3 -DDEBUG -DUSE_HAL_DRIVER -DSTM32G474xx -c -I../Core/Inc -I../micro_ros_stm32cubemx_utils/microros_static_library_ide/libmicroros/include -I../Drivers/STM32G4xx_HAL_Driver/Inc -I../Drivers/STM32G4xx_HAL_Driver/Inc/Legacy -I../Drivers/CMSIS/Device/ST/STM32G4xx/Include -I../Drivers/CMSIS/Include -I../Middlewares/Third_Party/FreeRTOS/Source/include -I../Middlewares/Third_Party/FreeRTOS/Source/CMSIS_RTOS_V2 -I../Middlewares/Third_Party/FreeRTOS/Source/portable/GCC/ARM_CM4F -O0 -ffunction-sections -fdata-sections -Wall -fstack-usage -fcyclomatic-complexity -MMD -MP -MF"Core/Src/app_freertos.d" -MT"Core/Src/app_freertos.o" --specs=nano.specs -mfpu=fpv4-sp-d16 -mfloat-abi=hard -mthumb -o "Core/Src/app_freertos.o"
arm-none-eabi-gcc -o "AMT212E-V_Micro-ROS_UART.elf" @"objects.list"  -lmicroros -mcpu=cortex-m4 -T"/home/kireiji/Documents/GitHub/CARVER/AMT212E-V/AMT212E-V/AMT212E-V_Micro-ROS/firmware/AMT212E-V_Micro-ROS_UART/STM32G474RETX_FLASH.ld" --specs=nosys.specs -Wl,-Map="AMT212E-V_Micro-ROS_UART.map" -Wl,--gc-sections -static -L../micro_ros_stm32cubemx_utils/microros_static_library_ide/libmicroros --specs=nano.specs -mfpu=fpv4-sp-d16 -mfloat-abi=hard -mthumb -Wl,--start-group -lc -lm -Wl,--end-group
/opt/st/stm32cubeide_1.16.1/plugins/com.st.stm32cube.ide.mcu.externaltools.gnu-tools-for-stm32.12.3.rel1.linux64_1.0.200.202406132123/tools/bin/../lib/gcc/arm-none-eabi/12.3.1/../../../../arm-none-eabi/bin/ld: /opt/st/stm32cubeide_1.16.1/plugins/com.st.stm32cube.ide.mcu.externaltools.gnu-tools-for-stm32.12.3.rel1.linux64_1.0.200.202406132123/tools/bin/../lib/gcc/arm-none-eabi/12.3.1/../../../../arm-none-eabi/lib/thumb/v7e-m+fp/hard/libc_nano.a(libc_a-gettimeofdayr.o): in function `_gettimeofday_r':
(.text._gettimeofday_r+0xe): warning: _gettimeofday is not implemented and will always fail
Finished building target: AMT212E-V_Micro-ROS_UART.elf
 
arm-none-eabi-size  AMT212E-V_Micro-ROS_UART.elf 
arm-none-eabi-objdump -h -S AMT212E-V_Micro-ROS_UART.elf  > "AMT212E-V_Micro-ROS_UART.list"
   text	   data	    bss	    dec	    hex	filename
 110348	    488	  46184	 157020	  2655c	AMT212E-V_Micro-ROS_UART.elf
Finished building: default.size.stdout
 
Finished building: AMT212E-V_Micro-ROS_UART.list
 
18:28:40 **** Incremental Build of configuration Debug for project AMT212E-V_Micro-ROS_UART ****
make -j16 all 
echo "Kireiji_02" | sudo -S docker pull microros/micro_ros_static_library_builder:humble && echo "Kireiji_02" | sudo -S docker run --rm -v /home/kireiji/Documents/GitHub/CARVER/AMT212E-V/AMT212E-V/AMT212E-V_Micro-ROS/firmware/AMT212E-V_Micro-ROS_UART:/project --env MICROROS_LIBRARY_FOLDER=micro_ros_stm32cubemx_utils/microros_static_library_ide microros/micro_ros_static_library_builder:humble
humble: Pulling from microros/micro_ros_static_library_builder
Digest: sha256:83ab4e8ce95b2a62feb5dd270ad4460218d2d026a455ea32a5873cf629aa1e99
Status: Image is up to date for microros/micro_ros_static_library_builder:humble
docker.io/microros/micro_ros_static_library_builder:humble
[sudo] password for kireiji: dos2unix: converting file /project/micro_ros_stm32cubemx_utils/microros_static_library_ide/library_generation/library_generation.sh to Unix format...
micro-ROS library found. Skipping...
Delete micro_ros_stm32cubemx_utils/microros_static_library_ide/libmicroros/ for rebuild.
 
arm-none-eabi-gcc "../Core/Src/app_freertos.c" -mcpu=cortex-m4 -std=gnu11 -g3 -DDEBUG -DUSE_HAL_DRIVER -DSTM32G474xx -c -I../Core/Inc -I../micro_ros_stm32cubemx_utils/microros_static_library_ide/libmicroros/include -I../Drivers/STM32G4xx_HAL_Driver/Inc -I../Drivers/STM32G4xx_HAL_Driver/Inc/Legacy -I../Drivers/CMSIS/Device/ST/STM32G4xx/Include -I../Drivers/CMSIS/Include -I../Middlewares/Third_Party/FreeRTOS/Source/include -I../Middlewares/Third_Party/FreeRTOS/Source/CMSIS_RTOS_V2 -I../Middlewares/Third_Party/FreeRTOS/Source/portable/GCC/ARM_CM4F -O0 -ffunction-sections -fdata-sections -Wall -fstack-usage -fcyclomatic-complexity -MMD -MP -MF"Core/Src/app_freertos.d" -MT"Core/Src/app_freertos.o" --specs=nano.specs -mfpu=fpv4-sp-d16 -mfloat-abi=hard -mthumb -o "Core/Src/app_freertos.o"
arm-none-eabi-gcc -o "AMT212E-V_Micro-ROS_UART.elf" @"objects.list"  -lmicroros -mcpu=cortex-m4 -T"/home/kireiji/Documents/GitHub/CARVER/AMT212E-V/AMT212E-V/AMT212E-V_Micro-ROS/firmware/AMT212E-V_Micro-ROS_UART/STM32G474RETX_FLASH.ld" --specs=nosys.specs -Wl,-Map="AMT212E-V_Micro-ROS_UART.map" -Wl,--gc-sections -static -L../micro_ros_stm32cubemx_utils/microros_static_library_ide/libmicroros --specs=nano.specs -mfpu=fpv4-sp-d16 -mfloat-abi=hard -mthumb -Wl,--start-group -lc -lm -Wl,--end-group
/opt/st/stm32cubeide_1.16.1/plugins/com.st.stm32cube.ide.mcu.externaltools.gnu-tools-for-stm32.12.3.rel1.linux64_1.0.200.202406132123/tools/bin/../lib/gcc/arm-none-eabi/12.3.1/../../../../arm-none-eabi/bin/ld: /opt/st/stm32cubeide_1.16.1/plugins/com.st.stm32cube.ide.mcu.externaltools.gnu-tools-for-stm32.12.3.rel1.linux64_1.0.200.202406132123/tools/bin/../lib/gcc/arm-none-eabi/12.3.1/../../../../arm-none-eabi/lib/thumb/v7e-m+fp/hard/libc_nano.a(libc_a-gettimeofdayr.o): in function `_gettimeofday_r':
(.text._gettimeofday_r+0xe): warning: _gettimeofday is not implemented and will always fail
Finished building target: AMT212E-V_Micro-ROS_UART.elf
 
arm-none-eabi-size  AMT212E-V_Micro-ROS_UART.elf 
arm-none-eabi-objdump -h -S AMT212E-V_Micro-ROS_UART.elf  > "AMT212E-V_Micro-ROS_UART.list"
   text	   data	    bss	    dec	    hex	filename
 110348	    488	  46184	 157020	  2655c	AMT212E-V_Micro-ROS_UART.elf
Finished building: default.size.stdout
 
Finished building: AMT212E-V_Micro-ROS_UART.list
 
18:29:43 **** Incremental Build of configuration Debug for project AMT212E-V_Micro-ROS_UART ****
make -j16 all 
echo "Kireiji_02" | sudo -S docker pull microros/micro_ros_static_library_builder:humble && echo "Kireiji_02" | sudo -S docker run --rm -v /home/kireiji/Documents/GitHub/CARVER/AMT212E-V/AMT212E-V/AMT212E-V_Micro-ROS/firmware/AMT212E-V_Micro-ROS_UART:/project --env MICROROS_LIBRARY_FOLDER=micro_ros_stm32cubemx_utils/microros_static_library_ide microros/micro_ros_static_library_builder:humble
humble: Pulling from microros/micro_ros_static_library_builder
Digest: sha256:83ab4e8ce95b2a62feb5dd270ad4460218d2d026a455ea32a5873cf629aa1e99
Status: Image is up to date for microros/micro_ros_static_library_builder:humble
docker.io/microros/micro_ros_static_library_builder:humble
[sudo] password for kireiji: dos2unix: converting file /project/micro_ros_stm32cubemx_utils/microros_static_library_ide/library_generation/library_generation.sh to Unix format...
micro-ROS library found. Skipping...
Delete micro_ros_stm32cubemx_utils/microros_static_library_ide/libmicroros/ for rebuild.
 
arm-none-eabi-gcc "../Core/Src/app_freertos.c" -mcpu=cortex-m4 -std=gnu11 -g3 -DDEBUG -DUSE_HAL_DRIVER -DSTM32G474xx -c -I../Core/Inc -I../micro_ros_stm32cubemx_utils/microros_static_library_ide/libmicroros/include -I../Drivers/STM32G4xx_HAL_Driver/Inc -I../Drivers/STM32G4xx_HAL_Driver/Inc/Legacy -I../Drivers/CMSIS/Device/ST/STM32G4xx/Include -I../Drivers/CMSIS/Include -I../Middlewares/Third_Party/FreeRTOS/Source/include -I../Middlewares/Third_Party/FreeRTOS/Source/CMSIS_RTOS_V2 -I../Middlewares/Third_Party/FreeRTOS/Source/portable/GCC/ARM_CM4F -O0 -ffunction-sections -fdata-sections -Wall -fstack-usage -fcyclomatic-complexity -MMD -MP -MF"Core/Src/app_freertos.d" -MT"Core/Src/app_freertos.o" --specs=nano.specs -mfpu=fpv4-sp-d16 -mfloat-abi=hard -mthumb -o "Core/Src/app_freertos.o"
arm-none-eabi-gcc -o "AMT212E-V_Micro-ROS_UART.elf" @"objects.list"  -lmicroros -mcpu=cortex-m4 -T"/home/kireiji/Documents/GitHub/CARVER/AMT212E-V/AMT212E-V/AMT212E-V_Micro-ROS/firmware/AMT212E-V_Micro-ROS_UART/STM32G474RETX_FLASH.ld" --specs=nosys.specs -Wl,-Map="AMT212E-V_Micro-ROS_UART.map" -Wl,--gc-sections -static -L../micro_ros_stm32cubemx_utils/microros_static_library_ide/libmicroros --specs=nano.specs -mfpu=fpv4-sp-d16 -mfloat-abi=hard -mthumb -Wl,--start-group -lc -lm -Wl,--end-group
/opt/st/stm32cubeide_1.16.1/plugins/com.st.stm32cube.ide.mcu.externaltools.gnu-tools-for-stm32.12.3.rel1.linux64_1.0.200.202406132123/tools/bin/../lib/gcc/arm-none-eabi/12.3.1/../../../../arm-none-eabi/bin/ld: /opt/st/stm32cubeide_1.16.1/plugins/com.st.stm32cube.ide.mcu.externaltools.gnu-tools-for-stm32.12.3.rel1.linux64_1.0.200.202406132123/tools/bin/../lib/gcc/arm-none-eabi/12.3.1/../../../../arm-none-eabi/lib/thumb/v7e-m+fp/hard/libc_nano.a(libc_a-gettimeofdayr.o): in function `_gettimeofday_r':
(.text._gettimeofday_r+0xe): warning: _gettimeofday is not implemented and will always fail
Finished building target: AMT212E-V_Micro-ROS_UART.elf
 
arm-none-eabi-size  AMT212E-V_Micro-ROS_UART.elf 
arm-none-eabi-objdump -h -S AMT212E-V_Micro-ROS_UART.elf  > "AMT212E-V_Micro-ROS_UART.list"
   text	   data	    bss	    dec	    hex	filename
 110348	    492	  46176	 157016	  26558	AMT212E-V_Micro-ROS_UART.elf
Finished building: default.size.stdout
 
Finished building: AMT212E-V_Micro-ROS_UART.list
 
18:30:46 **** Incremental Build of configuration Debug for project AMT212E-V_Micro-ROS_UART ****
make -j16 all 
echo "Kireiji_02" | sudo -S docker pull microros/micro_ros_static_library_builder:humble && echo "Kireiji_02" | sudo -S docker run --rm -v /home/kireiji/Documents/GitHub/CARVER/AMT212E-V/AMT212E-V/AMT212E-V_Micro-ROS/firmware/AMT212E-V_Micro-ROS_UART:/project --env MICROROS_LIBRARY_FOLDER=micro_ros_stm32cubemx_utils/microros_static_library_ide microros/micro_ros_static_library_builder:humble
humble: Pulling from microros/micro_ros_static_library_builder
Digest: sha256:83ab4e8ce95b2a62feb5dd270ad4460218d2d026a455ea32a5873cf629aa1e99
Status: Image is up to date for microros/micro_ros_static_library_builder:humble
docker.io/microros/micro_ros_static_library_builder:humble
[sudo] password for kireiji: dos2unix: converting file /project/micro_ros_stm32cubemx_utils/microros_static_library_ide/library_generation/library_generation.sh to Unix format...
micro-ROS library found. Skipping...
Delete micro_ros_stm32cubemx_utils/microros_static_library_ide/libmicroros/ for rebuild.
 
arm-none-eabi-gcc "../Core/Src/app_freertos.c" -mcpu=cortex-m4 -std=gnu11 -g3 -DDEBUG -DUSE_HAL_DRIVER -DSTM32G474xx -c -I../Core/Inc -I../micro_ros_stm32cubemx_utils/microros_static_library_ide/libmicroros/include -I../Drivers/STM32G4xx_HAL_Driver/Inc -I../Drivers/STM32G4xx_HAL_Driver/Inc/Legacy -I../Drivers/CMSIS/Device/ST/STM32G4xx/Include -I../Drivers/CMSIS/Include -I../Middlewares/Third_Party/FreeRTOS/Source/include -I../Middlewares/Third_Party/FreeRTOS/Source/CMSIS_RTOS_V2 -I../Middlewares/Third_Party/FreeRTOS/Source/portable/GCC/ARM_CM4F -O0 -ffunction-sections -fdata-sections -Wall -fstack-usage -fcyclomatic-complexity -MMD -MP -MF"Core/Src/app_freertos.d" -MT"Core/Src/app_freertos.o" --specs=nano.specs -mfpu=fpv4-sp-d16 -mfloat-abi=hard -mthumb -o "Core/Src/app_freertos.o"
arm-none-eabi-gcc -o "AMT212E-V_Micro-ROS_UART.elf" @"objects.list"  -lmicroros -mcpu=cortex-m4 -T"/home/kireiji/Documents/GitHub/CARVER/AMT212E-V/AMT212E-V/AMT212E-V_Micro-ROS/firmware/AMT212E-V_Micro-ROS_UART/STM32G474RETX_FLASH.ld" --specs=nosys.specs -Wl,-Map="AMT212E-V_Micro-ROS_UART.map" -Wl,--gc-sections -static -L../micro_ros_stm32cubemx_utils/microros_static_library_ide/libmicroros --specs=nano.specs -mfpu=fpv4-sp-d16 -mfloat-abi=hard -mthumb -Wl,--start-group -lc -lm -Wl,--end-group
/opt/st/stm32cubeide_1.16.1/plugins/com.st.stm32cube.ide.mcu.externaltools.gnu-tools-for-stm32.12.3.rel1.linux64_1.0.200.202406132123/tools/bin/../lib/gcc/arm-none-eabi/12.3.1/../../../../arm-none-eabi/bin/ld: /opt/st/stm32cubeide_1.16.1/plugins/com.st.stm32cube.ide.mcu.externaltools.gnu-tools-for-stm32.12.3.rel1.linux64_1.0.200.202406132123/tools/bin/../lib/gcc/arm-none-eabi/12.3.1/../../../../arm-none-eabi/lib/thumb/v7e-m+fp/hard/libc_nano.a(libc_a-gettimeofdayr.o): in function `_gettimeofday_r':
(.text._gettimeofday_r+0xe): warning: _gettimeofday is not implemented and will always fail
Finished building target: AMT212E-V_Micro-ROS_UART.elf
 
arm-none-eabi-size  AMT212E-V_Micro-ROS_UART.elf 
arm-none-eabi-objdump -h -S AMT212E-V_Micro-ROS_UART.elf  > "AMT212E-V_Micro-ROS_UART.list"
   text	   data	    bss	    dec	    hex	filename
 110348	    492	  46176	 157016	  26558	AMT212E-V_Micro-ROS_UART.elf
Finished building: default.size.stdout
 
Finished building: AMT212E-V_Micro-ROS_UART.list
 
18:31:55 **** Incremental Build of configuration Debug for project AMT212E-V_Micro-ROS_UART ****
make -j16 all 
echo "Kireiji_02" | sudo -S docker pull microros/micro_ros_static_library_builder:humble && echo "Kireiji_02" | sudo -S docker run --rm -v /home/kireiji/Documents/GitHub/CARVER/AMT212E-V/AMT212E-V/AMT212E-V_Micro-ROS/firmware/AMT212E-V_Micro-ROS_UART:/project --env MICROROS_LIBRARY_FOLDER=micro_ros_stm32cubemx_utils/microros_static_library_ide microros/micro_ros_static_library_builder:humble
humble: Pulling from microros/micro_ros_static_library_builder
Digest: sha256:83ab4e8ce95b2a62feb5dd270ad4460218d2d026a455ea32a5873cf629aa1e99
Status: Image is up to date for microros/micro_ros_static_library_builder:humble
docker.io/microros/micro_ros_static_library_builder:humble
[sudo] password for kireiji: dos2unix: converting file /project/micro_ros_stm32cubemx_utils/microros_static_library_ide/library_generation/library_generation.sh to Unix format...
micro-ROS library found. Skipping...
Delete micro_ros_stm32cubemx_utils/microros_static_library_ide/libmicroros/ for rebuild.
 
arm-none-eabi-gcc "../Core/Src/app_freertos.c" -mcpu=cortex-m4 -std=gnu11 -g3 -DDEBUG -DUSE_HAL_DRIVER -DSTM32G474xx -c -I../Core/Inc -I../micro_ros_stm32cubemx_utils/microros_static_library_ide/libmicroros/include -I../Drivers/STM32G4xx_HAL_Driver/Inc -I../Drivers/STM32G4xx_HAL_Driver/Inc/Legacy -I../Drivers/CMSIS/Device/ST/STM32G4xx/Include -I../Drivers/CMSIS/Include -I../Middlewares/Third_Party/FreeRTOS/Source/include -I../Middlewares/Third_Party/FreeRTOS/Source/CMSIS_RTOS_V2 -I../Middlewares/Third_Party/FreeRTOS/Source/portable/GCC/ARM_CM4F -O0 -ffunction-sections -fdata-sections -Wall -fstack-usage -fcyclomatic-complexity -MMD -MP -MF"Core/Src/app_freertos.d" -MT"Core/Src/app_freertos.o" --specs=nano.specs -mfpu=fpv4-sp-d16 -mfloat-abi=hard -mthumb -o "Core/Src/app_freertos.o"
arm-none-eabi-gcc -o "AMT212E-V_Micro-ROS_UART.elf" @"objects.list"  -lmicroros -mcpu=cortex-m4 -T"/home/kireiji/Documents/GitHub/CARVER/AMT212E-V/AMT212E-V/AMT212E-V_Micro-ROS/firmware/AMT212E-V_Micro-ROS_UART/STM32G474RETX_FLASH.ld" --specs=nosys.specs -Wl,-Map="AMT212E-V_Micro-ROS_UART.map" -Wl,--gc-sections -static -L../micro_ros_stm32cubemx_utils/microros_static_library_ide/libmicroros --specs=nano.specs -mfpu=fpv4-sp-d16 -mfloat-abi=hard -mthumb -Wl,--start-group -lc -lm -Wl,--end-group
/opt/st/stm32cubeide_1.16.1/plugins/com.st.stm32cube.ide.mcu.externaltools.gnu-tools-for-stm32.12.3.rel1.linux64_1.0.200.202406132123/tools/bin/../lib/gcc/arm-none-eabi/12.3.1/../../../../arm-none-eabi/bin/ld: /opt/st/stm32cubeide_1.16.1/plugins/com.st.stm32cube.ide.mcu.externaltools.gnu-tools-for-stm32.12.3.rel1.linux64_1.0.200.202406132123/tools/bin/../lib/gcc/arm-none-eabi/12.3.1/../../../../arm-none-eabi/lib/thumb/v7e-m+fp/hard/libc_nano.a(libc_a-gettimeofdayr.o): in function `_gettimeofday_r':
(.text._gettimeofday_r+0xe): warning: _gettimeofday is not implemented and will always fail
Finished building target: AMT212E-V_Micro-ROS_UART.elf
 
arm-none-eabi-size  AMT212E-V_Micro-ROS_UART.elf 
arm-none-eabi-objdump -h -S AMT212E-V_Micro-ROS_UART.elf  > "AMT212E-V_Micro-ROS_UART.list"
   text	   data	    bss	    dec	    hex	filename
 110348	    492	  46176	 157016	  26558	AMT212E-V_Micro-ROS_UART.elf
Finished building: default.size.stdout
 
Finished building: AMT212E-V_Micro-ROS_UART.list
 
18:32:21 **** Incremental Build of configuration Debug for project AMT212E-V_Micro-ROS_UART ****
make -j16 all 
echo "Kireiji_02" | sudo -S docker pull microros/micro_ros_static_library_builder:humble && echo "Kireiji_02" | sudo -S docker run --rm -v /home/kireiji/Documents/GitHub/CARVER/AMT212E-V/AMT212E-V/AMT212E-V_Micro-ROS/firmware/AMT212E-V_Micro-ROS_UART:/project --env MICROROS_LIBRARY_FOLDER=micro_ros_stm32cubemx_utils/microros_static_library_ide microros/micro_ros_static_library_builder:humble
humble: Pulling from microros/micro_ros_static_library_builder
Digest: sha256:83ab4e8ce95b2a62feb5dd270ad4460218d2d026a455ea32a5873cf629aa1e99
Status: Image is up to date for microros/micro_ros_static_library_builder:humble
docker.io/microros/micro_ros_static_library_builder:humble
[sudo] password for kireiji: dos2unix: converting file /project/micro_ros_stm32cubemx_utils/microros_static_library_ide/library_generation/library_generation.sh to Unix format...
micro-ROS library found. Skipping...
Delete micro_ros_stm32cubemx_utils/microros_static_library_ide/libmicroros/ for rebuild.
 
arm-none-eabi-gcc "../Core/Src/app_freertos.c" -mcpu=cortex-m4 -std=gnu11 -g3 -DDEBUG -DUSE_HAL_DRIVER -DSTM32G474xx -c -I../Core/Inc -I../micro_ros_stm32cubemx_utils/microros_static_library_ide/libmicroros/include -I../Drivers/STM32G4xx_HAL_Driver/Inc -I../Drivers/STM32G4xx_HAL_Driver/Inc/Legacy -I../Drivers/CMSIS/Device/ST/STM32G4xx/Include -I../Drivers/CMSIS/Include -I../Middlewares/Third_Party/FreeRTOS/Source/include -I../Middlewares/Third_Party/FreeRTOS/Source/CMSIS_RTOS_V2 -I../Middlewares/Third_Party/FreeRTOS/Source/portable/GCC/ARM_CM4F -O0 -ffunction-sections -fdata-sections -Wall -fstack-usage -fcyclomatic-complexity -MMD -MP -MF"Core/Src/app_freertos.d" -MT"Core/Src/app_freertos.o" --specs=nano.specs -mfpu=fpv4-sp-d16 -mfloat-abi=hard -mthumb -o "Core/Src/app_freertos.o"
arm-none-eabi-gcc -o "AMT212E-V_Micro-ROS_UART.elf" @"objects.list"  -lmicroros -mcpu=cortex-m4 -T"/home/kireiji/Documents/GitHub/CARVER/AMT212E-V/AMT212E-V/AMT212E-V_Micro-ROS/firmware/AMT212E-V_Micro-ROS_UART/STM32G474RETX_FLASH.ld" --specs=nosys.specs -Wl,-Map="AMT212E-V_Micro-ROS_UART.map" -Wl,--gc-sections -static -L../micro_ros_stm32cubemx_utils/microros_static_library_ide/libmicroros --specs=nano.specs -mfpu=fpv4-sp-d16 -mfloat-abi=hard -mthumb -Wl,--start-group -lc -lm -Wl,--end-group
/opt/st/stm32cubeide_1.16.1/plugins/com.st.stm32cube.ide.mcu.externaltools.gnu-tools-for-stm32.12.3.rel1.linux64_1.0.200.202406132123/tools/bin/../lib/gcc/arm-none-eabi/12.3.1/../../../../arm-none-eabi/bin/ld: /opt/st/stm32cubeide_1.16.1/plugins/com.st.stm32cube.ide.mcu.externaltools.gnu-tools-for-stm32.12.3.rel1.linux64_1.0.200.202406132123/tools/bin/../lib/gcc/arm-none-eabi/12.3.1/../../../../arm-none-eabi/lib/thumb/v7e-m+fp/hard/libc_nano.a(libc_a-gettimeofdayr.o): in function `_gettimeofday_r':
(.text._gettimeofday_r+0xe): warning: _gettimeofday is not implemented and will always fail
Finished building target: AMT212E-V_Micro-ROS_UART.elf
 
arm-none-eabi-size  AMT212E-V_Micro-ROS_UART.elf 
arm-none-eabi-objdump -h -S AMT212E-V_Micro-ROS_UART.elf  > "AMT212E-V_Micro-ROS_UART.list"
   text	   data	    bss	    dec	    hex	filename
 110348	    488	  46184	 157020	  2655c	AMT212E-V_Micro-ROS_UART.elf
Finished building: default.size.stdout
 
Finished building: AMT212E-V_Micro-ROS_UART.list
 
18:33:22 **** Incremental Build of configuration Debug for project AMT212E-V_Micro-ROS_UART ****
make -j16 all 
echo "Kireiji_02" | sudo -S docker pull microros/micro_ros_static_library_builder:humble && echo "Kireiji_02" | sudo -S docker run --rm -v /home/kireiji/Documents/GitHub/CARVER/AMT212E-V/AMT212E-V/AMT212E-V_Micro-ROS/firmware/AMT212E-V_Micro-ROS_UART:/project --env MICROROS_LIBRARY_FOLDER=micro_ros_stm32cubemx_utils/microros_static_library_ide microros/micro_ros_static_library_builder:humble
humble: Pulling from microros/micro_ros_static_library_builder
Digest: sha256:83ab4e8ce95b2a62feb5dd270ad4460218d2d026a455ea32a5873cf629aa1e99
Status: Image is up to date for microros/micro_ros_static_library_builder:humble
docker.io/microros/micro_ros_static_library_builder:humble
[sudo] password for kireiji: dos2unix: converting file /project/micro_ros_stm32cubemx_utils/microros_static_library_ide/library_generation/library_generation.sh to Unix format...
micro-ROS library found. Skipping...
Delete micro_ros_stm32cubemx_utils/microros_static_library_ide/libmicroros/ for rebuild.
 
arm-none-eabi-gcc "../Core/Src/app_freertos.c" -mcpu=cortex-m4 -std=gnu11 -g3 -DDEBUG -DUSE_HAL_DRIVER -DSTM32G474xx -c -I../Core/Inc -I../micro_ros_stm32cubemx_utils/microros_static_library_ide/libmicroros/include -I../Drivers/STM32G4xx_HAL_Driver/Inc -I../Drivers/STM32G4xx_HAL_Driver/Inc/Legacy -I../Drivers/CMSIS/Device/ST/STM32G4xx/Include -I../Drivers/CMSIS/Include -I../Middlewares/Third_Party/FreeRTOS/Source/include -I../Middlewares/Third_Party/FreeRTOS/Source/CMSIS_RTOS_V2 -I../Middlewares/Third_Party/FreeRTOS/Source/portable/GCC/ARM_CM4F -O0 -ffunction-sections -fdata-sections -Wall -fstack-usage -fcyclomatic-complexity -MMD -MP -MF"Core/Src/app_freertos.d" -MT"Core/Src/app_freertos.o" --specs=nano.specs -mfpu=fpv4-sp-d16 -mfloat-abi=hard -mthumb -o "Core/Src/app_freertos.o"
arm-none-eabi-gcc -o "AMT212E-V_Micro-ROS_UART.elf" @"objects.list"  -lmicroros -mcpu=cortex-m4 -T"/home/kireiji/Documents/GitHub/CARVER/AMT212E-V/AMT212E-V/AMT212E-V_Micro-ROS/firmware/AMT212E-V_Micro-ROS_UART/STM32G474RETX_FLASH.ld" --specs=nosys.specs -Wl,-Map="AMT212E-V_Micro-ROS_UART.map" -Wl,--gc-sections -static -L../micro_ros_stm32cubemx_utils/microros_static_library_ide/libmicroros --specs=nano.specs -mfpu=fpv4-sp-d16 -mfloat-abi=hard -mthumb -Wl,--start-group -lc -lm -Wl,--end-group
/opt/st/stm32cubeide_1.16.1/plugins/com.st.stm32cube.ide.mcu.externaltools.gnu-tools-for-stm32.12.3.rel1.linux64_1.0.200.202406132123/tools/bin/../lib/gcc/arm-none-eabi/12.3.1/../../../../arm-none-eabi/bin/ld: /opt/st/stm32cubeide_1.16.1/plugins/com.st.stm32cube.ide.mcu.externaltools.gnu-tools-for-stm32.12.3.rel1.linux64_1.0.200.202406132123/tools/bin/../lib/gcc/arm-none-eabi/12.3.1/../../../../arm-none-eabi/lib/thumb/v7e-m+fp/hard/libc_nano.a(libc_a-gettimeofdayr.o): in function `_gettimeofday_r':
(.text._gettimeofday_r+0xe): warning: _gettimeofday is not implemented and will always fail
Finished building target: AMT212E-V_Micro-ROS_UART.elf
 
arm-none-eabi-size  AMT212E-V_Micro-ROS_UART.elf 
arm-none-eabi-objdump -h -S AMT212E-V_Micro-ROS_UART.elf  > "AMT212E-V_Micro-ROS_UART.list"
   text	   data	    bss	    dec	    hex	filename
 110348	    488	  46184	 157020	  2655c	AMT212E-V_Micro-ROS_UART.elf
Finished building: default.size.stdout
 
Finished building: AMT212E-V_Micro-ROS_UART.list
 
18:35:00 **** Incremental Build of configuration Debug for project AMT212E-V_Micro-ROS_UART ****
make -j16 all 
echo "Kireiji_02" | sudo -S docker pull microros/micro_ros_static_library_builder:humble && echo "Kireiji_02" | sudo -S docker run --rm -v /home/kireiji/Documents/GitHub/CARVER/AMT212E-V/AMT212E-V/AMT212E-V_Micro-ROS/firmware/AMT212E-V_Micro-ROS_UART:/project --env MICROROS_LIBRARY_FOLDER=micro_ros_stm32cubemx_utils/microros_static_library_ide microros/micro_ros_static_library_builder:humble
humble: Pulling from microros/micro_ros_static_library_builder
Digest: sha256:83ab4e8ce95b2a62feb5dd270ad4460218d2d026a455ea32a5873cf629aa1e99
Status: Image is up to date for microros/micro_ros_static_library_builder:humble
docker.io/microros/micro_ros_static_library_builder:humble
[sudo] password for kireiji: dos2unix: converting file /project/micro_ros_stm32cubemx_utils/microros_static_library_ide/library_generation/library_generation.sh to Unix format...
micro-ROS library found. Skipping...
Delete micro_ros_stm32cubemx_utils/microros_static_library_ide/libmicroros/ for rebuild.
 
arm-none-eabi-gcc "../Core/Src/app_freertos.c" -mcpu=cortex-m4 -std=gnu11 -g3 -DDEBUG -DUSE_HAL_DRIVER -DSTM32G474xx -c -I../Core/Inc -I../micro_ros_stm32cubemx_utils/microros_static_library_ide/libmicroros/include -I../Drivers/STM32G4xx_HAL_Driver/Inc -I../Drivers/STM32G4xx_HAL_Driver/Inc/Legacy -I../Drivers/CMSIS/Device/ST/STM32G4xx/Include -I../Drivers/CMSIS/Include -I../Middlewares/Third_Party/FreeRTOS/Source/include -I../Middlewares/Third_Party/FreeRTOS/Source/CMSIS_RTOS_V2 -I../Middlewares/Third_Party/FreeRTOS/Source/portable/GCC/ARM_CM4F -O0 -ffunction-sections -fdata-sections -Wall -fstack-usage -fcyclomatic-complexity -MMD -MP -MF"Core/Src/app_freertos.d" -MT"Core/Src/app_freertos.o" --specs=nano.specs -mfpu=fpv4-sp-d16 -mfloat-abi=hard -mthumb -o "Core/Src/app_freertos.o"
arm-none-eabi-gcc -o "AMT212E-V_Micro-ROS_UART.elf" @"objects.list"  -lmicroros -mcpu=cortex-m4 -T"/home/kireiji/Documents/GitHub/CARVER/AMT212E-V/AMT212E-V/AMT212E-V_Micro-ROS/firmware/AMT212E-V_Micro-ROS_UART/STM32G474RETX_FLASH.ld" --specs=nosys.specs -Wl,-Map="AMT212E-V_Micro-ROS_UART.map" -Wl,--gc-sections -static -L../micro_ros_stm32cubemx_utils/microros_static_library_ide/libmicroros --specs=nano.specs -mfpu=fpv4-sp-d16 -mfloat-abi=hard -mthumb -Wl,--start-group -lc -lm -Wl,--end-group
/opt/st/stm32cubeide_1.16.1/plugins/com.st.stm32cube.ide.mcu.externaltools.gnu-tools-for-stm32.12.3.rel1.linux64_1.0.200.202406132123/tools/bin/../lib/gcc/arm-none-eabi/12.3.1/../../../../arm-none-eabi/bin/ld: /opt/st/stm32cubeide_1.16.1/plugins/com.st.stm32cube.ide.mcu.externaltools.gnu-tools-for-stm32.12.3.rel1.linux64_1.0.200.202406132123/tools/bin/../lib/gcc/arm-none-eabi/12.3.1/../../../../arm-none-eabi/lib/thumb/v7e-m+fp/hard/libc_nano.a(libc_a-gettimeofdayr.o): in function `_gettimeofday_r':
(.text._gettimeofday_r+0xe): warning: _gettimeofday is not implemented and will always fail
Finished building target: AMT212E-V_Micro-ROS_UART.elf
 
arm-none-eabi-size  AMT212E-V_Micro-ROS_UART.elf 
arm-none-eabi-objdump -h -S AMT212E-V_Micro-ROS_UART.elf  > "AMT212E-V_Micro-ROS_UART.list"
   text	   data	    bss	    dec	    hex	filename
 110348	    488	  46184	 157020	  2655c	AMT212E-V_Micro-ROS_UART.elf
Finished building: default.size.stdout
 
Finished building: AMT212E-V_Micro-ROS_UART.list
 
18:36:28 **** Incremental Build of configuration Debug for project AMT212E-V_Micro-ROS_UART ****
make -j16 all 
echo "Kireiji_02" | sudo -S docker pull microros/micro_ros_static_library_builder:humble && echo "Kireiji_02" | sudo -S docker run --rm -v /home/kireiji/Documents/GitHub/CARVER/AMT212E-V/AMT212E-V/AMT212E-V_Micro-ROS/firmware/AMT212E-V_Micro-ROS_UART:/project --env MICROROS_LIBRARY_FOLDER=micro_ros_stm32cubemx_utils/microros_static_library_ide microros/micro_ros_static_library_builder:humble
humble: Pulling from microros/micro_ros_static_library_builder
Digest: sha256:83ab4e8ce95b2a62feb5dd270ad4460218d2d026a455ea32a5873cf629aa1e99
Status: Image is up to date for microros/micro_ros_static_library_builder:humble
docker.io/microros/micro_ros_static_library_builder:humble
[sudo] password for kireiji: dos2unix: converting file /project/micro_ros_stm32cubemx_utils/microros_static_library_ide/library_generation/library_generation.sh to Unix format...
micro-ROS library found. Skipping...
Delete micro_ros_stm32cubemx_utils/microros_static_library_ide/libmicroros/ for rebuild.
 
arm-none-eabi-gcc "../Core/Src/app_freertos.c" -mcpu=cortex-m4 -std=gnu11 -g3 -DDEBUG -DUSE_HAL_DRIVER -DSTM32G474xx -c -I../Core/Inc -I../micro_ros_stm32cubemx_utils/microros_static_library_ide/libmicroros/include -I../Drivers/STM32G4xx_HAL_Driver/Inc -I../Drivers/STM32G4xx_HAL_Driver/Inc/Legacy -I../Drivers/CMSIS/Device/ST/STM32G4xx/Include -I../Drivers/CMSIS/Include -I../Middlewares/Third_Party/FreeRTOS/Source/include -I../Middlewares/Third_Party/FreeRTOS/Source/CMSIS_RTOS_V2 -I../Middlewares/Third_Party/FreeRTOS/Source/portable/GCC/ARM_CM4F -O0 -ffunction-sections -fdata-sections -Wall -fstack-usage -fcyclomatic-complexity -MMD -MP -MF"Core/Src/app_freertos.d" -MT"Core/Src/app_freertos.o" --specs=nano.specs -mfpu=fpv4-sp-d16 -mfloat-abi=hard -mthumb -o "Core/Src/app_freertos.o"
arm-none-eabi-gcc -o "AMT212E-V_Micro-ROS_UART.elf" @"objects.list"  -lmicroros -mcpu=cortex-m4 -T"/home/kireiji/Documents/GitHub/CARVER/AMT212E-V/AMT212E-V/AMT212E-V_Micro-ROS/firmware/AMT212E-V_Micro-ROS_UART/STM32G474RETX_FLASH.ld" --specs=nosys.specs -Wl,-Map="AMT212E-V_Micro-ROS_UART.map" -Wl,--gc-sections -static -L../micro_ros_stm32cubemx_utils/microros_static_library_ide/libmicroros --specs=nano.specs -mfpu=fpv4-sp-d16 -mfloat-abi=hard -mthumb -Wl,--start-group -lc -lm -Wl,--end-group
/opt/st/stm32cubeide_1.16.1/plugins/com.st.stm32cube.ide.mcu.externaltools.gnu-tools-for-stm32.12.3.rel1.linux64_1.0.200.202406132123/tools/bin/../lib/gcc/arm-none-eabi/12.3.1/../../../../arm-none-eabi/bin/ld: /opt/st/stm32cubeide_1.16.1/plugins/com.st.stm32cube.ide.mcu.externaltools.gnu-tools-for-stm32.12.3.rel1.linux64_1.0.200.202406132123/tools/bin/../lib/gcc/arm-none-eabi/12.3.1/../../../../arm-none-eabi/lib/thumb/v7e-m+fp/hard/libc_nano.a(libc_a-gettimeofdayr.o): in function `_gettimeofday_r':
(.text._gettimeofday_r+0xe): warning: _gettimeofday is not implemented and will always fail
Finished building target: AMT212E-V_Micro-ROS_UART.elf
 
arm-none-eabi-size  AMT212E-V_Micro-ROS_UART.elf 
arm-none-eabi-objdump -h -S AMT212E-V_Micro-ROS_UART.elf  > "AMT212E-V_Micro-ROS_UART.list"
   text	   data	    bss	    dec	    hex	filename
 110348	    488	  46184	 157020	  2655c	AMT212E-V_Micro-ROS_UART.elf
Finished building: default.size.stdout
 
Finished building: AMT212E-V_Micro-ROS_UART.list
 
20:32:16 **** Incremental Build of configuration Debug for project AMT212E-V_Micro-ROS_UART ****
make -j16 all 
echo "Kireiji_02" | sudo -S docker pull microros/micro_ros_static_library_builder:humble && echo "Kireiji_02" | sudo -S docker run --rm -v /home/kireiji/Documents/GitHub/CARVER/AMT212E-V/AMT212E-V/AMT212E-V_Micro-ROS/firmware/AMT212E-V_Micro-ROS_UART:/project --env MICROROS_LIBRARY_FOLDER=micro_ros_stm32cubemx_utils/microros_static_library_ide microros/micro_ros_static_library_builder:humble
humble: Pulling from microros/micro_ros_static_library_builder
Digest: sha256:83ab4e8ce95b2a62feb5dd270ad4460218d2d026a455ea32a5873cf629aa1e99
Status: Image is up to date for microros/micro_ros_static_library_builder:humble
docker.io/microros/micro_ros_static_library_builder:humble
[sudo] password for kireiji: dos2unix: converting file /project/micro_ros_stm32cubemx_utils/microros_static_library_ide/library_generation/library_generation.sh to Unix format...
micro-ROS library found. Skipping...
Delete micro_ros_stm32cubemx_utils/microros_static_library_ide/libmicroros/ for rebuild.
 
arm-none-eabi-size  AMT212E-V_Micro-ROS_UART.elf 
   text	   data	    bss	    dec	    hex	filename
 110348	    488	  46184	 157020	  2655c	AMT212E-V_Micro-ROS_UART.elf
Finished building: default.size.stdout
 
20:32:37 **** Incremental Build of configuration Debug for project AMT212E-V_Micro-ROS_UART ****
make -j16 all 
echo "Kireiji_02" | sudo -S docker pull microros/micro_ros_static_library_builder:humble && echo "Kireiji_02" | sudo -S docker run --rm -v /home/kireiji/Documents/GitHub/CARVER/AMT212E-V/AMT212E-V/AMT212E-V_Micro-ROS/firmware/AMT212E-V_Micro-ROS_UART:/project --env MICROROS_LIBRARY_FOLDER=micro_ros_stm32cubemx_utils/microros_static_library_ide microros/micro_ros_static_library_builder:humble
humble: Pulling from microros/micro_ros_static_library_builder
Digest: sha256:83ab4e8ce95b2a62feb5dd270ad4460218d2d026a455ea32a5873cf629aa1e99
Status: Image is up to date for microros/micro_ros_static_library_builder:humble
docker.io/microros/micro_ros_static_library_builder:humble
[sudo] password for kireiji: dos2unix: converting file /project/micro_ros_stm32cubemx_utils/microros_static_library_ide/library_generation/library_generation.sh to Unix format...
micro-ROS library found. Skipping...
Delete micro_ros_stm32cubemx_utils/microros_static_library_ide/libmicroros/ for rebuild.
 
arm-none-eabi-size  AMT212E-V_Micro-ROS_UART.elf 
   text	   data	    bss	    dec	    hex	filename
 110348	    488	  46184	 157020	  2655c	AMT212E-V_Micro-ROS_UART.elf
Finished building: default.size.stdout
 
20:39:02 **** Incremental Build of configuration Debug for project AMT212E-V_Micro-ROS_UART ****
make -j16 all 
echo "Kireiji_02" | sudo -S docker pull microros/micro_ros_static_library_builder:humble && echo "Kireiji_02" | sudo -S docker run --rm -v /home/kireiji/Documents/GitHub/CARVER/AMT212E-V/AMT212E-V/AMT212E-V_Micro-ROS/firmware/AMT212E-V_Micro-ROS_UART:/project --env MICROROS_LIBRARY_FOLDER=micro_ros_stm32cubemx_utils/microros_static_library_ide microros/micro_ros_static_library_builder:humble
humble: Pulling from microros/micro_ros_static_library_builder
Digest: sha256:83ab4e8ce95b2a62feb5dd270ad4460218d2d026a455ea32a5873cf629aa1e99
Status: Image is up to date for microros/micro_ros_static_library_builder:humble
docker.io/microros/micro_ros_static_library_builder:humble
[sudo] password for kireiji: dos2unix: converting file /project/micro_ros_stm32cubemx_utils/microros_static_library_ide/library_generation/library_generation.sh to Unix format...
micro-ROS library found. Skipping...
Delete micro_ros_stm32cubemx_utils/microros_static_library_ide/libmicroros/ for rebuild.
 
arm-none-eabi-gcc "../Core/Src/app_freertos.c" -mcpu=cortex-m4 -std=gnu11 -g3 -DDEBUG -DUSE_HAL_DRIVER -DSTM32G474xx -c -I../Core/Inc -I../micro_ros_stm32cubemx_utils/microros_static_library_ide/libmicroros/include -I../Drivers/STM32G4xx_HAL_Driver/Inc -I../Drivers/STM32G4xx_HAL_Driver/Inc/Legacy -I../Drivers/CMSIS/Device/ST/STM32G4xx/Include -I../Drivers/CMSIS/Include -I../Middlewares/Third_Party/FreeRTOS/Source/include -I../Middlewares/Third_Party/FreeRTOS/Source/CMSIS_RTOS_V2 -I../Middlewares/Third_Party/FreeRTOS/Source/portable/GCC/ARM_CM4F -O0 -ffunction-sections -fdata-sections -Wall -fstack-usage -fcyclomatic-complexity -MMD -MP -MF"Core/Src/app_freertos.d" -MT"Core/Src/app_freertos.o" --specs=nano.specs -mfpu=fpv4-sp-d16 -mfloat-abi=hard -mthumb -o "Core/Src/app_freertos.o"
arm-none-eabi-gcc -o "AMT212E-V_Micro-ROS_UART.elf" @"objects.list"  -lmicroros -mcpu=cortex-m4 -T"/home/kireiji/Documents/GitHub/CARVER/AMT212E-V/AMT212E-V/AMT212E-V_Micro-ROS/firmware/AMT212E-V_Micro-ROS_UART/STM32G474RETX_FLASH.ld" --specs=nosys.specs -Wl,-Map="AMT212E-V_Micro-ROS_UART.map" -Wl,--gc-sections -static -L../micro_ros_stm32cubemx_utils/microros_static_library_ide/libmicroros --specs=nano.specs -mfpu=fpv4-sp-d16 -mfloat-abi=hard -mthumb -Wl,--start-group -lc -lm -Wl,--end-group
/opt/st/stm32cubeide_1.16.1/plugins/com.st.stm32cube.ide.mcu.externaltools.gnu-tools-for-stm32.12.3.rel1.linux64_1.0.200.202406132123/tools/bin/../lib/gcc/arm-none-eabi/12.3.1/../../../../arm-none-eabi/bin/ld: /opt/st/stm32cubeide_1.16.1/plugins/com.st.stm32cube.ide.mcu.externaltools.gnu-tools-for-stm32.12.3.rel1.linux64_1.0.200.202406132123/tools/bin/../lib/gcc/arm-none-eabi/12.3.1/../../../../arm-none-eabi/lib/thumb/v7e-m+fp/hard/libc_nano.a(libc_a-gettimeofdayr.o): in function `_gettimeofday_r':
(.text._gettimeofday_r+0xe): warning: _gettimeofday is not implemented and will always fail
Finished building target: AMT212E-V_Micro-ROS_UART.elf
 
arm-none-eabi-size  AMT212E-V_Micro-ROS_UART.elf 
arm-none-eabi-objdump -h -S AMT212E-V_Micro-ROS_UART.elf  > "AMT212E-V_Micro-ROS_UART.list"
   text	   data	    bss	    dec	    hex	filename
 110348	    488	  46184	 157020	  2655c	AMT212E-V_Micro-ROS_UART.elf
Finished building: default.size.stdout
 
Finished building: AMT212E-V_Micro-ROS_UART.list
 
20:41:23 **** Incremental Build of configuration Debug for project AMT212E-V_Micro-ROS_UART ****
make -j16 all 
echo "Kireiji_02" | sudo -S docker pull microros/micro_ros_static_library_builder:humble && echo "Kireiji_02" | sudo -S docker run --rm -v /home/kireiji/Documents/GitHub/CARVER/AMT212E-V/AMT212E-V/AMT212E-V_Micro-ROS/firmware/AMT212E-V_Micro-ROS_UART:/project --env MICROROS_LIBRARY_FOLDER=micro_ros_stm32cubemx_utils/microros_static_library_ide microros/micro_ros_static_library_builder:humble
humble: Pulling from microros/micro_ros_static_library_builder
Digest: sha256:83ab4e8ce95b2a62feb5dd270ad4460218d2d026a455ea32a5873cf629aa1e99
Status: Image is up to date for microros/micro_ros_static_library_builder:humble
docker.io/microros/micro_ros_static_library_builder:humble
[sudo] password for kireiji: dos2unix: converting file /project/micro_ros_stm32cubemx_utils/microros_static_library_ide/library_generation/library_generation.sh to Unix format...
micro-ROS library found. Skipping...
Delete micro_ros_stm32cubemx_utils/microros_static_library_ide/libmicroros/ for rebuild.
 
arm-none-eabi-gcc "../Core/Src/app_freertos.c" -mcpu=cortex-m4 -std=gnu11 -g3 -DDEBUG -DUSE_HAL_DRIVER -DSTM32G474xx -c -I../Core/Inc -I../micro_ros_stm32cubemx_utils/microros_static_library_ide/libmicroros/include -I../Drivers/STM32G4xx_HAL_Driver/Inc -I../Drivers/STM32G4xx_HAL_Driver/Inc/Legacy -I../Drivers/CMSIS/Device/ST/STM32G4xx/Include -I../Drivers/CMSIS/Include -I../Middlewares/Third_Party/FreeRTOS/Source/include -I../Middlewares/Third_Party/FreeRTOS/Source/CMSIS_RTOS_V2 -I../Middlewares/Third_Party/FreeRTOS/Source/portable/GCC/ARM_CM4F -O0 -ffunction-sections -fdata-sections -Wall -fstack-usage -fcyclomatic-complexity -MMD -MP -MF"Core/Src/app_freertos.d" -MT"Core/Src/app_freertos.o" --specs=nano.specs -mfpu=fpv4-sp-d16 -mfloat-abi=hard -mthumb -o "Core/Src/app_freertos.o"
arm-none-eabi-gcc -o "AMT212E-V_Micro-ROS_UART.elf" @"objects.list"  -lmicroros -mcpu=cortex-m4 -T"/home/kireiji/Documents/GitHub/CARVER/AMT212E-V/AMT212E-V/AMT212E-V_Micro-ROS/firmware/AMT212E-V_Micro-ROS_UART/STM32G474RETX_FLASH.ld" --specs=nosys.specs -Wl,-Map="AMT212E-V_Micro-ROS_UART.map" -Wl,--gc-sections -static -L../micro_ros_stm32cubemx_utils/microros_static_library_ide/libmicroros --specs=nano.specs -mfpu=fpv4-sp-d16 -mfloat-abi=hard -mthumb -Wl,--start-group -lc -lm -Wl,--end-group
/opt/st/stm32cubeide_1.16.1/plugins/com.st.stm32cube.ide.mcu.externaltools.gnu-tools-for-stm32.12.3.rel1.linux64_1.0.200.202406132123/tools/bin/../lib/gcc/arm-none-eabi/12.3.1/../../../../arm-none-eabi/bin/ld: /opt/st/stm32cubeide_1.16.1/plugins/com.st.stm32cube.ide.mcu.externaltools.gnu-tools-for-stm32.12.3.rel1.linux64_1.0.200.202406132123/tools/bin/../lib/gcc/arm-none-eabi/12.3.1/../../../../arm-none-eabi/lib/thumb/v7e-m+fp/hard/libc_nano.a(libc_a-gettimeofdayr.o): in function `_gettimeofday_r':
(.text._gettimeofday_r+0xe): warning: _gettimeofday is not implemented and will always fail
Finished building target: AMT212E-V_Micro-ROS_UART.elf
 
arm-none-eabi-size  AMT212E-V_Micro-ROS_UART.elf 
arm-none-eabi-objdump -h -S AMT212E-V_Micro-ROS_UART.elf  > "AMT212E-V_Micro-ROS_UART.list"
   text	   data	    bss	    dec	    hex	filename
 110348	    488	  46184	 157020	  2655c	AMT212E-V_Micro-ROS_UART.elf
Finished building: default.size.stdout
 
Finished building: AMT212E-V_Micro-ROS_UART.list
 
20:42:22 **** Incremental Build of configuration Debug for project AMT212E-V_Micro-ROS_UART ****
make -j16 all 
echo "Kireiji_02" | sudo -S docker pull microros/micro_ros_static_library_builder:humble && echo "Kireiji_02" | sudo -S docker run --rm -v /home/kireiji/Documents/GitHub/CARVER/AMT212E-V/AMT212E-V/AMT212E-V_Micro-ROS/firmware/AMT212E-V_Micro-ROS_UART:/project --env MICROROS_LIBRARY_FOLDER=micro_ros_stm32cubemx_utils/microros_static_library_ide microros/micro_ros_static_library_builder:humble
humble: Pulling from microros/micro_ros_static_library_builder
Digest: sha256:83ab4e8ce95b2a62feb5dd270ad4460218d2d026a455ea32a5873cf629aa1e99
Status: Image is up to date for microros/micro_ros_static_library_builder:humble
docker.io/microros/micro_ros_static_library_builder:humble
[sudo] password for kireiji: dos2unix: converting file /project/micro_ros_stm32cubemx_utils/microros_static_library_ide/library_generation/library_generation.sh to Unix format...
micro-ROS library found. Skipping...
Delete micro_ros_stm32cubemx_utils/microros_static_library_ide/libmicroros/ for rebuild.
 
arm-none-eabi-gcc "../Core/Src/app_freertos.c" -mcpu=cortex-m4 -std=gnu11 -g3 -DDEBUG -DUSE_HAL_DRIVER -DSTM32G474xx -c -I../Core/Inc -I../micro_ros_stm32cubemx_utils/microros_static_library_ide/libmicroros/include -I../Drivers/STM32G4xx_HAL_Driver/Inc -I../Drivers/STM32G4xx_HAL_Driver/Inc/Legacy -I../Drivers/CMSIS/Device/ST/STM32G4xx/Include -I../Drivers/CMSIS/Include -I../Middlewares/Third_Party/FreeRTOS/Source/include -I../Middlewares/Third_Party/FreeRTOS/Source/CMSIS_RTOS_V2 -I../Middlewares/Third_Party/FreeRTOS/Source/portable/GCC/ARM_CM4F -O0 -ffunction-sections -fdata-sections -Wall -fstack-usage -fcyclomatic-complexity -MMD -MP -MF"Core/Src/app_freertos.d" -MT"Core/Src/app_freertos.o" --specs=nano.specs -mfpu=fpv4-sp-d16 -mfloat-abi=hard -mthumb -o "Core/Src/app_freertos.o"
arm-none-eabi-gcc -o "AMT212E-V_Micro-ROS_UART.elf" @"objects.list"  -lmicroros -mcpu=cortex-m4 -T"/home/kireiji/Documents/GitHub/CARVER/AMT212E-V/AMT212E-V/AMT212E-V_Micro-ROS/firmware/AMT212E-V_Micro-ROS_UART/STM32G474RETX_FLASH.ld" --specs=nosys.specs -Wl,-Map="AMT212E-V_Micro-ROS_UART.map" -Wl,--gc-sections -static -L../micro_ros_stm32cubemx_utils/microros_static_library_ide/libmicroros --specs=nano.specs -mfpu=fpv4-sp-d16 -mfloat-abi=hard -mthumb -Wl,--start-group -lc -lm -Wl,--end-group
/opt/st/stm32cubeide_1.16.1/plugins/com.st.stm32cube.ide.mcu.externaltools.gnu-tools-for-stm32.12.3.rel1.linux64_1.0.200.202406132123/tools/bin/../lib/gcc/arm-none-eabi/12.3.1/../../../../arm-none-eabi/bin/ld: /opt/st/stm32cubeide_1.16.1/plugins/com.st.stm32cube.ide.mcu.externaltools.gnu-tools-for-stm32.12.3.rel1.linux64_1.0.200.202406132123/tools/bin/../lib/gcc/arm-none-eabi/12.3.1/../../../../arm-none-eabi/lib/thumb/v7e-m+fp/hard/libc_nano.a(libc_a-gettimeofdayr.o): in function `_gettimeofday_r':
(.text._gettimeofday_r+0xe): warning: _gettimeofday is not implemented and will always fail
Finished building target: AMT212E-V_Micro-ROS_UART.elf
 
arm-none-eabi-size  AMT212E-V_Micro-ROS_UART.elf 
arm-none-eabi-objdump -h -S AMT212E-V_Micro-ROS_UART.elf  > "AMT212E-V_Micro-ROS_UART.list"
   text	   data	    bss	    dec	    hex	filename
 110348	    488	  46184	 157020	  2655c	AMT212E-V_Micro-ROS_UART.elf
Finished building: default.size.stdout
 
Finished building: AMT212E-V_Micro-ROS_UART.list
 
20:46:05 **** Incremental Build of configuration Debug for project AMT212E-V_Micro-ROS_UART ****
make -j16 all 
echo "Kireiji_02" | sudo -S docker pull microros/micro_ros_static_library_builder:humble && echo "Kireiji_02" | sudo -S docker run --rm -v /home/kireiji/Documents/GitHub/CARVER/AMT212E-V/AMT212E-V/AMT212E-V_Micro-ROS/firmware/AMT212E-V_Micro-ROS_UART:/project --env MICROROS_LIBRARY_FOLDER=micro_ros_stm32cubemx_utils/microros_static_library_ide microros/micro_ros_static_library_builder:humble
humble: Pulling from microros/micro_ros_static_library_builder
Digest: sha256:83ab4e8ce95b2a62feb5dd270ad4460218d2d026a455ea32a5873cf629aa1e99
Status: Image is up to date for microros/micro_ros_static_library_builder:humble
docker.io/microros/micro_ros_static_library_builder:humble
[sudo] password for kireiji: dos2unix: converting file /project/micro_ros_stm32cubemx_utils/microros_static_library_ide/library_generation/library_generation.sh to Unix format...
micro-ROS library found. Skipping...
Delete micro_ros_stm32cubemx_utils/microros_static_library_ide/libmicroros/ for rebuild.
 
arm-none-eabi-gcc "../Core/Src/app_freertos.c" -mcpu=cortex-m4 -std=gnu11 -g3 -DDEBUG -DUSE_HAL_DRIVER -DSTM32G474xx -c -I../Core/Inc -I../micro_ros_stm32cubemx_utils/microros_static_library_ide/libmicroros/include -I../Drivers/STM32G4xx_HAL_Driver/Inc -I../Drivers/STM32G4xx_HAL_Driver/Inc/Legacy -I../Drivers/CMSIS/Device/ST/STM32G4xx/Include -I../Drivers/CMSIS/Include -I../Middlewares/Third_Party/FreeRTOS/Source/include -I../Middlewares/Third_Party/FreeRTOS/Source/CMSIS_RTOS_V2 -I../Middlewares/Third_Party/FreeRTOS/Source/portable/GCC/ARM_CM4F -O0 -ffunction-sections -fdata-sections -Wall -fstack-usage -fcyclomatic-complexity -MMD -MP -MF"Core/Src/app_freertos.d" -MT"Core/Src/app_freertos.o" --specs=nano.specs -mfpu=fpv4-sp-d16 -mfloat-abi=hard -mthumb -o "Core/Src/app_freertos.o"
arm-none-eabi-gcc -o "AMT212E-V_Micro-ROS_UART.elf" @"objects.list"  -lmicroros -mcpu=cortex-m4 -T"/home/kireiji/Documents/GitHub/CARVER/AMT212E-V/AMT212E-V/AMT212E-V_Micro-ROS/firmware/AMT212E-V_Micro-ROS_UART/STM32G474RETX_FLASH.ld" --specs=nosys.specs -Wl,-Map="AMT212E-V_Micro-ROS_UART.map" -Wl,--gc-sections -static -L../micro_ros_stm32cubemx_utils/microros_static_library_ide/libmicroros --specs=nano.specs -mfpu=fpv4-sp-d16 -mfloat-abi=hard -mthumb -Wl,--start-group -lc -lm -Wl,--end-group
/opt/st/stm32cubeide_1.16.1/plugins/com.st.stm32cube.ide.mcu.externaltools.gnu-tools-for-stm32.12.3.rel1.linux64_1.0.200.202406132123/tools/bin/../lib/gcc/arm-none-eabi/12.3.1/../../../../arm-none-eabi/bin/ld: /opt/st/stm32cubeide_1.16.1/plugins/com.st.stm32cube.ide.mcu.externaltools.gnu-tools-for-stm32.12.3.rel1.linux64_1.0.200.202406132123/tools/bin/../lib/gcc/arm-none-eabi/12.3.1/../../../../arm-none-eabi/lib/thumb/v7e-m+fp/hard/libc_nano.a(libc_a-gettimeofdayr.o): in function `_gettimeofday_r':
(.text._gettimeofday_r+0xe): warning: _gettimeofday is not implemented and will always fail
Finished building target: AMT212E-V_Micro-ROS_UART.elf
 
arm-none-eabi-size  AMT212E-V_Micro-ROS_UART.elf 
arm-none-eabi-objdump -h -S AMT212E-V_Micro-ROS_UART.elf  > "AMT212E-V_Micro-ROS_UART.list"
   text	   data	    bss	    dec	    hex	filename
 110796	    496	  46176	 157468	  2671c	AMT212E-V_Micro-ROS_UART.elf
Finished building: default.size.stdout
 
Finished building: AMT212E-V_Micro-ROS_UART.list
 
20:47:17 **** Incremental Build of configuration Debug for project AMT212E-V_Micro-ROS_UART ****
make -j16 all 
echo "Kireiji_02" | sudo -S docker pull microros/micro_ros_static_library_builder:humble && echo "Kireiji_02" | sudo -S docker run --rm -v /home/kireiji/Documents/GitHub/CARVER/AMT212E-V/AMT212E-V/AMT212E-V_Micro-ROS/firmware/AMT212E-V_Micro-ROS_UART:/project --env MICROROS_LIBRARY_FOLDER=micro_ros_stm32cubemx_utils/microros_static_library_ide microros/micro_ros_static_library_builder:humble
humble: Pulling from microros/micro_ros_static_library_builder
Digest: sha256:83ab4e8ce95b2a62feb5dd270ad4460218d2d026a455ea32a5873cf629aa1e99
Status: Image is up to date for microros/micro_ros_static_library_builder:humble
docker.io/microros/micro_ros_static_library_builder:humble
[sudo] password for kireiji: dos2unix: converting file /project/micro_ros_stm32cubemx_utils/microros_static_library_ide/library_generation/library_generation.sh to Unix format...
micro-ROS library found. Skipping...
Delete micro_ros_stm32cubemx_utils/microros_static_library_ide/libmicroros/ for rebuild.
 
arm-none-eabi-gcc "../Core/Src/app_freertos.c" -mcpu=cortex-m4 -std=gnu11 -g3 -DDEBUG -DUSE_HAL_DRIVER -DSTM32G474xx -c -I../Core/Inc -I../micro_ros_stm32cubemx_utils/microros_static_library_ide/libmicroros/include -I../Drivers/STM32G4xx_HAL_Driver/Inc -I../Drivers/STM32G4xx_HAL_Driver/Inc/Legacy -I../Drivers/CMSIS/Device/ST/STM32G4xx/Include -I../Drivers/CMSIS/Include -I../Middlewares/Third_Party/FreeRTOS/Source/include -I../Middlewares/Third_Party/FreeRTOS/Source/CMSIS_RTOS_V2 -I../Middlewares/Third_Party/FreeRTOS/Source/portable/GCC/ARM_CM4F -O0 -ffunction-sections -fdata-sections -Wall -fstack-usage -fcyclomatic-complexity -MMD -MP -MF"Core/Src/app_freertos.d" -MT"Core/Src/app_freertos.o" --specs=nano.specs -mfpu=fpv4-sp-d16 -mfloat-abi=hard -mthumb -o "Core/Src/app_freertos.o"
arm-none-eabi-gcc -o "AMT212E-V_Micro-ROS_UART.elf" @"objects.list"  -lmicroros -mcpu=cortex-m4 -T"/home/kireiji/Documents/GitHub/CARVER/AMT212E-V/AMT212E-V/AMT212E-V_Micro-ROS/firmware/AMT212E-V_Micro-ROS_UART/STM32G474RETX_FLASH.ld" --specs=nosys.specs -Wl,-Map="AMT212E-V_Micro-ROS_UART.map" -Wl,--gc-sections -static -L../micro_ros_stm32cubemx_utils/microros_static_library_ide/libmicroros --specs=nano.specs -mfpu=fpv4-sp-d16 -mfloat-abi=hard -mthumb -Wl,--start-group -lc -lm -Wl,--end-group
/opt/st/stm32cubeide_1.16.1/plugins/com.st.stm32cube.ide.mcu.externaltools.gnu-tools-for-stm32.12.3.rel1.linux64_1.0.200.202406132123/tools/bin/../lib/gcc/arm-none-eabi/12.3.1/../../../../arm-none-eabi/bin/ld: /opt/st/stm32cubeide_1.16.1/plugins/com.st.stm32cube.ide.mcu.externaltools.gnu-tools-for-stm32.12.3.rel1.linux64_1.0.200.202406132123/tools/bin/../lib/gcc/arm-none-eabi/12.3.1/../../../../arm-none-eabi/lib/thumb/v7e-m+fp/hard/libc_nano.a(libc_a-gettimeofdayr.o): in function `_gettimeofday_r':
(.text._gettimeofday_r+0xe): warning: _gettimeofday is not implemented and will always fail
Finished building target: AMT212E-V_Micro-ROS_UART.elf
 
arm-none-eabi-size  AMT212E-V_Micro-ROS_UART.elf 
arm-none-eabi-objdump -h -S AMT212E-V_Micro-ROS_UART.elf  > "AMT212E-V_Micro-ROS_UART.list"
   text	   data	    bss	    dec	    hex	filename
 110876	    496	  46176	 157548	  2676c	AMT212E-V_Micro-ROS_UART.elf
Finished building: default.size.stdout
 
Finished building: AMT212E-V_Micro-ROS_UART.list
 
20:48:04 **** Incremental Build of configuration Debug for project AMT212E-V_Micro-ROS_UART ****
make -j16 all 
echo "Kireiji_02" | sudo -S docker pull microros/micro_ros_static_library_builder:humble && echo "Kireiji_02" | sudo -S docker run --rm -v /home/kireiji/Documents/GitHub/CARVER/AMT212E-V/AMT212E-V/AMT212E-V_Micro-ROS/firmware/AMT212E-V_Micro-ROS_UART:/project --env MICROROS_LIBRARY_FOLDER=micro_ros_stm32cubemx_utils/microros_static_library_ide microros/micro_ros_static_library_builder:humble
humble: Pulling from microros/micro_ros_static_library_builder
Digest: sha256:83ab4e8ce95b2a62feb5dd270ad4460218d2d026a455ea32a5873cf629aa1e99
Status: Image is up to date for microros/micro_ros_static_library_builder:humble
docker.io/microros/micro_ros_static_library_builder:humble
[sudo] password for kireiji: dos2unix: converting file /project/micro_ros_stm32cubemx_utils/microros_static_library_ide/library_generation/library_generation.sh to Unix format...
micro-ROS library found. Skipping...
Delete micro_ros_stm32cubemx_utils/microros_static_library_ide/libmicroros/ for rebuild.
 
arm-none-eabi-gcc "../Core/Src/app_freertos.c" -mcpu=cortex-m4 -std=gnu11 -g3 -DDEBUG -DUSE_HAL_DRIVER -DSTM32G474xx -c -I../Core/Inc -I../micro_ros_stm32cubemx_utils/microros_static_library_ide/libmicroros/include -I../Drivers/STM32G4xx_HAL_Driver/Inc -I../Drivers/STM32G4xx_HAL_Driver/Inc/Legacy -I../Drivers/CMSIS/Device/ST/STM32G4xx/Include -I../Drivers/CMSIS/Include -I../Middlewares/Third_Party/FreeRTOS/Source/include -I../Middlewares/Third_Party/FreeRTOS/Source/CMSIS_RTOS_V2 -I../Middlewares/Third_Party/FreeRTOS/Source/portable/GCC/ARM_CM4F -O0 -ffunction-sections -fdata-sections -Wall -fstack-usage -fcyclomatic-complexity -MMD -MP -MF"Core/Src/app_freertos.d" -MT"Core/Src/app_freertos.o" --specs=nano.specs -mfpu=fpv4-sp-d16 -mfloat-abi=hard -mthumb -o "Core/Src/app_freertos.o"
arm-none-eabi-gcc -o "AMT212E-V_Micro-ROS_UART.elf" @"objects.list"  -lmicroros -mcpu=cortex-m4 -T"/home/kireiji/Documents/GitHub/CARVER/AMT212E-V/AMT212E-V/AMT212E-V_Micro-ROS/firmware/AMT212E-V_Micro-ROS_UART/STM32G474RETX_FLASH.ld" --specs=nosys.specs -Wl,-Map="AMT212E-V_Micro-ROS_UART.map" -Wl,--gc-sections -static -L../micro_ros_stm32cubemx_utils/microros_static_library_ide/libmicroros --specs=nano.specs -mfpu=fpv4-sp-d16 -mfloat-abi=hard -mthumb -Wl,--start-group -lc -lm -Wl,--end-group
/opt/st/stm32cubeide_1.16.1/plugins/com.st.stm32cube.ide.mcu.externaltools.gnu-tools-for-stm32.12.3.rel1.linux64_1.0.200.202406132123/tools/bin/../lib/gcc/arm-none-eabi/12.3.1/../../../../arm-none-eabi/bin/ld: /opt/st/stm32cubeide_1.16.1/plugins/com.st.stm32cube.ide.mcu.externaltools.gnu-tools-for-stm32.12.3.rel1.linux64_1.0.200.202406132123/tools/bin/../lib/gcc/arm-none-eabi/12.3.1/../../../../arm-none-eabi/lib/thumb/v7e-m+fp/hard/libc_nano.a(libc_a-gettimeofdayr.o): in function `_gettimeofday_r':
(.text._gettimeofday_r+0xe): warning: _gettimeofday is not implemented and will always fail
Finished building target: AMT212E-V_Micro-ROS_UART.elf
 
arm-none-eabi-size  AMT212E-V_Micro-ROS_UART.elf 
arm-none-eabi-objdump -h -S AMT212E-V_Micro-ROS_UART.elf  > "AMT212E-V_Micro-ROS_UART.list"
   text	   data	    bss	    dec	    hex	filename
 110876	    496	  46176	 157548	  2676c	AMT212E-V_Micro-ROS_UART.elf
Finished building: default.size.stdout
 
Finished building: AMT212E-V_Micro-ROS_UART.list
 
20:48:55 **** Incremental Build of configuration Debug for project AMT212E-V_Micro-ROS_UART ****
make -j16 all 
echo "Kireiji_02" | sudo -S docker pull microros/micro_ros_static_library_builder:humble && echo "Kireiji_02" | sudo -S docker run --rm -v /home/kireiji/Documents/GitHub/CARVER/AMT212E-V/AMT212E-V/AMT212E-V_Micro-ROS/firmware/AMT212E-V_Micro-ROS_UART:/project --env MICROROS_LIBRARY_FOLDER=micro_ros_stm32cubemx_utils/microros_static_library_ide microros/micro_ros_static_library_builder:humble
humble: Pulling from microros/micro_ros_static_library_builder
Digest: sha256:83ab4e8ce95b2a62feb5dd270ad4460218d2d026a455ea32a5873cf629aa1e99
Status: Image is up to date for microros/micro_ros_static_library_builder:humble
docker.io/microros/micro_ros_static_library_builder:humble
[sudo] password for kireiji: dos2unix: converting file /project/micro_ros_stm32cubemx_utils/microros_static_library_ide/library_generation/library_generation.sh to Unix format...
micro-ROS library found. Skipping...
Delete micro_ros_stm32cubemx_utils/microros_static_library_ide/libmicroros/ for rebuild.
 
arm-none-eabi-gcc "../Core/Src/app_freertos.c" -mcpu=cortex-m4 -std=gnu11 -g3 -DDEBUG -DUSE_HAL_DRIVER -DSTM32G474xx -c -I../Core/Inc -I../micro_ros_stm32cubemx_utils/microros_static_library_ide/libmicroros/include -I../Drivers/STM32G4xx_HAL_Driver/Inc -I../Drivers/STM32G4xx_HAL_Driver/Inc/Legacy -I../Drivers/CMSIS/Device/ST/STM32G4xx/Include -I../Drivers/CMSIS/Include -I../Middlewares/Third_Party/FreeRTOS/Source/include -I../Middlewares/Third_Party/FreeRTOS/Source/CMSIS_RTOS_V2 -I../Middlewares/Third_Party/FreeRTOS/Source/portable/GCC/ARM_CM4F -O0 -ffunction-sections -fdata-sections -Wall -fstack-usage -fcyclomatic-complexity -MMD -MP -MF"Core/Src/app_freertos.d" -MT"Core/Src/app_freertos.o" --specs=nano.specs -mfpu=fpv4-sp-d16 -mfloat-abi=hard -mthumb -o "Core/Src/app_freertos.o"
arm-none-eabi-gcc -o "AMT212E-V_Micro-ROS_UART.elf" @"objects.list"  -lmicroros -mcpu=cortex-m4 -T"/home/kireiji/Documents/GitHub/CARVER/AMT212E-V/AMT212E-V/AMT212E-V_Micro-ROS/firmware/AMT212E-V_Micro-ROS_UART/STM32G474RETX_FLASH.ld" --specs=nosys.specs -Wl,-Map="AMT212E-V_Micro-ROS_UART.map" -Wl,--gc-sections -static -L../micro_ros_stm32cubemx_utils/microros_static_library_ide/libmicroros --specs=nano.specs -mfpu=fpv4-sp-d16 -mfloat-abi=hard -mthumb -Wl,--start-group -lc -lm -Wl,--end-group
/opt/st/stm32cubeide_1.16.1/plugins/com.st.stm32cube.ide.mcu.externaltools.gnu-tools-for-stm32.12.3.rel1.linux64_1.0.200.202406132123/tools/bin/../lib/gcc/arm-none-eabi/12.3.1/../../../../arm-none-eabi/bin/ld: /opt/st/stm32cubeide_1.16.1/plugins/com.st.stm32cube.ide.mcu.externaltools.gnu-tools-for-stm32.12.3.rel1.linux64_1.0.200.202406132123/tools/bin/../lib/gcc/arm-none-eabi/12.3.1/../../../../arm-none-eabi/lib/thumb/v7e-m+fp/hard/libc_nano.a(libc_a-gettimeofdayr.o): in function `_gettimeofday_r':
(.text._gettimeofday_r+0xe): warning: _gettimeofday is not implemented and will always fail
Finished building target: AMT212E-V_Micro-ROS_UART.elf
 
arm-none-eabi-size  AMT212E-V_Micro-ROS_UART.elf 
arm-none-eabi-objdump -h -S AMT212E-V_Micro-ROS_UART.elf  > "AMT212E-V_Micro-ROS_UART.list"
   text	   data	    bss	    dec	    hex	filename
 110876	    496	  46176	 157548	  2676c	AMT212E-V_Micro-ROS_UART.elf
Finished building: default.size.stdout
 
Finished building: AMT212E-V_Micro-ROS_UART.list
 
20:49:16 **** Incremental Build of configuration Debug for project AMT212E-V_Micro-ROS_UART ****
make -j16 all 
echo "Kireiji_02" | sudo -S docker pull microros/micro_ros_static_library_builder:humble && echo "Kireiji_02" | sudo -S docker run --rm -v /home/kireiji/Documents/GitHub/CARVER/AMT212E-V/AMT212E-V/AMT212E-V_Micro-ROS/firmware/AMT212E-V_Micro-ROS_UART:/project --env MICROROS_LIBRARY_FOLDER=micro_ros_stm32cubemx_utils/microros_static_library_ide microros/micro_ros_static_library_builder:humble
humble: Pulling from microros/micro_ros_static_library_builder
Digest: sha256:83ab4e8ce95b2a62feb5dd270ad4460218d2d026a455ea32a5873cf629aa1e99
Status: Image is up to date for microros/micro_ros_static_library_builder:humble
docker.io/microros/micro_ros_static_library_builder:humble
[sudo] password for kireiji: dos2unix: converting file /project/micro_ros_stm32cubemx_utils/microros_static_library_ide/library_generation/library_generation.sh to Unix format...
micro-ROS library found. Skipping...
Delete micro_ros_stm32cubemx_utils/microros_static_library_ide/libmicroros/ for rebuild.
 
arm-none-eabi-gcc "../Core/Src/app_freertos.c" -mcpu=cortex-m4 -std=gnu11 -g3 -DDEBUG -DUSE_HAL_DRIVER -DSTM32G474xx -c -I../Core/Inc -I../micro_ros_stm32cubemx_utils/microros_static_library_ide/libmicroros/include -I../Drivers/STM32G4xx_HAL_Driver/Inc -I../Drivers/STM32G4xx_HAL_Driver/Inc/Legacy -I../Drivers/CMSIS/Device/ST/STM32G4xx/Include -I../Drivers/CMSIS/Include -I../Middlewares/Third_Party/FreeRTOS/Source/include -I../Middlewares/Third_Party/FreeRTOS/Source/CMSIS_RTOS_V2 -I../Middlewares/Third_Party/FreeRTOS/Source/portable/GCC/ARM_CM4F -O0 -ffunction-sections -fdata-sections -Wall -fstack-usage -fcyclomatic-complexity -MMD -MP -MF"Core/Src/app_freertos.d" -MT"Core/Src/app_freertos.o" --specs=nano.specs -mfpu=fpv4-sp-d16 -mfloat-abi=hard -mthumb -o "Core/Src/app_freertos.o"
arm-none-eabi-gcc -o "AMT212E-V_Micro-ROS_UART.elf" @"objects.list"  -lmicroros -mcpu=cortex-m4 -T"/home/kireiji/Documents/GitHub/CARVER/AMT212E-V/AMT212E-V/AMT212E-V_Micro-ROS/firmware/AMT212E-V_Micro-ROS_UART/STM32G474RETX_FLASH.ld" --specs=nosys.specs -Wl,-Map="AMT212E-V_Micro-ROS_UART.map" -Wl,--gc-sections -static -L../micro_ros_stm32cubemx_utils/microros_static_library_ide/libmicroros --specs=nano.specs -mfpu=fpv4-sp-d16 -mfloat-abi=hard -mthumb -Wl,--start-group -lc -lm -Wl,--end-group
/opt/st/stm32cubeide_1.16.1/plugins/com.st.stm32cube.ide.mcu.externaltools.gnu-tools-for-stm32.12.3.rel1.linux64_1.0.200.202406132123/tools/bin/../lib/gcc/arm-none-eabi/12.3.1/../../../../arm-none-eabi/bin/ld: /opt/st/stm32cubeide_1.16.1/plugins/com.st.stm32cube.ide.mcu.externaltools.gnu-tools-for-stm32.12.3.rel1.linux64_1.0.200.202406132123/tools/bin/../lib/gcc/arm-none-eabi/12.3.1/../../../../arm-none-eabi/lib/thumb/v7e-m+fp/hard/libc_nano.a(libc_a-gettimeofdayr.o): in function `_gettimeofday_r':
(.text._gettimeofday_r+0xe): warning: _gettimeofday is not implemented and will always fail
Finished building target: AMT212E-V_Micro-ROS_UART.elf
 
arm-none-eabi-size  AMT212E-V_Micro-ROS_UART.elf 
arm-none-eabi-objdump -h -S AMT212E-V_Micro-ROS_UART.elf  > "AMT212E-V_Micro-ROS_UART.list"
   text	   data	    bss	    dec	    hex	filename
 110876	    496	  46176	 157548	  2676c	AMT212E-V_Micro-ROS_UART.elf
Finished building: default.size.stdout
 
Finished building: AMT212E-V_Micro-ROS_UART.list
 
20:50:23 **** Incremental Build of configuration Debug for project AMT212E-V_Micro-ROS_UART ****
make -j16 all 
echo "Kireiji_02" | sudo -S docker pull microros/micro_ros_static_library_builder:humble && echo "Kireiji_02" | sudo -S docker run --rm -v /home/kireiji/Documents/GitHub/CARVER/AMT212E-V/AMT212E-V/AMT212E-V_Micro-ROS/firmware/AMT212E-V_Micro-ROS_UART:/project --env MICROROS_LIBRARY_FOLDER=micro_ros_stm32cubemx_utils/microros_static_library_ide microros/micro_ros_static_library_builder:humble
humble: Pulling from microros/micro_ros_static_library_builder
Digest: sha256:83ab4e8ce95b2a62feb5dd270ad4460218d2d026a455ea32a5873cf629aa1e99
Status: Image is up to date for microros/micro_ros_static_library_builder:humble
docker.io/microros/micro_ros_static_library_builder:humble
[sudo] password for kireiji: dos2unix: converting file /project/micro_ros_stm32cubemx_utils/microros_static_library_ide/library_generation/library_generation.sh to Unix format...
micro-ROS library found. Skipping...
Delete micro_ros_stm32cubemx_utils/microros_static_library_ide/libmicroros/ for rebuild.
 
arm-none-eabi-gcc "../Core/Src/app_freertos.c" -mcpu=cortex-m4 -std=gnu11 -g3 -DDEBUG -DUSE_HAL_DRIVER -DSTM32G474xx -c -I../Core/Inc -I../micro_ros_stm32cubemx_utils/microros_static_library_ide/libmicroros/include -I../Drivers/STM32G4xx_HAL_Driver/Inc -I../Drivers/STM32G4xx_HAL_Driver/Inc/Legacy -I../Drivers/CMSIS/Device/ST/STM32G4xx/Include -I../Drivers/CMSIS/Include -I../Middlewares/Third_Party/FreeRTOS/Source/include -I../Middlewares/Third_Party/FreeRTOS/Source/CMSIS_RTOS_V2 -I../Middlewares/Third_Party/FreeRTOS/Source/portable/GCC/ARM_CM4F -O0 -ffunction-sections -fdata-sections -Wall -fstack-usage -fcyclomatic-complexity -MMD -MP -MF"Core/Src/app_freertos.d" -MT"Core/Src/app_freertos.o" --specs=nano.specs -mfpu=fpv4-sp-d16 -mfloat-abi=hard -mthumb -o "Core/Src/app_freertos.o"
arm-none-eabi-gcc -o "AMT212E-V_Micro-ROS_UART.elf" @"objects.list"  -lmicroros -mcpu=cortex-m4 -T"/home/kireiji/Documents/GitHub/CARVER/AMT212E-V/AMT212E-V/AMT212E-V_Micro-ROS/firmware/AMT212E-V_Micro-ROS_UART/STM32G474RETX_FLASH.ld" --specs=nosys.specs -Wl,-Map="AMT212E-V_Micro-ROS_UART.map" -Wl,--gc-sections -static -L../micro_ros_stm32cubemx_utils/microros_static_library_ide/libmicroros --specs=nano.specs -mfpu=fpv4-sp-d16 -mfloat-abi=hard -mthumb -Wl,--start-group -lc -lm -Wl,--end-group
/opt/st/stm32cubeide_1.16.1/plugins/com.st.stm32cube.ide.mcu.externaltools.gnu-tools-for-stm32.12.3.rel1.linux64_1.0.200.202406132123/tools/bin/../lib/gcc/arm-none-eabi/12.3.1/../../../../arm-none-eabi/bin/ld: /opt/st/stm32cubeide_1.16.1/plugins/com.st.stm32cube.ide.mcu.externaltools.gnu-tools-for-stm32.12.3.rel1.linux64_1.0.200.202406132123/tools/bin/../lib/gcc/arm-none-eabi/12.3.1/../../../../arm-none-eabi/lib/thumb/v7e-m+fp/hard/libc_nano.a(libc_a-gettimeofdayr.o): in function `_gettimeofday_r':
(.text._gettimeofday_r+0xe): warning: _gettimeofday is not implemented and will always fail
Finished building target: AMT212E-V_Micro-ROS_UART.elf
 
arm-none-eabi-size  AMT212E-V_Micro-ROS_UART.elf 
arm-none-eabi-objdump -h -S AMT212E-V_Micro-ROS_UART.elf  > "AMT212E-V_Micro-ROS_UART.list"
   text	   data	    bss	    dec	    hex	filename
 110876	    496	  46176	 157548	  2676c	AMT212E-V_Micro-ROS_UART.elf
Finished building: default.size.stdout
 
Finished building: AMT212E-V_Micro-ROS_UART.list
 
20:51:17 **** Incremental Build of configuration Debug for project AMT212E-V_Micro-ROS_UART ****
make -j16 all 
echo "Kireiji_02" | sudo -S docker pull microros/micro_ros_static_library_builder:humble && echo "Kireiji_02" | sudo -S docker run --rm -v /home/kireiji/Documents/GitHub/CARVER/AMT212E-V/AMT212E-V/AMT212E-V_Micro-ROS/firmware/AMT212E-V_Micro-ROS_UART:/project --env MICROROS_LIBRARY_FOLDER=micro_ros_stm32cubemx_utils/microros_static_library_ide microros/micro_ros_static_library_builder:humble
humble: Pulling from microros/micro_ros_static_library_builder
Digest: sha256:83ab4e8ce95b2a62feb5dd270ad4460218d2d026a455ea32a5873cf629aa1e99
Status: Image is up to date for microros/micro_ros_static_library_builder:humble
docker.io/microros/micro_ros_static_library_builder:humble
[sudo] password for kireiji: dos2unix: converting file /project/micro_ros_stm32cubemx_utils/microros_static_library_ide/library_generation/library_generation.sh to Unix format...
micro-ROS library found. Skipping...
Delete micro_ros_stm32cubemx_utils/microros_static_library_ide/libmicroros/ for rebuild.
 
arm-none-eabi-gcc "../Core/Src/app_freertos.c" -mcpu=cortex-m4 -std=gnu11 -g3 -DDEBUG -DUSE_HAL_DRIVER -DSTM32G474xx -c -I../Core/Inc -I../micro_ros_stm32cubemx_utils/microros_static_library_ide/libmicroros/include -I../Drivers/STM32G4xx_HAL_Driver/Inc -I../Drivers/STM32G4xx_HAL_Driver/Inc/Legacy -I../Drivers/CMSIS/Device/ST/STM32G4xx/Include -I../Drivers/CMSIS/Include -I../Middlewares/Third_Party/FreeRTOS/Source/include -I../Middlewares/Third_Party/FreeRTOS/Source/CMSIS_RTOS_V2 -I../Middlewares/Third_Party/FreeRTOS/Source/portable/GCC/ARM_CM4F -O0 -ffunction-sections -fdata-sections -Wall -fstack-usage -fcyclomatic-complexity -MMD -MP -MF"Core/Src/app_freertos.d" -MT"Core/Src/app_freertos.o" --specs=nano.specs -mfpu=fpv4-sp-d16 -mfloat-abi=hard -mthumb -o "Core/Src/app_freertos.o"
arm-none-eabi-gcc -o "AMT212E-V_Micro-ROS_UART.elf" @"objects.list"  -lmicroros -mcpu=cortex-m4 -T"/home/kireiji/Documents/GitHub/CARVER/AMT212E-V/AMT212E-V/AMT212E-V_Micro-ROS/firmware/AMT212E-V_Micro-ROS_UART/STM32G474RETX_FLASH.ld" --specs=nosys.specs -Wl,-Map="AMT212E-V_Micro-ROS_UART.map" -Wl,--gc-sections -static -L../micro_ros_stm32cubemx_utils/microros_static_library_ide/libmicroros --specs=nano.specs -mfpu=fpv4-sp-d16 -mfloat-abi=hard -mthumb -Wl,--start-group -lc -lm -Wl,--end-group
/opt/st/stm32cubeide_1.16.1/plugins/com.st.stm32cube.ide.mcu.externaltools.gnu-tools-for-stm32.12.3.rel1.linux64_1.0.200.202406132123/tools/bin/../lib/gcc/arm-none-eabi/12.3.1/../../../../arm-none-eabi/bin/ld: /opt/st/stm32cubeide_1.16.1/plugins/com.st.stm32cube.ide.mcu.externaltools.gnu-tools-for-stm32.12.3.rel1.linux64_1.0.200.202406132123/tools/bin/../lib/gcc/arm-none-eabi/12.3.1/../../../../arm-none-eabi/lib/thumb/v7e-m+fp/hard/libc_nano.a(libc_a-gettimeofdayr.o): in function `_gettimeofday_r':
(.text._gettimeofday_r+0xe): warning: _gettimeofday is not implemented and will always fail
Finished building target: AMT212E-V_Micro-ROS_UART.elf
 
arm-none-eabi-size  AMT212E-V_Micro-ROS_UART.elf 
arm-none-eabi-objdump -h -S AMT212E-V_Micro-ROS_UART.elf  > "AMT212E-V_Micro-ROS_UART.list"
   text	   data	    bss	    dec	    hex	filename
 110652	    488	  46176	 157316	  26684	AMT212E-V_Micro-ROS_UART.elf
Finished building: default.size.stdout
 
Finished building: AMT212E-V_Micro-ROS_UART.list
 
20:51:46 **** Incremental Build of configuration Debug for project AMT212E-V_Micro-ROS_UART ****
make -j16 all 
echo "Kireiji_02" | sudo -S docker pull microros/micro_ros_static_library_builder:humble && echo "Kireiji_02" | sudo -S docker run --rm -v /home/kireiji/Documents/GitHub/CARVER/AMT212E-V/AMT212E-V/AMT212E-V_Micro-ROS/firmware/AMT212E-V_Micro-ROS_UART:/project --env MICROROS_LIBRARY_FOLDER=micro_ros_stm32cubemx_utils/microros_static_library_ide microros/micro_ros_static_library_builder:humble
humble: Pulling from microros/micro_ros_static_library_builder
Digest: sha256:83ab4e8ce95b2a62feb5dd270ad4460218d2d026a455ea32a5873cf629aa1e99
Status: Image is up to date for microros/micro_ros_static_library_builder:humble
docker.io/microros/micro_ros_static_library_builder:humble
[sudo] password for kireiji: dos2unix: converting file /project/micro_ros_stm32cubemx_utils/microros_static_library_ide/library_generation/library_generation.sh to Unix format...
micro-ROS library found. Skipping...
Delete micro_ros_stm32cubemx_utils/microros_static_library_ide/libmicroros/ for rebuild.
 
arm-none-eabi-gcc "../Core/Src/app_freertos.c" -mcpu=cortex-m4 -std=gnu11 -g3 -DDEBUG -DUSE_HAL_DRIVER -DSTM32G474xx -c -I../Core/Inc -I../micro_ros_stm32cubemx_utils/microros_static_library_ide/libmicroros/include -I../Drivers/STM32G4xx_HAL_Driver/Inc -I../Drivers/STM32G4xx_HAL_Driver/Inc/Legacy -I../Drivers/CMSIS/Device/ST/STM32G4xx/Include -I../Drivers/CMSIS/Include -I../Middlewares/Third_Party/FreeRTOS/Source/include -I../Middlewares/Third_Party/FreeRTOS/Source/CMSIS_RTOS_V2 -I../Middlewares/Third_Party/FreeRTOS/Source/portable/GCC/ARM_CM4F -O0 -ffunction-sections -fdata-sections -Wall -fstack-usage -fcyclomatic-complexity -MMD -MP -MF"Core/Src/app_freertos.d" -MT"Core/Src/app_freertos.o" --specs=nano.specs -mfpu=fpv4-sp-d16 -mfloat-abi=hard -mthumb -o "Core/Src/app_freertos.o"
arm-none-eabi-gcc "../Core/Src/main.c" -mcpu=cortex-m4 -std=gnu11 -g3 -DDEBUG -DUSE_HAL_DRIVER -DSTM32G474xx -c -I../Core/Inc -I../micro_ros_stm32cubemx_utils/microros_static_library_ide/libmicroros/include -I../Drivers/STM32G4xx_HAL_Driver/Inc -I../Drivers/STM32G4xx_HAL_Driver/Inc/Legacy -I../Drivers/CMSIS/Device/ST/STM32G4xx/Include -I../Drivers/CMSIS/Include -I../Middlewares/Third_Party/FreeRTOS/Source/include -I../Middlewares/Third_Party/FreeRTOS/Source/CMSIS_RTOS_V2 -I../Middlewares/Third_Party/FreeRTOS/Source/portable/GCC/ARM_CM4F -O0 -ffunction-sections -fdata-sections -Wall -fstack-usage -fcyclomatic-complexity -MMD -MP -MF"Core/Src/main.d" -MT"Core/Src/main.o" --specs=nano.specs -mfpu=fpv4-sp-d16 -mfloat-abi=hard -mthumb -o "Core/Src/main.o"
arm-none-eabi-gcc -o "AMT212E-V_Micro-ROS_UART.elf" @"objects.list"  -lmicroros -mcpu=cortex-m4 -T"/home/kireiji/Documents/GitHub/CARVER/AMT212E-V/AMT212E-V/AMT212E-V_Micro-ROS/firmware/AMT212E-V_Micro-ROS_UART/STM32G474RETX_FLASH.ld" --specs=nosys.specs -Wl,-Map="AMT212E-V_Micro-ROS_UART.map" -Wl,--gc-sections -static -L../micro_ros_stm32cubemx_utils/microros_static_library_ide/libmicroros --specs=nano.specs -mfpu=fpv4-sp-d16 -mfloat-abi=hard -mthumb -Wl,--start-group -lc -lm -Wl,--end-group
/opt/st/stm32cubeide_1.16.1/plugins/com.st.stm32cube.ide.mcu.externaltools.gnu-tools-for-stm32.12.3.rel1.linux64_1.0.200.202406132123/tools/bin/../lib/gcc/arm-none-eabi/12.3.1/../../../../arm-none-eabi/bin/ld: /opt/st/stm32cubeide_1.16.1/plugins/com.st.stm32cube.ide.mcu.externaltools.gnu-tools-for-stm32.12.3.rel1.linux64_1.0.200.202406132123/tools/bin/../lib/gcc/arm-none-eabi/12.3.1/../../../../arm-none-eabi/lib/thumb/v7e-m+fp/hard/libc_nano.a(libc_a-gettimeofdayr.o): in function `_gettimeofday_r':
(.text._gettimeofday_r+0xe): warning: _gettimeofday is not implemented and will always fail
Finished building target: AMT212E-V_Micro-ROS_UART.elf
 
arm-none-eabi-size  AMT212E-V_Micro-ROS_UART.elf 
arm-none-eabi-objdump -h -S AMT212E-V_Micro-ROS_UART.elf  > "AMT212E-V_Micro-ROS_UART.list"
   text	   data	    bss	    dec	    hex	filename
 110652	    488	  46176	 157316	  26684	AMT212E-V_Micro-ROS_UART.elf
Finished building: default.size.stdout
 
Finished building: AMT212E-V_Micro-ROS_UART.list
 
21:44:23 **** Incremental Build of configuration Debug for project AMT212E-V_Micro-ROS_UART ****
make -j16 all 
echo "Kireiji_02" | sudo -S docker pull microros/micro_ros_static_library_builder:humble && echo "Kireiji_02" | sudo -S docker run --rm -v /home/kireiji/Documents/GitHub/CARVER/AMT212E-V/AMT212E-V/AMT212E-V_Micro-ROS/firmware/AMT212E-V_Micro-ROS_UART:/project --env MICROROS_LIBRARY_FOLDER=micro_ros_stm32cubemx_utils/microros_static_library_ide microros/micro_ros_static_library_builder:humble
humble: Pulling from microros/micro_ros_static_library_builder
Digest: sha256:83ab4e8ce95b2a62feb5dd270ad4460218d2d026a455ea32a5873cf629aa1e99
Status: Image is up to date for microros/micro_ros_static_library_builder:humble
docker.io/microros/micro_ros_static_library_builder:humble
[sudo] password for kireiji: dos2unix: converting file /project/micro_ros_stm32cubemx_utils/microros_static_library_ide/library_generation/library_generation.sh to Unix format...
micro-ROS library found. Skipping...
Delete micro_ros_stm32cubemx_utils/microros_static_library_ide/libmicroros/ for rebuild.
 
arm-none-eabi-gcc "../Core/Src/app_freertos.c" -mcpu=cortex-m4 -std=gnu11 -g3 -DDEBUG -DUSE_HAL_DRIVER -DSTM32G474xx -c -I../Core/Inc -I../micro_ros_stm32cubemx_utils/microros_static_library_ide/libmicroros/include -I../Drivers/STM32G4xx_HAL_Driver/Inc -I../Drivers/STM32G4xx_HAL_Driver/Inc/Legacy -I../Drivers/CMSIS/Device/ST/STM32G4xx/Include -I../Drivers/CMSIS/Include -I../Middlewares/Third_Party/FreeRTOS/Source/include -I../Middlewares/Third_Party/FreeRTOS/Source/CMSIS_RTOS_V2 -I../Middlewares/Third_Party/FreeRTOS/Source/portable/GCC/ARM_CM4F -O0 -ffunction-sections -fdata-sections -Wall -fstack-usage -fcyclomatic-complexity -MMD -MP -MF"Core/Src/app_freertos.d" -MT"Core/Src/app_freertos.o" --specs=nano.specs -mfpu=fpv4-sp-d16 -mfloat-abi=hard -mthumb -o "Core/Src/app_freertos.o"
arm-none-eabi-gcc -o "AMT212E-V_Micro-ROS_UART.elf" @"objects.list"  -lmicroros -mcpu=cortex-m4 -T"/home/kireiji/Documents/GitHub/CARVER/AMT212E-V/AMT212E-V/AMT212E-V_Micro-ROS/firmware/AMT212E-V_Micro-ROS_UART/STM32G474RETX_FLASH.ld" --specs=nosys.specs -Wl,-Map="AMT212E-V_Micro-ROS_UART.map" -Wl,--gc-sections -static -L../micro_ros_stm32cubemx_utils/microros_static_library_ide/libmicroros --specs=nano.specs -mfpu=fpv4-sp-d16 -mfloat-abi=hard -mthumb -Wl,--start-group -lc -lm -Wl,--end-group
/opt/st/stm32cubeide_1.16.1/plugins/com.st.stm32cube.ide.mcu.externaltools.gnu-tools-for-stm32.12.3.rel1.linux64_1.0.200.202406132123/tools/bin/../lib/gcc/arm-none-eabi/12.3.1/../../../../arm-none-eabi/bin/ld: /opt/st/stm32cubeide_1.16.1/plugins/com.st.stm32cube.ide.mcu.externaltools.gnu-tools-for-stm32.12.3.rel1.linux64_1.0.200.202406132123/tools/bin/../lib/gcc/arm-none-eabi/12.3.1/../../../../arm-none-eabi/lib/thumb/v7e-m+fp/hard/libc_nano.a(libc_a-gettimeofdayr.o): in function `_gettimeofday_r':
(.text._gettimeofday_r+0xe): warning: _gettimeofday is not implemented and will always fail
Finished building target: AMT212E-V_Micro-ROS_UART.elf
 
arm-none-eabi-size  AMT212E-V_Micro-ROS_UART.elf 
arm-none-eabi-objdump -h -S AMT212E-V_Micro-ROS_UART.elf  > "AMT212E-V_Micro-ROS_UART.list"
   text	   data	    bss	    dec	    hex	filename
 110764	    488	  46176	 157428	  266f4	AMT212E-V_Micro-ROS_UART.elf
Finished building: default.size.stdout
 
Finished building: AMT212E-V_Micro-ROS_UART.list
 
